"PointID","x","y","Pressure","Velocity_x","Velocity_y","Enthalpy","Turb_Kin_Energy","Omega","Species_0","Species_1"
0, 0.000000000000000e+00, 0.000000000000000e+00, 2.615744261567595e+00, 9.977994424700154e-01, 0.000000000000000e+00, 3.014109000000000e+05, 3.727445065009178e-03, 2.557966940004274e+01, 4.997202588431421e-01, 4.997202587974348e-01
1, 0.000000000000000e+00, 1.500000000000000e-02, 2.716193842701069e+00, 0.000000000000000e+00, 0.000000000000000e+00, 3.014108999999999e+05, 1.000000000000000e-10, 1.719130144669442e+06, 4.991224078103615e-01, 4.991224077207141e-01
2, 4.500000000000000e-02, 1.500000000000000e-02, 2.629373201603704e+00, 0.000000000000000e+00, 0.000000000000000e+00, 3.014109000000000e+05, 1.000000000000000e-10, 1.719130145566324e+06, 5.354291901847261e-01, 3.182611680226706e-01
3, 4.500000000000000e-02, 6.000000000000000e-02, 2.680306869076647e+00, 0.000000000000000e+00, 0.000000000000000e+00, 3.014109000000000e+05, 1.000000000000000e-10, 9.323053395739864e+05, 5.991791151418888e-01, 6.771321044977623e-10
4, 6.000000000000000e-02, 6.000000000000000e-02, 2.679019961163767e+00, 0.000000000000000e+00, 0.000000000000000e+00, 3.014109000000000e+05, 1.000000000000000e-10, 9.323053395664688e+05, 5.989911433855121e-01, 2.530126302037552e-10
5, 6.000000000000000e-02, 1.500000000000000e-02, -2.382246110533462e+00, 0.000000000000000e+00, 0.000000000000000e+00, 3.014109000000000e+05, 1.000000000000000e-10, 1.719130144669442e+06, 5.761522788225364e-01, 8.859378419677507e-03
6, 1.500000000000000e-01, 1.500000000000000e-02, 1.958868314892369e-03, 0.000000000000000e+00, 0.000000000000000e+00, 3.014109000000000e+05, 1.000000000000000e-10, 1.719130145566324e+06, 5.516437462511472e-01, 2.333461460002943e-01
7, 1.500000000000000e-01, 0.000000000000000e+00, 3.150772347562017e-03, 2.493338985569767e+00, 0.000000000000000e+00, 3.014109000000001e+05, 1.444790131413633e-02, 1.414461207978707e+02, 5.469503388672425e-01, 2.660670395335381e-01
8, 6.000000000000000e-02, 0.000000000000000e+00, 8.712856990739974e-01, 2.122266512589346e+00, 0.000000000000000e+00, 3.014108999999999e+05, 1.217594857459169e-02, 1.057918517207438e+02, 5.069386895612391e-01, 4.651558018587938e-01
9, 4.500000000000000e-02, 0.000000000000000e+00, 2.381816348390070e+00, 1.219636665790429e+00, 0.000000000000000e+00, 3.014109000000000e+05, 4.535279410343850e-03, 2.836661285258009e+01, 4.995717276173386e-01, 4.988721890988869e-01
10, 0.000000000000000e+00, 1.574144204846025e-03, 2.616320807648911e+00, 9.978166456628882e-01, -6.868294196319632e-04, 3.014109000000000e+05, 3.727668596947046e-03, 2.558042361311524e+01, 4.997260468508951e-01, 4.997260468040189e-01
11, 0.000000000000000e+00, 2.990873992241717e-03, 2.617940553049484e+00, 9.978744225009337e-01, -1.496982994915035e-03, 3.014108999999998e+05, 3.728438915959842e-03, 2.558342843560007e+01, 4.997469751474167e-01, 4.997469750975659e-01
12, 0.000000000000000e+00, 4.265930797259476e-03, 2.620483448114445e+00, 9.979934467245924e-01, -2.552694759442696e-03, 3.014109000000000e+05, 3.729881432989195e-03, 2.558922012767318e+01, 4.997846871322163e-01, 4.997846870782955e-01
13, 0.000000000000000e+00, 5.413481928202031e-03, 2.623889252323732e+00, 9.982000917011248e-01, -3.929922364090472e-03, 3.014109000000000e+05, 3.732218419706695e-03, 2.559872459294314e+01, 4.998400780409867e-01, 4.998400779824751e-01
14, 0.000000000000000e+00, 6.446277946186980e-03, 2.628120476617824e+00, 9.985199170016487e-01, -5.671868512065454e-03, 3.014108999999999e+05, 3.735742280859106e-03, 2.561328756993638e+01, 4.999130036082112e-01, 4.999130035450230e-01
15, 0.000000000000000e+00, 7.375794360497080e-03, 2.633137081592387e+00, 9.989740838596712e-01, -7.794622117599147e-03, 3.014109000000001e+05, 3.740762603160856e-03, 2.563481052428117e+01, 5.000019566305541e-01, 5.000019565629127e-01
16, 0.000000000000000e+00, 8.212359137849332e-03, 2.638883876478376e+00, 9.995765056330067e-01, -1.028992404617758e-02, 3.014109000000000e+05, 3.747521047883941e-03, 2.566636184068076e+01, 5.001038799700507e-01, 5.001038798983807e-01
17, 0.000000000000000e+00, 8.965267439210984e-03, 2.645286073831214e+00, 1.000331006878443e+00, -1.312777013982148e-02, 3.014108999999999e+05, 3.756078664234608e-03, 2.571419546421338e+01, 5.002142452520293e-01, 5.002142451768710e-01
18, 0.000000000000000e+00, 9.642884908201548e-03, 2.652250449649459e+00, 1.001229028376702e+00, -1.626034017663274e-02, 3.014108999999999e+05, 3.766189730980573e-03, 2.579313767920144e+01, 5.003274349036061e-01, 5.003274348255478e-01
19, 0.000000000000000e+00, 1.025274063979892e-02, 2.659670481488812e+00, 1.002249594503710e+00, -1.962770357008089e-02, 3.014109000000000e+05, 3.777181667368067e-03, 2.593873695130195e+01, 5.004373516688132e-01, 5.004373515884394e-01
20, 0.000000000000000e+00, 1.080161078744714e-02, 2.667434502305970e+00, 1.003363709733604e+00, -2.316488711838816e-02, 3.014109000000000e+05, 3.787865961002659e-03, 2.623113507845872e+01, 5.005380972367609e-01, 5.005380971546126e-01
21, 0.000000000000000e+00, 1.129559391401836e-02, 2.675435949765313e+00, 1.004544617852071e+00, -2.680918061101537e-02, 3.014109000000000e+05, 3.796507968353557e-03, 2.683762139801237e+01, 5.006245375508365e-01, 5.006245374673820e-01
22, 0.000000000000000e+00, 1.174017872895828e-02, 2.683583671008379e+00, 1.005783393022542e+00, -3.050609723661431e-02, 3.014109000000001e+05, 3.800863972645902e-03, 2.808691004571129e+01, 5.006926134695373e-01, 5.006926133851526e-01
23, 0.000000000000000e+00, 1.214030506532672e-02, 2.691807280130467e+00, 1.007107118095684e+00, -3.421214974516160e-02, 3.014109000000000e+05, 3.798223531870127e-03, 3.061011772975571e+01, 5.007393285317464e-01, 5.007393284467074e-01
24, 0.000000000000000e+00, 1.250041877431044e-02, 2.700049209502716e+00, 1.008596349134197e+00, -3.789210993509897e-02, 3.014109000000000e+05, 3.785273892144581e-03, 3.564814061400513e+01, 5.007624149653958e-01, 5.007624148798835e-01
25, 0.000000000000000e+00, 1.282452111726899e-02, 2.708238596221399e+00, 1.010399723629160e+00, -4.150725921372128e-02, 3.014109000000000e+05, 3.757475355731630e-03, 4.578508637077218e+01, 5.007597623995261e-01, 5.007597623136413e-01
26, 0.000000000000000e+00, 1.311621321753564e-02, 2.716259927094140e+00, 1.012742174254397e+00, -4.499201712126547e-02, 3.014108999999999e+05, 3.707546928303602e-03, 6.668736398174185e+01, 5.007288684265858e-01, 5.007288683403693e-01
27, 0.000000000000000e+00, 1.337873610954445e-02, 2.723951182421319e+00, 1.015909593524407e+00, -4.822637423375848e-02, 3.014109000000000e+05, 3.622871583026585e-03, 1.107613567043802e+02, 5.006668392747932e-01, 5.006668391882497e-01
28, 0.000000000000000e+00, 1.361500671951247e-02, 2.731160114870533e+00, 1.020159135917548e+00, -5.102361154274459e-02, 3.014109000000000e+05, 3.483734384295188e-03, 2.030685749190536e+02, 5.005713820634826e-01, 5.005713819766024e-01
29, 0.000000000000000e+00, 1.382765027082014e-02, 2.737810958007912e+00, 1.025517218548413e+00, -5.314068058879433e-02, 3.014109000000000e+05, 3.268426141777556e-03, 3.882328597112927e+02, 5.004422106471978e-01, 5.004422105599732e-01
30, 0.000000000000000e+00, 1.401902946566505e-02, 2.743894285495667e+00, 1.031541996105128e+00, -5.429492758234353e-02, 3.014108999999999e+05, 2.965353380254153e-03, 7.400813866868349e+02, 5.002818678069381e-01, 5.002818677193694e-01
31, 0.000000000000000e+00, 1.419127073662504e-02, 2.749420122664418e+00, 1.037059685980502e+00, -5.417383451804880e-02, 3.014108999999999e+05, 2.579376473843614e-03, 1.385099223091275e+03, 5.000961733778290e-01, 5.000961732899244e-01
32, 0.000000000000000e+00, 1.434628787699931e-02, 2.754372144039301e+00, 1.039647082084812e+00, -5.244578506450767e-02, 3.014108999999999e+05, 2.129088621969844e-03, 2.561744273208871e+03, 4.998945606012395e-01, 4.998945605130120e-01
33, 0.000000000000000e+00, 1.448580330971832e-02, 2.758816547425620e+00, 1.034555379395349e+00, -4.874988048365930e-02, 3.014109000000000e+05, 1.642165850121827e-03, 4.776533321583986e+03, 4.996906710123054e-01, 4.996906709237705e-01
34, 0.000000000000000e+00, 1.461136720245523e-02, 2.762483495345028e+00, 1.012544995118136e+00, -4.276871715151175e-02, 3.014108999999999e+05, 1.151743198752269e-03, 9.273379352787839e+03, 4.995006862603485e-01, 4.995006861715241e-01
35, 0.000000000000000e+00, 1.472437470238818e-02, 2.766690409667219e+00, 9.555919321785055e-01, -3.395551285288038e-02, 3.014109000000000e+05, 6.963476195000258e-04, 1.976697127468112e+04, 4.993478123349517e-01, 4.993478122458581e-01
36, 0.000000000000000e+00, 1.482608144927859e-02, 2.766130573210496e+00, 8.278625271188960e-01, -2.286408156381406e-02, 3.014109000000000e+05, 3.223125730179259e-04, 5.086397528011984e+04, 4.992378994548565e-01, 4.992378993655230e-01
37, 0.000000000000000e+00, 1.491761752497080e-02, 2.785454122630508e+00, 5.590045800151583e-01, -5.740892389970895e-03, 3.014108999999999e+05, 8.462986572945287e-05, 1.947725576573201e+05, 4.992405478441973e-01, 4.992405477546566e-01
38, 4.722432614538001e-03, 1.500000000000000e-02, 2.615712732109687e+00, 0.000000000000000e+00, 0.000000000000000e+00, 3.014109000000000e+05, 1.000000000000000e-10, 1.719130144763344e+06, 4.987597444709619e-01, 4.987597439607658e-01
39, 8.972621976725083e-03, 1.500000000000000e-02, 2.602147125041308e+00, 0.000000000000000e+00, 0.000000000000000e+00, 3.014109000000000e+05, 1.000000000000000e-10, 1.719130144848051e+06, 5.001776653422705e-01, 5.001776625120845e-01
40, 1.279779239177890e-02, 1.500000000000000e-02, 2.593171344156987e+00, 0.000000000000000e+00, 0.000000000000000e+00, 3.014109000000000e+05, 1.000000000000000e-10, 1.719130144924433e+06, 5.005536431567611e-01, 5.005536289905693e-01
41, 1.624044578460677e-02, 1.500000000000000e-02, 2.588564078496220e+00, 0.000000000000000e+00, 0.000000000000000e+00, 3.014109000000000e+05, 1.000000000000000e-10, 1.719130144992850e+06, 5.006013596769701e-01, 5.006012959198146e-01
42, 1.933883383856140e-02, 1.500000000000000e-02, 2.585247715395021e+00, 0.000000000000000e+00, 0.000000000000000e+00, 3.014109000000000e+05, 1.000000000000000e-10, 1.719130145054606e+06, 5.005530311270610e-01, 5.005527719001583e-01
43, 2.212738308149247e-02, 1.500000000000000e-02, 2.582998922704334e+00, 0.000000000000000e+00, 0.000000000000000e+00, 3.014109000000000e+05, 1.000000000000000e-10, 1.719130145110571e+06, 5.005046293734841e-01, 5.005036724511078e-01
44, 2.463707741354748e-02, 1.500000000000000e-02, 2.581566810733934e+00, 0.000000000000000e+00, 0.000000000000000e+00, 3.014109000000000e+05, 1.000000000000000e-10, 1.719130145160671e+06, 5.004705562348067e-01, 5.004673354679063e-01
45, 2.689580231763122e-02, 1.500000000000000e-02, 2.580925218333151e+00, 0.000000000000000e+00, 0.000000000000000e+00, 3.014109000000000e+05, 1.000000000000000e-10, 1.719130145205269e+06, 5.004499248412546e-01, 5.004400043829565e-01
46, 2.892865472460699e-02, 1.500000000000000e-02, 2.581052242501131e+00, 0.000000000000000e+00, 0.000000000000000e+00, 3.014109000000000e+05, 1.000000000000000e-10, 1.719130145245813e+06, 5.004381330379674e-01, 5.004100734472362e-01
47, 3.075822191939613e-02, 1.500000000000000e-02, 2.581918551366297e+00, 0.000000000000000e+00, 0.000000000000000e+00, 3.014109000000000e+05, 1.000000000000000e-10, 1.719130145282519e+06, 5.004331249976094e-01, 5.003600001670211e-01
48, 3.240483236233729e-02, 1.500000000000000e-02, 2.583468912233373e+00, 0.000000000000000e+00, 0.000000000000000e+00, 3.014109000000000e+05, 1.000000000000000e-10, 1.719130145315461e+06, 5.004373407030445e-01, 5.002611576676120e-01
49, 3.388678174205521e-02, 1.500000000000000e-02, 2.585619143703243e+00, 0.000000000000000e+00, 0.000000000000000e+00, 3.014109000000000e+05, 1.000000000000000e-10, 1.719130145344710e+06, 5.004591277109488e-01, 5.000652872447231e-01
50, 3.522053618687569e-02, 1.500000000000000e-02, 2.588260840033109e+00, 0.000000000000000e+00, 0.000000000000000e+00, 3.014109000000000e+05, 1.000000000000000e-10, 1.719130145371425e+06, 5.005141107423761e-01, 4.996942230036266e-01
51, 3.642091519597882e-02, 1.500000000000000e-02, 2.591272552967838e+00, 0.000000000000000e+00, 0.000000000000000e+00, 3.014109000000000e+05, 1.000000000000000e-10, 1.719130145395172e+06, 5.006263983736917e-01, 4.990306091659075e-01
52, 3.750125632292769e-02, 1.500000000000000e-02, 2.594528847516202e+00, 0.000000000000000e+00, 0.000000000000000e+00, 3.014109000000000e+05, 1.000000000000000e-10, 1.719130145416892e+06, 5.008288063939084e-01, 4.979128659026620e-01
53, 3.847356335180746e-02, 1.500000000000000e-02, 2.597909717126662e+00, 0.000000000000000e+00, 0.000000000000000e+00, 3.014109000000000e+05, 1.000000000000000e-10, 1.719130145436078e+06, 5.011617239919630e-01, 4.961379383970339e-01
54, 3.934863965260828e-02, 1.500000000000000e-02, 2.601307946703750e+00, 0.000000000000000e+00, 0.000000000000000e+00, 3.014109000000000e+05, 1.000000000000000e-10, 1.719130145453599e+06, 5.016703929218080e-01, 4.934734630591361e-01
55, 4.013620832863377e-02, 1.500000000000000e-02, 2.604635203151172e+00, 0.000000000000000e+00, 0.000000000000000e+00, 3.014109000000000e+05, 1.000000000000000e-10, 1.719130145469454e+06, 5.024009363101012e-01, 4.896781437559058e-01
56, 4.084502015853671e-02, 1.500000000000000e-02, 2.607823758439998e+00, 0.000000000000000e+00, 0.000000000000000e+00, 3.014109000000000e+05, 1.000000000000000e-10, 1.719130145483644e+06, 5.033957830912843e-01, 4.845260481015387e-01
57, 4.148295081246001e-02, 1.500000000000000e-02, 2.610825932527316e+00, 0.000000000000000e+00, 0.000000000000000e+00, 3.014109000000000e+05, 1.000000000000000e-10, 1.719130145496170e+06, 5.046895994377059e-01, 4.778290531533546e-01
58, 4.205708839699322e-02, 1.500000000000000e-02, 2.613612450387649e+00, 0.000000000000000e+00, 0.000000000000000e+00, 3.014109000000000e+05, 1.000000000000000e-10, 1.719130145507898e+06, 5.063067595014268e-01, 4.694517575145359e-01
59, 4.257381220987533e-02, 1.500000000000000e-02, 2.616168709470986e+00, 0.000000000000000e+00, 0.000000000000000e+00, 3.014109000000000e+05, 1.000000000000000e-10, 1.719130145517889e+06, 5.082610340541450e-01, 4.593146651092969e-01
60, 4.303886363099783e-02, 1.500000000000000e-02, 2.618490962258109e+00, 0.000000000000000e+00, 0.000000000000000e+00, 3.014109000000000e+05, 1.000000000000000e-10, 1.719130145527084e+06, 5.105579413955955e-01, 4.473833472980256e-01
61, 4.345740992915560e-02, 1.500000000000000e-02, 2.620582496045434e+00, 0.000000000000000e+00, 0.000000000000000e+00, 3.014109000000000e+05, 1.000000000000000e-10, 1.719130145535410e+06, 5.132001061292623e-01, 4.336416765306615e-01
62, 4.383410160736598e-02, 1.500000000000000e-02, 2.622448777548914e+00, 0.000000000000000e+00, 0.000000000000000e+00, 3.014109000000000e+05, 1.000000000000000e-10, 1.719130145542939e+06, 5.161967015239917e-01, 4.180435918853556e-01
63, 4.417312410716411e-02, 1.500000000000000e-02, 2.624087021969151e+00, 0.000000000000000e+00, 0.000000000000000e+00, 3.014109000000000e+05, 1.000000000000000e-10, 1.719130145549600e+06, 5.195811855590969e-01, 4.004225059635035e-01
64, 4.447824434783570e-02, 1.500000000000000e-02, 2.625432507763403e+00, 0.000000000000000e+00, 0.000000000000000e+00, 3.014109000000000e+05, 1.000000000000000e-10, 1.719130145555899e+06, 5.234537719239247e-01, 3.802730544453454e-01
65, 4.475285257491243e-02, 1.500000000000000e-02, 2.626512450520493e+00, 0.000000000000000e+00, 0.000000000000000e+00, 3.014109000000000e+05, 1.000000000000000e-10, 1.719130145561329e+06, 5.281418296515499e-01, 3.559232671955995e-01
66, 4.500000000000000e-02, 1.491761752499229e-02, 2.628505537672658e+00, 3.315072555742255e-03, -4.337702079854724e-04, 3.014109000000000e+05, 6.426111783238481e-08, 1.915986921502388e+05, 5.338965713690424e-01, 3.261223854014793e-01
67, 4.500000000000000e-02, 1.482608144932620e-02, 2.628614506352016e+00, 1.043630227737364e-02, -1.094950531555859e-03, 3.014109000000000e+05, 6.156596670134539e-07, 4.849632869044082e+04, 5.325123179912744e-01, 3.332341634274243e-01
68, 4.500000000000000e-02, 1.472437470246734e-02, 2.628676146056415e+00, 2.180010623274539e-02, -2.174603583620008e-03, 3.014109000000000e+05, 2.734185881697856e-06, 1.848114315878127e+04, 5.311993627015077e-01, 3.399944495466315e-01
69, 4.500000000000000e-02, 1.461136720257259e-02, 2.628763728139089e+00, 3.830045329626432e-02, -3.791001623606646e-03, 3.014109000000000e+05, 8.388756887903215e-06, 8.951074599032467e+03, 5.299038313551816e-01, 3.466908746200107e-01
70, 4.500000000000000e-02, 1.448580330989022e-02, 2.628854408708109e+00, 6.115903624409776e-02, -6.162038397458942e-03, 3.014109000000000e+05, 2.108905683866231e-05, 5.098410301736407e+03, 5.285871366468613e-01, 3.535320932610718e-01
71, 4.500000000000000e-02, 1.434628787721634e-02, 2.628947127955046e+00, 9.187910778454661e-02, -9.580565932123673e-03, 3.014109000000000e+05, 4.708427078064275e-05, 3.282510930397460e+03, 5.272220218044471e-01, 3.606716118085581e-01
72, 4.500000000000000e-02, 1.419127073690665e-02, 2.629044807730981e+00, 1.322086854532278e-01, -1.441510095229097e-02, 3.014109000000000e+05, 9.709467369523769e-05, 2.341459770142581e+03, 5.257895756864484e-01, 3.682226754945240e-01
73, 4.500000000000000e-02, 1.401902946602282e-02, 2.629144122334429e+00, 1.840032077983183e-01, -2.109542183589772e-02, 3.014109000000000e+05, 1.878955951770047e-04, 1.831191042154019e+03, 5.242774510041389e-01, 3.762650246728287e-01
74, 4.500000000000000e-02, 1.382765027126710e-02, 2.629216008763009e+00, 2.489309942320102e-01, -3.007003224759224e-02, 3.014109000000000e+05, 3.412276319555292e-04, 1.551858165966232e+03, 5.226789412716611e-01, 3.848442698595712e-01
75, 4.500000000000000e-02, 1.361500672009480e-02, 2.629171129173291e+00, 3.279852799010734e-01, -4.172313815623829e-02, 3.014109000000000e+05, 5.756970981142920e-04, 1.394492559999485e+03, 5.209925573806833e-01, 3.939651853051295e-01
76, 4.500000000000000e-02, 1.337873611021916e-02, 2.628817936044398e+00, 4.208733924616146e-01, -5.625082755003560e-02, 3.014109000000000e+05, 8.906527414240960e-04, 1.288250683924883e+03, 5.192219282233942e-01, 4.035813139925898e-01
77, 4.500000000000000e-02, 1.311621321835302e-02, 2.627845636578581e+00, 5.254952566147041e-01, -7.352042087071350e-02, 3.014109000000000e+05, 1.251557928735516e-03, 1.184454494725726e+03, 5.173758923952347e-01, 4.135850014518005e-01
78, 4.500000000000000e-02, 1.282452111825317e-02, 2.625775498057120e+00, 6.372904304720571e-01, -9.293150368831538e-02, 3.014109000000000e+05, 1.624132347213996e-03, 1.053828908862281e+03, 5.154684759921276e-01, 4.238009061443980e-01
79, 4.500000000000000e-02, 1.250041877555430e-02, 2.621980574632299e+00, 7.489748335517525e-01, -1.133293950373956e-01, 3.014109000000000e+05, 1.964663205641446e-03, 8.879685816575178e+02, 5.135201325292282e-01, 4.339912765774058e-01
80, 4.500000000000000e-02, 1.214030506672970e-02, 2.615764790966933e+00, 8.515996537033179e-01, -1.330592726504977e-01, 3.014109000000000e+05, 2.234184443795188e-03, 6.991866363781936e+02, 5.115607170871955e-01, 4.438819210591277e-01
81, 4.500000000000000e-02, 1.174017873062197e-02, 2.606692754676231e+00, 9.371183258250096e-01, -1.502796672729393e-01, 3.014109000000000e+05, 2.422092188191862e-03, 5.124806215662987e+02, 5.096363143388195e-01, 4.532083211419000e-01
82, 4.500000000000000e-02, 1.129559391598305e-02, 2.594800899017287e+00, 1.001285653621658e+00, -1.635006977835109e-01, 3.014109000000001e+05, 2.580004294528408e-03, 3.517470176897586e+02, 5.078119037630070e-01, 4.617620391976485e-01
83, 4.500000000000000e-02, 1.080161078975803e-02, 2.580481991391919e+00, 1.045161354422825e+00, -1.720481272365198e-01, 3.014108999999999e+05, 2.767590959346999e-03, 2.297370333118621e+02, 5.061610304185148e-01, 4.694123514890976e-01
84, 4.500000000000000e-02, 1.025274064251034e-02, 2.564158815811282e+00, 1.074132056600549e+00, -1.761278903157338e-01, 3.014108999999998e+05, 3.006535242578104e-03, 1.465574206550407e+02, 5.047426464663916e-01, 4.760939225884844e-01
85, 4.500000000000000e-02, 9.642884911550830e-03, 2.545965380035384e+00, 1.094846801101478e+00, -1.763968713495759e-01, 3.014108999999998e+05, 3.283342436876524e-03, 9.458068371646812e+01, 5.035771877776006e-01, 4.817773983026709e-01
86, 4.500000000000000e-02, 8.965267442911535e-03, 2.525855069653376e+00, 1.112308955366303e+00, -1.733611727263911e-01, 3.014108999999998e+05, 3.573881487531412e-03, 6.412911842127339e+01, 5.026440083408346e-01, 4.864607021607603e-01
87, 4.500000000000000e-02, 8.212359142396607e-03, 2.504036108930332e+00, 1.128998723746006e+00, -1.670762641267779e-01, 3.014109000000000e+05, 3.856310928027134e-03, 4.699899035018939e+01, 5.019027377982163e-01, 4.901889853820079e-01
88, 4.500000000000000e-02, 7.375794365501551e-03, 2.481190485203744e+00, 1.145640303848263e+00, -1.572536905373330e-01, 3.014109000000000e+05, 4.108625467706036e-03, 3.759802163455731e+01, 5.013144834733562e-01, 4.930643658910863e-01
89, 4.500000000000000e-02, 6.446277951977990e-03, 2.458205157800157e+00, 1.162223615383212e+00, -1.434576280316049e-01, 3.014109000000000e+05, 4.276102821067202e-03, 3.257928695587972e+01, 5.008445403728322e-01, 4.952182027552695e-01
90, 4.500000000000000e-02, 5.413481934892678e-03, 2.436013546234775e+00, 1.178446795770959e+00, -1.251972749182957e-01, 3.014109000000000e+05, 4.381409056780020e-03, 3.004732825039519e+01, 5.004614318440931e-01, 4.967704421913549e-01
91, 4.500000000000000e-02, 4.265930804978347e-03, 2.415729030573712e+00, 1.193624451630405e+00, -1.019752892977454e-01, 3.014109000000000e+05, 4.451364455950594e-03, 2.890688295474434e+01, 5.001416711828574e-01, 4.978229103951610e-01
92, 4.500000000000000e-02, 2.990874001135192e-03, 2.398702081368042e+00, 1.206644363351257e+00, -7.339936391861480e-02, 3.014109000000000e+05, 4.498300352757190e-03, 2.849048564768896e+01, 4.998741718802054e-01, 4.984662877531989e-01
93, 4.500000000000000e-02, 1.574144215583106e-03, 2.386601288271936e+00, 1.215984358027114e+00, -3.931093002542044e-02, 3.014108999999998e+05, 4.526311995746043e-03, 2.838437745174893e+01, 4.996673002109253e-01, 4.987870227999626e-01
94, 4.475285257497685e-02, 0.000000000000000e+00, 2.389206438868504e+00, 1.213506555858326e+00, 0.000000000000000e+00, 3.014109000000000e+05, 4.496870238015298e-03, 2.814037929379640e+01, 4.995807829563016e-01, 4.989535622091614e-01
95, 4.447824434797871e-02, 0.000000000000000e+00, 2.397123133700899e+00, 1.206938917118997e+00, 0.000000000000000e+00, 3.014109000000000e+05, 4.451784861014467e-03, 2.787710679618005e+01, 4.995892103980682e-01, 4.990327218895056e-01
96, 4.417312410740234e-02, 0.000000000000000e+00, 2.405520850744195e+00, 1.199929273224090e+00, 0.000000000000000e+00, 3.014109000000000e+05, 4.401322871413577e-03, 2.759844465467112e+01, 4.995970855879718e-01, 4.991090446143912e-01
97, 4.383410160771736e-02, 0.000000000000000e+00, 2.414380906698318e+00, 1.192483670078166e+00, 0.000000000000000e+00, 3.014109000000000e+05, 4.345748759334504e-03, 2.731182837774362e+01, 4.996046196127938e-01, 4.991820552774939e-01
98, 4.345740992966986e-02, 0.000000000000000e+00, 2.423674814157103e+00, 1.184616443384894e+00, 0.000000000000000e+00, 3.014109000000001e+05, 4.284900621015879e-03, 2.702134233299054e+01, 4.996120105435397e-01, 4.992512962746526e-01
99, 4.303886363164897e-02, 0.000000000000000e+00, 2.433362528453828e+00, 1.176352087872700e+00, 0.000000000000000e+00, 3.014109000000000e+05, 4.218448660969125e-03, 2.673063534646393e+01, 4.996194692768637e-01, 4.993163740866751e-01
100, 4.257381221071960e-02, 0.000000000000000e+00, 2.443390658826611e+00, 1.167726734576289e+00, 0.000000000000000e+00, 3.014109000000000e+05, 4.145993627099776e-03, 2.644360828720689e+01, 4.996272090758141e-01, 4.993769710419120e-01
101, 4.205708839806965e-02, 0.000000000000000e+00, 2.453694675131061e+00, 1.158788926418316e+00, 0.000000000000000e+00, 3.014108999999998e+05, 4.067102653215538e-03, 2.616448908934801e+01, 4.996354418247824e-01, 4.994328646806287e-01
102, 4.148295081380234e-02, 0.000000000000000e+00, 2.464200592690456e+00, 1.149600446700590e+00, 0.000000000000000e+00, 3.014109000000000e+05, 3.989531815550233e-03, 2.589775324170832e+01, 4.996443778883672e-01, 4.994839459724821e-01
103, 4.084502016028490e-02, 0.000000000000000e+00, 2.474819989863919e+00, 1.140236228409733e+00, 0.000000000000000e+00, 3.014109000000000e+05, 3.916638117987162e-03, 2.564790658914331e+01, 4.996541939119528e-01, 4.995302156357160e-01
104, 4.013620833065643e-02, 0.000000000000000e+00, 2.485449841465767e+00, 1.130783014797430e+00, 0.000000000000000e+00, 3.014109000000000e+05, 3.849937133283365e-03, 2.541920827946697e+01, 4.996650282326263e-01, 4.995718064885363e-01
105, 3.934863965505814e-02, 0.000000000000000e+00, 2.495978053191392e+00, 1.121337621798481e+00, 0.000000000000000e+00, 3.014109000000001e+05, 3.790394149861894e-03, 2.521543617681716e+01, 4.996770096600300e-01, 4.996090222942909e-01
106, 3.847356335476015e-02, 0.000000000000000e+00, 2.506288252372790e+00, 1.112003634022433e+00, 0.000000000000000e+00, 3.014108999999999e+05, 3.738674800681685e-03, 2.503964727149355e+01, 4.996902713086003e-01, 4.996423467980523e-01
107, 3.750125632666523e-02, 0.000000000000000e+00, 2.516265529404780e+00, 1.102886656354757e+00, 0.000000000000000e+00, 3.014108999999999e+05, 3.695162418489586e-03, 2.489396043516258e+01, 4.997049703343231e-01, 4.996724433611752e-01
108, 3.642091520018979e-02, 0.000000000000000e+00, 2.525803276610836e+00, 1.094088146491243e+00, 0.000000000000000e+00, 3.014108999999999e+05, 3.659943029258813e-03, 2.477940660193891e+01, 4.997213109750325e-01, 4.997001424014054e-01
109, 3.522053619186313e-02, 0.000000000000000e+00, 2.534810960413759e+00, 1.085697984811651e+00, 0.000000000000000e+00, 3.014108999999999e+05, 3.632806592222280e-03, 2.469588297617826e+01, 4.997395666882055e-01, 4.997264147564804e-01
110, 3.388678174794400e-02, 0.000000000000000e+00, 2.543222439831889e+00, 1.077786107983766e+00, 0.000000000000000e+00, 3.014109000000000e+05, 3.613276313148423e-03, 2.464223264548295e+01, 4.997600966012434e-01, 4.997523318151829e-01
111, 3.240483236927374e-02, 0.000000000000000e+00, 2.551004333214990e+00, 1.070393690567123e+00, 0.000000000000000e+00, 3.014109000000000e+05, 3.600666405056025e-03, 2.461644912987059e+01, 4.997833534597496e-01, 4.997790180058987e-01
112, 3.075822192752611e-02, 0.000000000000000e+00, 2.558163844471101e+00, 1.063524477988752e+00, 0.000000000000000e+00, 3.014109000000000e+05, 3.594161745931874e-03, 2.461597938612202e+01, 4.998098837521147e-01, 4.998076055564294e-01
113, 2.892865473464586e-02, 0.000000000000000e+00, 2.564755714769892e+00, 1.057136853307212e+00, 0.000000000000000e+00, 3.014109000000000e+05, 3.592907190393139e-03, 2.463807467916775e+01, 4.998403257467206e-01, 4.998392045441290e-01
114, 2.689580232873083e-02, 0.000000000000000e+00, 2.570887737652479e+00, 1.051137160326771e+00, 0.000000000000000e+00, 3.014109000000000e+05, 3.596090616788988e-03, 2.468012322069109e+01, 4.998753970544779e-01, 4.998748827306799e-01
115, 2.463707742718671e-02, 0.000000000000000e+00, 2.576726864849305e+00, 1.045374344135799e+00, 0.000000000000000e+00, 3.014109000000000e+05, 3.603003615253523e-03, 2.473989888959791e+01, 4.999158468425726e-01, 4.999156279407749e-01
116, 2.212738309650146e-02, 0.000000000000000e+00, 2.582501628184405e+00, 1.039637317567867e+00, 0.000000000000000e+00, 3.014109000000000e+05, 3.613066550195331e-03, 2.481566684444755e+01, 4.999621131775570e-01, 4.999620271098390e-01
117, 1.933883385593199e-02, 0.000000000000000e+00, 2.588520000964448e+00, 1.033655558981289e+00, 0.000000000000000e+00, 3.014109000000000e+05, 3.625813593452760e-03, 2.490612712185464e+01, 5.000134061264413e-01, 5.000133749894413e-01
118, 1.624044580467594e-02, 0.000000000000000e+00, 2.595122809982105e+00, 1.027126127476986e+00, 0.000000000000000e+00, 3.014109000000000e+05, 3.640838388760251e-03, 2.501013588417646e+01, 5.000638388674424e-01, 5.000638285403974e-01
119, 1.279779241493711e-02, 0.000000000000000e+00, 2.602748927337735e+00, 1.019772902792107e+00, 0.000000000000000e+00, 3.014109000000000e+05, 3.657778737415316e-03, 2.512658133597060e+01, 5.000970234218410e-01, 5.000970202928662e-01
120, 8.972622003404020e-03, 0.000000000000000e+00, 2.610999682085899e+00, 1.011661368319301e+00, 0.000000000000000e+00, 3.014109000000000e+05, 3.676467610756962e-03, 2.525447324119074e+01, 5.000653855558392e-01, 5.000653846937100e-01
121, 4.722432646746079e-03, 0.000000000000000e+00, 2.619052189886927e+00, 1.003447583829700e+00, 0.000000000000000e+00, 3.014109000000000e+05, 3.698186713610857e-03, 2.539908257800189e+01, 4.999306165534228e-01, 4.999306163396422e-01
122, 4.500000000000000e-02, 1.524714742502326e-02, 2.636069009880449e+00, 0.000000000000000e+00, 0.000000000000000e+00, 3.014109000000000e+05, 1.000000000000000e-10, 9.323053395665846e+05, 5.432094971376730e-01, 2.787783475011994e-01
123, 4.500000000000000e-02, 1.552175565202148e-02, 2.635958543196389e+00, 0.000000000000000e+00, 0.000000000000000e+00, 3.014109000000000e+05, 1.000000000000000e-10, 9.323053395663532e+05, 5.488210303442580e-01, 2.504884474833459e-01
124, 4.500000000000000e-02, 1.582687589259794e-02, 2.634290590261477e+00, 0.000000000000000e+00, 0.000000000000000e+00, 3.014109000000000e+05, 1.000000000000000e-10, 9.323053395667002e+05, 5.539074918800341e-01, 2.250764945691453e-01
125, 4.500000000000000e-02, 1.616589839228196e-02, 2.632406502081807e+00, 0.000000000000000e+00, 0.000000000000000e+00, 3.014109000000000e+05, 1.000000000000000e-10, 9.323053395668158e+05, 5.588122063640245e-01, 2.008348160955105e-01
126, 4.500000000000000e-02, 1.654259007032840e-02, 2.630676268300940e+00, 0.000000000000000e+00, 0.000000000000000e+00, 3.014109000000000e+05, 1.000000000000000e-10, 9.323053395667002e+05, 5.636489105776280e-01, 1.772356006164184e-01
127, 4.500000000000000e-02, 1.696113636834971e-02, 2.629208125450309e+00, 0.000000000000000e+00, 0.000000000000000e+00, 3.014109000000000e+05, 1.000000000000000e-10, 9.323053395667002e+05, 5.684470753471969e-01, 1.541431889881382e-01
128, 4.500000000000000e-02, 1.742618778927955e-02, 2.627932253205171e+00, 0.000000000000000e+00, 0.000000000000000e+00, 3.014109000000000e+05, 1.000000000000000e-10, 9.323053395667002e+05, 5.731858191821008e-01, 1.316323774802423e-01
129, 4.500000000000000e-02, 1.794291160193106e-02, 2.626675719190842e+00, 0.000000000000000e+00, 0.000000000000000e+00, 3.014109000000000e+05, 1.000000000000000e-10, 9.323053395668158e+05, 5.778074317030328e-01, 1.099252693320813e-01
130, 4.500000000000000e-02, 1.851704918619614e-02, 2.625236489232005e+00, 0.000000000000000e+00, 0.000000000000000e+00, 3.014109000000000e+05, 1.000000000000000e-10, 9.323053395668158e+05, 5.822275459673711e-01, 8.935239646952889e-02
131, 4.500000000000000e-02, 1.915497983971229e-02, 2.623413035380507e+00, 0.000000000000000e+00, 0.000000000000000e+00, 3.014109000000000e+05, 1.000000000000000e-10, 9.323053395671627e+05, 5.863436224515126e-01, 7.032164043214030e-02
132, 4.500000000000000e-02, 1.986379166934134e-02, 2.621019482050193e+00, 0.000000000000000e+00, 0.000000000000000e+00, 3.014109000000000e+05, 1.000000000000000e-10, 9.323053395671627e+05, 5.900494326915821e-01, 5.325955126503479e-02
133, 4.500000000000000e-02, 2.065136034494007e-02, 2.617887522529543e+00, 0.000000000000000e+00, 0.000000000000000e+00, 3.014109000000000e+05, 1.000000000000000e-10, 9.323053395673940e+05, 5.932484028323710e-01, 3.855711372830747e-02
134, 4.500000000000000e-02, 2.152643664523915e-02, 2.613870929276104e+00, 0.000000000000000e+00, 0.000000000000000e+00, 3.014109000000000e+05, 1.000000000000000e-10, 9.323053395675097e+05, 5.958733256131177e-01, 2.648679869260019e-02
135, 4.500000000000000e-02, 2.249874367333603e-02, 2.608857955862274e+00, 0.000000000000000e+00, 0.000000000000000e+00, 3.014109000000000e+05, 1.000000000000000e-10, 9.323053395677409e+05, 5.979026870871555e-01, 1.713404080484848e-02
136, 4.500000000000000e-02, 2.357908479980877e-02, 2.602791654632663e+00, 0.000000000000000e+00, 0.000000000000000e+00, 3.014109000000000e+05, 1.000000000000000e-10, 9.323053395679725e+05, 5.993698728143709e-01, 1.035516538876942e-02
137, 4.500000000000000e-02, 2.477946380813499e-02, 2.595711822010099e+00, 0.000000000000000e+00, 0.000000000000000e+00, 3.014109000000000e+05, 1.000000000000000e-10, 9.323053395679725e+05, 6.003563125002971e-01, 5.801144824000741e-03
138, 4.500000000000000e-02, 2.611321825205073e-02, 2.587801524256033e+00, 0.000000000000000e+00, 0.000000000000000e+00, 3.014109000000000e+05, 1.000000000000000e-10, 9.323053395683194e+05, 6.009717207730941e-01, 2.991309696396872e-03
139, 4.500000000000000e-02, 2.759516763072238e-02, 2.579425021289902e+00, 0.000000000000000e+00, 0.000000000000000e+00, 3.014108999999999e+05, 1.000000000000000e-10, 9.323053395685507e+05, 6.013286159261577e-01, 1.411453207826204e-03
140, 4.500000000000000e-02, 2.924177807247015e-02, 2.571133074783703e+00, 0.000000000000000e+00, 0.000000000000000e+00, 3.014109000000000e+05, 1.000000000000000e-10, 9.323053395688976e+05, 6.015202365521196e-01, 6.068367804202637e-04
141, 4.500000000000000e-02, 3.107134526534963e-02, 2.563615302034373e+00, 0.000000000000000e+00, 0.000000000000000e+00, 3.014109000000000e+05, 1.000000000000000e-10, 9.323053395690132e+05, 6.016109008198564e-01, 2.371015625433565e-04
142, 4.500000000000000e-02, 3.310419767126908e-02, 2.557594187701190e+00, 0.000000000000000e+00, 0.000000000000000e+00, 3.014109000000000e+05, 1.000000000000000e-10, 9.323053395694761e+05, 6.016398627009865e-01, 8.408926851440375e-05
143, 4.500000000000000e-02, 3.536292257281871e-02, 2.553715983591877e+00, 0.000000000000000e+00, 0.000000000000000e+00, 3.014109000000000e+05, 1.000000000000000e-10, 9.323053395698230e+05, 6.016334041762287e-01, 2.706597602233504e-05
144, 4.500000000000000e-02, 3.787261690349689e-02, 2.552485691222942e+00, 0.000000000000000e+00, 0.000000000000000e+00, 3.014109000000000e+05, 1.000000000000000e-10, 9.323053395704012e+05, 6.016152469228702e-01, 7.908919247686788e-06
145, 4.500000000000000e-02, 4.066116614407014e-02, 2.554264651246586e+00, 0.000000000000000e+00, 0.000000000000000e+00, 3.014109000000000e+05, 1.000000000000000e-10, 9.323053395708638e+05, 6.016044627099661e-01, 2.098365628026362e-06
146, 4.500000000000000e-02, 4.375955419532046e-02, 2.559444704762720e+00, 0.000000000000000e+00, 0.000000000000000e+00, 3.014109000000000e+05, 1.000000000000000e-10, 9.323053395713264e+05, 6.015931096454962e-01, 5.051466991999399e-07
147, 4.500000000000000e-02, 4.720220758506368e-02, 2.568206141915390e+00, 0.000000000000000e+00, 0.000000000000000e+00, 3.014109000000000e+05, 1.000000000000000e-10, 9.323053395719047e+05, 6.014577778309195e-01, 1.101052325664421e-07
148, 4.500000000000000e-02, 5.102737799659657e-02, 2.581621430656894e+00, 0.000000000000000e+00, 0.000000000000000e+00, 3.014109000000000e+05, 1.000000000000000e-10, 9.323053395724830e+05, 6.008575262867533e-01, 2.166416215299781e-08
149, 4.500000000000000e-02, 5.527756735325424e-02, 2.597887173143449e+00, 0.000000000000000e+00, 0.000000000000000e+00, 3.014109000000000e+05, 1.000000000000000e-10, 9.323053395731768e+05, 5.990633339266573e-01, 3.863009190055598e-09
150, 4.511186909569941e-02, 6.000000000000000e-02, 2.769078975243395e+00, 6.965258948165036e-03, -6.679937937094488e-01, 3.014109000000000e+05, 1.621404463292761e-04, 1.025445020368592e+05, 5.994126192006031e-01, 6.756081209138793e-10
151, 4.525326631994200e-02, 6.000000000000000e-02, 2.740158302811312e+00, 2.925590085287668e-02, -9.323256258918774e-01, 3.014109000000000e+05, 6.171605978699527e-04, 2.375657566475532e+04, 5.993426187090263e-01, 6.724347135616621e-10
152, 4.543117918309551e-02, 6.000000000000000e-02, 2.739425018916736e+00, 4.174732732502753e-02, -1.020733320700191e+00, 3.014109000000000e+05, 1.308038524121780e-03, 7.756592255432067e+03, 5.995151263262267e-01, 6.684670036070466e-10
153, 4.565376817935927e-02, 6.000000000000000e-02, 2.731235363089620e+00, 4.930812759543747e-02, -1.036829909468057e+00, 3.014109000000000e+05, 2.087609827155077e-03, 2.832443727640106e+03, 5.997357397354798e-01, 6.636359341004158e-10
154, 4.593027877977204e-02, 6.000000000000000e-02, 2.723338352727990e+00, 5.125824075793060e-02, -1.029830727895990e+00, 3.014109000000000e+05, 2.801492111278634e-03, 1.028922966879236e+03, 5.999852356317602e-01, 6.579934595647491e-10
155, 4.627075502211620e-02, 6.000000000000000e-02, 2.713578105193671e+00, 4.912818137383581e-02, -1.019405079709465e+00, 3.014109000000000e+05, 3.317324064138165e-03, 3.521034494051225e+02, 6.001993425281931e-01, 6.515601634579434e-10
156, 4.668546732230231e-02, 6.000000000000000e-02, 2.702452222096959e+00, 4.433799714655060e-02, -1.011815654785101e+00, 3.014109000000000e+05, 3.604031697076854e-03, 1.222185914913975e+02, 6.003572074624575e-01, 6.445533600664824e-10
157, 4.718397379351192e-02, 6.000000000000000e-02, 2.690181535977441e+00, 3.828625066989147e-02, -1.007378806871563e+00, 3.014109000000000e+05, 3.737229450782910e-03, 5.370912353494788e+01, 6.004501288885081e-01, 6.371479228145874e-10
158, 4.777377890009339e-02, 6.000000000000000e-02, 2.677481792008193e+00, 3.186440386043776e-02, -1.004689968396559e+00, 3.014109000000000e+05, 3.791623586141303e-03, 3.400489339295460e+01, 6.004746924830094e-01, 6.284795350396917e-10
159, 4.845865296748469e-02, 6.000000000000000e-02, 2.665278653448951e+00, 2.545549608985775e-02, -1.002704408416101e+00, 3.014108999999998e+05, 3.805417235663380e-03, 2.817824352741935e+01, 6.004346394593871e-01, 6.161664267652981e-10
160, 4.923683328537791e-02, 6.000000000000000e-02, 2.654432823957466e+00, 1.922979532646229e-02, -1.001024512412322e+00, 3.014109000000000e+05, 3.800271353393100e-03, 2.645686546702267e+01, 6.003481999948047e-01, 5.972712481332900e-10
161, 5.009950913786821e-02, 6.000000000000000e-02, 2.645616389320655e+00, 1.331617180270758e-02, -9.996336710410317e-01, 3.014109000000000e+05, 3.789339571603115e-03, 2.595858023952822e+01, 6.002436736873906e-01, 5.699182413721788e-10
162, 5.103011681551236e-02, 6.000000000000000e-02, 2.639374816542329e+00, 7.771405965232608e-03, -9.986326421303650e-01, 3.014108999999998e+05, 3.779753708342509e-03, 2.580978277377441e+01, 6.001506710130091e-01, 5.343747083769751e-10
163, 5.200492176983888e-02, 6.000000000000000e-02, 2.636088500878421e+00, 2.527759506072230e-03, -9.980997519972262e-01, 3.014109000000000e+05, 3.774559340244524e-03, 2.576495325581805e+01, 6.000917404293160e-01, 4.929095742996333e-10
164, 5.299507823009632e-02, 6.000000000000000e-02, 2.635953406710612e+00, -2.601919052102252e-03, -9.980673548361914e-01, 3.014109000000001e+05, 3.774730103391111e-03, 2.576528355484178e+01, 6.000788152925393e-01, 4.489268240376276e-10
165, 5.396988318443022e-02, 6.000000000000000e-02, 2.638980251836676e+00, -7.853022280953866e-03, -9.985389082964558e-01, 3.014109000000000e+05, 3.780260160294418e-03, 2.581077873672199e+01, 6.001125440788845e-01, 4.061033540503942e-10
166, 5.490049086208278e-02, 6.000000000000000e-02, 2.644992002145960e+00, -1.341106006603968e-02, -9.994877975726628e-01, 3.014108999999999e+05, 3.790147286363513e-03, 2.596024511749002e+01, 6.001819704422041e-01, 3.671618227081760e-10
167, 5.576316671458188e-02, 6.000000000000000e-02, 2.653619919861860e+00, -1.934055526519399e-02, -1.000838501659896e+00, 3.014109000000000e+05, 3.801260993652108e-03, 2.645928454216445e+01, 6.002649679128682e-01, 3.337201102209577e-10
168, 5.654134703248354e-02, 6.000000000000000e-02, 2.664320234901006e+00, -2.558059303621320e-02, -1.002491171214772e+00, 3.014109000000000e+05, 3.806339467295362e-03, 2.818200272046712e+01, 6.003317792169210e-01, 3.064610476934881e-10
169, 5.722622109988254e-02, 6.000000000000000e-02, 2.676416557483458e+00, -3.199713715452376e-02, -1.004461040707368e+00, 3.014109000000001e+05, 3.792110373697185e-03, 3.401168122203018e+01, 6.003536335840157e-01, 2.854465707584281e-10
170, 5.781602620647058e-02, 6.000000000000000e-02, 2.689049257572707e+00, -3.841087457157925e-02, -1.007126734167245e+00, 3.014109000000001e+05, 3.736959601194831e-03, 5.372129672068382e+01, 6.003117665795459e-01, 2.702958597610176e-10
171, 5.831453267768519e-02, 6.000000000000000e-02, 2.701281596665275e+00, -4.443036400746767e-02, -1.011484769308872e+00, 3.014109000000000e+05, 3.603064751539460e-03, 1.222260921944141e+02, 6.002022297536803e-01, 2.603444080023626e-10
172, 5.872924497787489e-02, 6.000000000000000e-02, 2.712371104412441e+00, -4.917165874067399e-02, -1.018911494098500e+00, 3.014109000000000e+05, 3.316151502828064e-03, 3.520302049029425e+02, 6.000297196927755e-01, 2.546095975033463e-10
173, 5.906972122022183e-02, 6.000000000000000e-02, 2.722090156412915e+00, -5.125894049919693e-02, -1.029161252805215e+00, 3.014109000000000e+05, 2.800554569989597e-03, 1.028611506541456e+03, 5.998051291147085e-01, 2.518424788873639e-10
174, 5.934623182063692e-02, 6.000000000000000e-02, 2.729952079225347e+00, -4.928852624310045e-02, -1.036095240563035e+00, 3.014109000000000e+05, 2.086973768742793e-03, 2.831771049917053e+03, 5.995500194734088e-01, 2.509221797563559e-10
175, 5.956882081690228e-02, 6.000000000000000e-02, 2.738121490204134e+00, -4.172850896687183e-02, -1.020093213553348e+00, 3.014109000000000e+05, 1.307657247675948e-03, 7.755551338880058e+03, 5.993274000072204e-01, 2.510587203227450e-10
176, 5.974673368005681e-02, 6.000000000000000e-02, 2.738849859957423e+00, -2.924678252758854e-02, -9.318882513106324e-01, 3.014109000000000e+05, 6.170036776171102e-04, 2.375540002763331e+04, 5.991546184954807e-01, 2.517004603020968e-10
177, 5.988813090430013e-02, 6.000000000000000e-02, 2.767770624140073e+00, -6.964702513009942e-03, -6.677845642039819e-01, 3.014109000000000e+05, 1.621130448168763e-04, 1.025437445014705e+05, 5.992246474684306e-01, 2.525296743146717e-10
178, 6.000000000000000e-02, 5.527756738546327e-02, 2.596283783504494e+00, 0.000000000000000e+00, 0.000000000000000e+00, 3.014109000000000e+05, 1.000000000000000e-10, 9.323053395670471e+05, 5.987115938490385e-01, 1.289293260390206e-09
179, 6.000000000000000e-02, 5.102737802327801e-02, 2.577950234000323e+00, 0.000000000000000e+00, 0.000000000000000e+00, 3.014109000000000e+05, 1.000000000000000e-10, 9.323053395679725e+05, 6.003093984022440e-01, 5.690578020749877e-09
180, 6.000000000000000e-02, 4.720220760822548e-02, 2.560686428708598e+00, 0.000000000000000e+00, 0.000000000000000e+00, 3.014109000000000e+05, 1.000000000000000e-10, 9.323053395685507e+05, 6.006634681718082e-01, 2.213123281688322e-08
181, 6.000000000000000e-02, 4.375955421539843e-02, 2.545823583043740e+00, 0.000000000000000e+00, 0.000000000000000e+00, 3.014109000000000e+05, 1.000000000000000e-10, 9.323053395692445e+05, 6.005187721752125e-01, 7.673014786143874e-08
182, 6.000000000000000e-02, 4.066116616143641e-02, 2.531581499630678e+00, 0.000000000000000e+00, 0.000000000000000e+00, 3.014109000000000e+05, 1.000000000000000e-10, 9.323053395699384e+05, 6.002375559631520e-01, 2.390605021336647e-07
183, 6.000000000000000e-02, 3.787261691850880e-02, 2.517107672785616e+00, 0.000000000000000e+00, 0.000000000000000e+00, 3.014109000000000e+05, 1.000000000000000e-10, 9.323053395702855e+05, 5.999660481952613e-01, 6.737167399378871e-07
184, 6.000000000000000e-02, 3.536292258644827e-02, 2.501436926008602e+00, 0.000000000000000e+00, 0.000000000000000e+00, 3.014109000000000e+05, 1.000000000000000e-10, 9.323053395709795e+05, 5.997331359696586e-01, 1.727694909509435e-06
185, 6.000000000000000e-02, 3.310419768236958e-02, 2.483813115224807e+00, 0.000000000000000e+00, 0.000000000000000e+00, 3.014109000000000e+05, 1.000000000000000e-10, 9.323053395710951e+05, 5.995373427297153e-01, 4.055626158418407e-06
186, 6.000000000000000e-02, 3.107134527539872e-02, 2.463565998064717e+00, 0.000000000000000e+00, 0.000000000000000e+00, 3.014109000000000e+05, 1.000000000000000e-10, 9.323053395710951e+05, 5.993691510163451e-01, 8.768547192600418e-06
187, 6.000000000000000e-02, 2.924177808060850e-02, 2.440055848144045e+00, 0.000000000000000e+00, 0.000000000000000e+00, 3.014109000000000e+05, 1.000000000000000e-10, 9.323053395715576e+05, 5.992183568584475e-01, 1.757241760123583e-05
188, 6.000000000000000e-02, 2.759516763766666e-02, 2.412642783818007e+00, 0.000000000000000e+00, 0.000000000000000e+00, 3.014109000000000e+05, 1.000000000000000e-10, 9.323053395721358e+05, 5.990762820482811e-01, 3.285094061482752e-05
189, 6.000000000000000e-02, 2.611321825794814e-02, 2.380673289308439e+00, 0.000000000000000e+00, 0.000000000000000e+00, 3.014109000000000e+05, 1.000000000000000e-10, 9.323053395721358e+05, 5.989361827702316e-01, 5.765251167109143e-05
190, 6.000000000000000e-02, 2.477946381312714e-02, 2.343467803937036e+00, 0.000000000000000e+00, 0.000000000000000e+00, 3.014109000000000e+05, 1.000000000000000e-10, 9.323053395724830e+05, 5.987927817123418e-01, 9.556463378473240e-05
191, 6.000000000000000e-02, 2.357908480402358e-02, 2.300307726598900e+00, 0.000000000000000e+00, 0.000000000000000e+00, 3.014108999999999e+05, 1.000000000000000e-10, 9.323053395724830e+05, 5.986415983114738e-01, 1.504926540822240e-04
192, 6.000000000000000e-02, 2.249874367707443e-02, 2.250420723341036e+00, 0.000000000000000e+00, 0.000000000000000e+00, 3.014109000000000e+05, 1.000000000000000e-10, 9.323053395727143e+05, 5.984784156833896e-01, 2.263891359066626e-04
193, 6.000000000000000e-02, 2.152643664819422e-02, 2.192964663163576e+00, 0.000000000000000e+00, 0.000000000000000e+00, 3.014109000000000e+05, 1.000000000000000e-10, 9.323053395730612e+05, 5.982990009472566e-01, 3.269945690425446e-04
194, 6.000000000000000e-02, 2.065136034739311e-02, 2.127003011540144e+00, 0.000000000000000e+00, 0.000000000000000e+00, 3.014109000000000e+05, 1.000000000000000e-10, 9.323053395730612e+05, 5.980987726382165e-01, 4.556489064154420e-04
195, 6.000000000000000e-02, 1.986379167136738e-02, 2.051467223347451e+00, 0.000000000000000e+00, 0.000000000000000e+00, 3.014109000000000e+05, 1.000000000000000e-10, 9.323053395732925e+05, 5.978722919207362e-01, 6.152246403719437e-04
196, 6.000000000000000e-02, 1.915497984146427e-02, 1.965100821611227e+00, 0.000000000000000e+00, 0.000000000000000e+00, 3.014109000000000e+05, 1.000000000000000e-10, 9.323053395736394e+05, 5.976125638886787e-01, 8.082253711927731e-04
197, 6.000000000000000e-02, 1.851704918754073e-02, 1.866367965387392e+00, 0.000000000000000e+00, 0.000000000000000e+00, 3.014109000000000e+05, 1.000000000000000e-10, 9.323053395734081e+05, 5.973097741657508e-01, 1.037096035893481e-03
198, 6.000000000000000e-02, 1.794291160300737e-02, 1.753321545369250e+00, 0.000000000000000e+00, 0.000000000000000e+00, 3.014109000000000e+05, 1.000000000000000e-10, 9.323053395736394e+05, 5.969495766789530e-01, 1.304814792975071e-03
199, 6.000000000000000e-02, 1.742618779012514e-02, 1.623403789878683e+00, 0.000000000000000e+00, 0.000000000000000e+00, 3.014109000000000e+05, 1.000000000000000e-10, 9.323053395736394e+05, 5.965098432360794e-01, 1.615891111847666e-03
200, 6.000000000000000e-02, 1.696113636900254e-02, 1.473249783740762e+00, 0.000000000000000e+00, 0.000000000000000e+00, 3.014109000000000e+05, 1.000000000000000e-10, 9.323053395737550e+05, 5.959565107801519e-01, 1.978028931731880e-03
201, 6.000000000000000e-02, 1.654259007084469e-02, 1.298602567308021e+00, 0.000000000000000e+00, 0.000000000000000e+00, 3.014109000000000e+05, 1.000000000000000e-10, 9.323053395737550e+05, 5.952422661275172e-01, 2.405021385945383e-03
202, 6.000000000000000e-02, 1.616589839263421e-02, 1.093419421991466e+00, 0.000000000000000e+00, 0.000000000000000e+00, 3.014109000000000e+05, 1.000000000000000e-10, 9.323053395738710e+05, 5.943049162729205e-01, 2.922191713469625e-03
203, 6.000000000000000e-02, 1.582687589283602e-02, 8.503857410418436e-01, 0.000000000000000e+00, 0.000000000000000e+00, 3.014109000000000e+05, 1.000000000000000e-10, 9.323053395741022e+05, 5.929818294446404e-01, 3.577571065770322e-03
204, 6.000000000000000e-02, 1.552175565216438e-02, 5.904398135308525e-01, 0.000000000000000e+00, 0.000000000000000e+00, 3.014109000000000e+05, 1.000000000000000e-10, 9.323053395738710e+05, 5.909705677948172e-01, 4.471790940603152e-03
205, 6.000000000000000e-02, 1.524714742508761e-02, 1.879913314367767e-01, 0.000000000000000e+00, 0.000000000000000e+00, 3.014109000000000e+05, 1.000000000000000e-10, 9.323053395738710e+05, 5.887128917972835e-01, 5.878902116643198e-03
206, 5.988813090430059e-02, 1.500000000000000e-02, -1.218754523920678e+00, 3.277366701420059e-01, -2.029358282904662e+00, 3.014108999999999e+05, 2.597998297989377e-04, 1.191846133244243e+05, 5.837592975324885e-01, 7.671010326183094e-03
207, 5.974673368005799e-02, 1.500000000000000e-02, -9.975292888753579e-01, 5.027025765573268e-01, -2.531452012338098e+00, 3.014108999999999e+05, 1.247297987575453e-03, 1.819378046539287e+04, 5.873385370149862e-01, 6.723712521161662e-03
208, 5.956882081690449e-02, 1.500000000000000e-02, -4.960490570332905e-01, 6.505005007460423e-01, -2.492122661288679e+00, 3.014108999999999e+05, 3.053677371044279e-03, 4.715424562361313e+03, 5.912843359797026e-01, 6.113034917954696e-03
209, 5.934623182064073e-02, 1.500000000000000e-02, -8.482835010717739e-02, 7.291474072986077e-01, -2.367581884113478e+00, 3.014108999999999e+05, 5.561585948452527e-03, 1.731089299626286e+03, 5.938877434452311e-01, 5.832378973812970e-03
210, 5.906972122022796e-02, 1.500000000000000e-02, 2.774224055704745e-01, 7.749429817189764e-01, -2.227177638419621e+00, 3.014108999999999e+05, 8.363580624528511e-03, 8.522198141895643e+02, 5.955647621245770e-01, 5.921200966705950e-03
211, 5.872924497788379e-02, 1.500000000000000e-02, 6.013580795595076e-01, 8.025700552997541e-01, -2.081339451356138e+00, 3.014108999999999e+05, 1.026548118901398e-02, 5.109495430178292e+02, 5.966118728166152e-01, 6.437529753838364e-03
212, 5.831453267769768e-02, 1.500000000000000e-02, 8.952249541154896e-01, 8.175510386284013e-01, -1.935196569300962e+00, 3.014109000000000e+05, 1.083594501239586e-02, 3.428006165276124e+02, 5.971921140680153e-01, 7.460974168667053e-03
213, 5.781602620648808e-02, 1.500000000000000e-02, 1.163525047776486e+00, 8.227031251468602e-01, -1.793303973489413e+00, 3.014108999999998e+05, 1.081453727743564e-02, 2.480037043935619e+02, 5.973618153749165e-01, 9.105062867451597e-03
214, 5.722622109990660e-02, 1.500000000000000e-02, 1.409119881122834e+00, 8.198425989984237e-01, -1.659287758123661e+00, 3.014108999999999e+05, 1.055305617569641e-02, 1.923790221368249e+02, 5.971495548167569e-01, 1.153332169941767e-02
215, 5.654134703251531e-02, 1.500000000000000e-02, 1.633770339585401e+00, 8.099982405116543e-01, -1.535284075907782e+00, 3.014109000000000e+05, 1.025069191663962e-02, 1.617834381906652e+02, 5.965651484893710e-01, 1.498020215784464e-02
216, 5.576316671462209e-02, 1.500000000000000e-02, 1.838339056002555e+00, 7.934945067571072e-01, -1.421883881012979e+00, 3.014108999999999e+05, 9.950679820816374e-03, 1.508442360852081e+02, 5.956002225725223e-01, 1.977950676603687e-02
217, 5.490049086213179e-02, 1.500000000000000e-02, 2.022927399986267e+00, 7.695557215397529e-01, -1.317865840503469e+00, 3.014108999999999e+05, 9.497485904006139e-03, 1.596550282924790e+02, 5.942637136396046e-01, 2.640631375315793e-02
218, 5.396988318448764e-02, 1.500000000000000e-02, 2.187116338216021e+00, 7.351694437722628e-01, -1.218973076291132e+00, 3.014108999999998e+05, 8.418895402693088e-03, 1.924442932842578e+02, 5.926284174297766e-01, 3.552408865465691e-02
219, 5.299507823016111e-02, 1.500000000000000e-02, 2.329952717255846e+00, 6.841661050503736e-01, -1.116281842320269e+00, 3.014108999999998e+05, 6.577766247741512e-03, 2.561594583244174e+02, 5.908067685349294e-01, 4.798036247116247e-02
220, 5.200492176990367e-02, 1.500000000000000e-02, 2.450105361590897e+00, 6.084956794588661e-01, -9.963253682639779e-01, 3.014109000000000e+05, 5.234218190125367e-03, 3.622514516326357e+02, 5.887790688869559e-01, 6.460091977788728e-02
221, 5.103011681556978e-02, 1.500000000000000e-02, 2.544778388797959e+00, 5.036226606074059e-01, -8.454285039175922e-01, 3.014109000000000e+05, 4.538130317426554e-03, 5.085611112787098e+02, 5.861109296206449e-01, 8.589657167856661e-02
222, 5.009950913791721e-02, 1.500000000000000e-02, 2.608908511383710e+00, 3.754327626974611e-01, -6.593475454765667e-01, 3.014108999999999e+05, 4.080283404603730e-03, 6.707719120837527e+02, 5.819675379043272e-01, 1.116580898610738e-01
223, 4.923683328541811e-02, 1.500000000000000e-02, 2.640566518620604e+00, 2.422931833426002e-01, -4.528565923580491e-01, 3.014108999999998e+05, 3.477021228239842e-03, 7.980506403991969e+02, 5.758319699293254e-01, 1.404561815569601e-01
224, 4.845865296751645e-02, 1.500000000000000e-02, 2.646637771216127e+00, 1.276351799772967e-01, -2.581791415579952e-01, 3.014109000000000e+05, 2.567440580786872e-03, 8.294893410914613e+02, 5.683172583376035e-01, 1.697231057924970e-01
225, 4.777377890011746e-02, 1.500000000000000e-02, 2.640660249275539e+00, 4.756561085032599e-02, -1.085763087264929e-01, 3.014109000000000e+05, 1.534661494167974e-03, 7.396423723820200e+02, 5.609287714954843e-01, 1.968217143660594e-01
226, 4.718397379352942e-02, 1.500000000000000e-02, 2.634311494312334e+00, 3.736346175945430e-03, -1.901421950322254e-02, 3.014109000000000e+05, 7.342926607548401e-04, 5.897033463788633e+02, 5.548889860048197e-01, 2.202088957726934e-01
227, 4.668546732231480e-02, 1.500000000000000e-02, 2.631628875926939e+00, -1.333751345899159e-02, 1.922574571082457e-02, 3.014109000000000e+05, 3.061027162348014e-04, 6.004129669256891e+02, 5.504548918422668e-01, 2.395976144167524e-01
228, 4.627075502212511e-02, 1.500000000000000e-02, 2.631108393680262e+00, -1.568301457694015e-02, 2.678552138217230e-02, 3.014109000000000e+05, 1.399150458165300e-04, 8.195310803178214e+02, 5.472349759734165e-01, 2.554744943790226e-01
229, 4.593027877977816e-02, 1.500000000000000e-02, 2.631062934939208e+00, -1.215709965003360e-02, 2.119179910552130e-02, 3.014109000000000e+05, 6.015638038287641e-05, 1.430205179954311e+03, 5.447420115846969e-01, 2.686974531541248e-01
230, 4.565376817936308e-02, 1.500000000000000e-02, 2.630939226158895e+00, -7.561336793954992e-03, 1.243654880053200e-02, 3.014109000000000e+05, 2.197109345349568e-05, 3.052484046059912e+03, 5.426636969252210e-01, 2.799884795097859e-01
231, 4.543117918309772e-02, 1.500000000000000e-02, 2.630697572931532e+00, -3.868915997898200e-03, 4.880422556424214e-03, 3.014109000000000e+05, 6.213015188056740e-06, 7.875994749751623e+03, 5.408175061313554e-01, 2.899720759898957e-01
232, 4.525326631994318e-02, 1.500000000000000e-02, 2.630453043539439e+00, -1.553156682412060e-03, -3.565252377585844e-05, 3.014109000000000e+05, 1.139568699126459e-06, 2.644210251182428e+04, 5.390779903004993e-01, 2.992430136076599e-01
233, 4.511186909569987e-02, 1.500000000000000e-02, 2.630245559009956e+00, -4.366614092340379e-04, -1.693727457994548e-03, 3.014109000000000e+05, 8.789384311959158e-08, 1.382508617215364e+05, 5.373267188746125e-01, 3.084371088965830e-01
234, 6.049429485004740e-02, 1.500000000000000e-02, -1.981598894803875e+00, 0.000000000000000e+00, 0.000000000000000e+00, 3.014109000000000e+05, 1.000000000000000e-10, 1.719130144674003e+06, 6.065054440708023e-01, 1.803395204475502e-02
235, 6.104351130404397e-02, 1.500000000000000e-02, -1.900008447414096e+00, 0.000000000000000e+00, 0.000000000000000e+00, 3.014109000000000e+05, 1.000000000000000e-10, 1.719130144679868e+06, 6.086587699958004e-01, 2.570268948670051e-02
236, 6.165375178519684e-02, 1.500000000000000e-02, -2.017595568229470e+00, 0.000000000000000e+00, 0.000000000000000e+00, 3.014108999999999e+05, 1.000000000000000e-10, 1.719130144685732e+06, 6.068762950847899e-01, 3.323258515270537e-02
237, 6.233179678456496e-02, 1.500000000000000e-02, -2.084229487728944e+00, 0.000000000000000e+00, 0.000000000000000e+00, 3.014109000000000e+05, 1.000000000000000e-10, 1.719130144692393e+06, 6.035757702053171e-01, 4.084932512574233e-02
238, 6.308518014065971e-02, 1.500000000000000e-02, -2.113831073078728e+00, 0.000000000000000e+00, 0.000000000000000e+00, 3.014109000000000e+05, 1.000000000000000e-10, 1.719130144699922e+06, 5.997669117448119e-01, 4.870067529327256e-02
239, 6.392227273670138e-02, 1.500000000000000e-02, -2.121602537001971e+00, 0.000000000000000e+00, 0.000000000000000e+00, 3.014109000000000e+05, 1.000000000000000e-10, 1.719130144708248e+06, 5.960377103373310e-01, 5.689597420954634e-02
240, 6.485237557855997e-02, 1.500000000000000e-02, -2.118771140819004e+00, 0.000000000000000e+00, 0.000000000000000e+00, 3.014108999999999e+05, 1.000000000000000e-10, 1.719130144717443e+06, 5.925229773637847e-01, 6.546704156840795e-02
241, 6.588582320385968e-02, 1.500000000000000e-02, -2.111478644653899e+00, 0.000000000000000e+00, 0.000000000000000e+00, 3.014109000000000e+05, 1.000000000000000e-10, 1.719130144727868e+06, 5.892620894881984e-01, 7.437548896963665e-02
242, 6.703409837239409e-02, 1.500000000000000e-02, -2.102355946841781e+00, 0.000000000000000e+00, 0.000000000000000e+00, 3.014109000000000e+05, 1.000000000000000e-10, 1.719130144739090e+06, 5.862743327158439e-01, 8.352410957368084e-02
243, 6.830995967942863e-02, 1.500000000000000e-02, -2.091790899961192e+00, 0.000000000000000e+00, 0.000000000000000e+00, 3.014109000000000e+05, 1.000000000000000e-10, 1.719130144752050e+06, 5.835329918818264e-01, 9.278245501286955e-02
244, 6.972758333868537e-02, 1.500000000000000e-02, -2.077777992397631e+00, 0.000000000000000e+00, 0.000000000000000e+00, 3.014109000000000e+05, 1.000000000000000e-10, 1.719130144766240e+06, 5.810057995194583e-01, 1.020108795711672e-01
245, 7.130272068988161e-02, 1.500000000000000e-02, -2.056415156205848e+00, 0.000000000000000e+00, 0.000000000000000e+00, 3.014109000000000e+05, 1.000000000000000e-10, 1.719130144781661e+06, 5.786797614599906e-01, 1.111040110569773e-01
246, 7.305287329047720e-02, 1.500000000000000e-02, -2.022011100472253e+00, 0.000000000000000e+00, 0.000000000000000e+00, 3.014109000000000e+05, 1.000000000000000e-10, 1.719130144799181e+06, 5.765812942806238e-01, 1.200140835400940e-01
247, 7.499748734666641e-02, 1.500000000000000e-02, -1.968095937110523e+00, 0.000000000000000e+00, 0.000000000000000e+00, 3.014109000000000e+05, 1.000000000000000e-10, 1.719130144818802e+06, 5.747166128337015e-01, 1.287443076581444e-01
248, 7.715816959961691e-02, 1.500000000000000e-02, -1.887850838487588e+00, 0.000000000000000e+00, 0.000000000000000e+00, 3.014109000000000e+05, 1.000000000000000e-10, 1.719130144840522e+06, 5.730877982264718e-01, 1.373439477863337e-01
249, 7.955892761626966e-02, 1.500000000000000e-02, -1.773679732018425e+00, 0.000000000000000e+00, 0.000000000000000e+00, 3.014108999999999e+05, 1.000000000000000e-10, 1.719130144864341e+06, 5.717678712716500e-01, 1.459041071733305e-01
250, 8.222643650410720e-02, 1.500000000000000e-02, -1.620369312725946e+00, 0.000000000000000e+00, 0.000000000000000e+00, 3.014108999999999e+05, 1.000000000000000e-10, 1.719130144890622e+06, 5.707462078089348e-01, 1.544962515395516e-01
251, 8.519033526144693e-02, 1.500000000000000e-02, -1.428260353759030e+00, 0.000000000000000e+00, 0.000000000000000e+00, 3.014108999999999e+05, 1.000000000000000e-10, 1.719130144920233e+06, 5.698921028501120e-01, 1.631593316815675e-01
252, 8.848355614494055e-02, 1.500000000000000e-02, -1.205270560070941e+00, 0.000000000000000e+00, 0.000000000000000e+00, 3.014108999999999e+05, 1.000000000000000e-10, 1.719130144953247e+06, 5.690370250982479e-01, 1.718534716784651e-01
253, 9.214269053069446e-02, 1.500000000000000e-02, -9.682066944951562e-01, 0.000000000000000e+00, 0.000000000000000e+00, 3.014108999999999e+05, 1.000000000000000e-10, 1.719130144989520e+06, 5.679300622035662e-01, 1.804964310718327e-01
254, 9.620839534253510e-02, 1.500000000000000e-02, -7.388285800531270e-01, 0.000000000000000e+00, 0.000000000000000e+00, 3.014109000000000e+05, 1.000000000000000e-10, 1.719130145029991e+06, 5.663461151140937e-01, 1.889158798241316e-01
255, 1.007258451456337e-01, 1.500000000000000e-02, -5.366859559920998e-01, 0.000000000000000e+00, 0.000000000000000e+00, 3.014109000000000e+05, 1.000000000000000e-10, 1.719130145075530e+06, 5.642460265913898e-01, 1.968712306983943e-01
256, 1.057452338069897e-01, 1.500000000000000e-02, -3.726992157082005e-01, 0.000000000000000e+00, 0.000000000000000e+00, 3.014109000000000e+05, 1.000000000000000e-10, 1.719130145125195e+06, 5.618664227297233e-01, 2.041480055450264e-01
257, 1.113223322881358e-01, 1.500000000000000e-02, -2.479319213287215e-01, 0.000000000000000e+00, 0.000000000000000e+00, 3.014109000000000e+05, 1.000000000000000e-10, 1.719130145180653e+06, 5.595216325138558e-01, 2.107455456486149e-01
258, 1.175191083906359e-01, 1.500000000000000e-02, -1.570837169704045e-01, 0.000000000000000e+00, 0.000000000000000e+00, 3.014109000000000e+05, 1.000000000000000e-10, 1.719130145242410e+06, 5.573922404567151e-01, 2.167888457758165e-01
259, 1.244044151701216e-01, 1.500000000000000e-02, -9.317921268194920e-02, 0.000000000000000e+00, 0.000000000000000e+00, 3.014109000000000e+05, 1.000000000000000e-10, 1.719130145311334e+06, 5.554879218903118e-01, 2.223005032956287e-01
260, 1.320547559931924e-01, 1.500000000000000e-02, -4.989441055714436e-02, 0.000000000000000e+00, 0.000000000000000e+00, 3.014109000000000e+05, 1.000000000000000e-10, 1.719130145387281e+06, 5.537363314510798e-01, 2.272258112698135e-01
261, 1.405551347065073e-01, 1.500000000000000e-02, -2.102762923634113e-02, 0.000000000000000e+00, 0.000000000000000e+00, 3.014109000000000e+05, 1.000000000000000e-10, 1.719130145471988e+06, 5.523129416796863e-01, 2.314735007825434e-01
262, 1.500000000000000e-01, 1.491761752499229e-02, 1.764533303449185e-03, 1.010907919843025e-01, 2.908472739035565e-05, 3.014109000000000e+05, 3.118459822157165e-05, 1.946117733090643e+05, 5.516430344497795e-01, 2.333460089167624e-01
263, 1.500000000000000e-01, 1.482608144932620e-02, 1.759034703176385e-03, 2.142993499303524e-01, 1.597073888224845e-04, 3.014109000000000e+05, 3.635172304053867e-04, 5.065885065172362e+04, 5.516421449633762e-01, 2.333465506643489e-01
264, 1.500000000000000e-01, 1.472437470246734e-02, 1.732273885202600e-03, 3.406883134506697e-01, 3.956837198333986e-04, 3.014109000000000e+05, 1.834380400135266e-03, 1.992240942238670e+04, 5.516410026642719e-01, 2.333484823252851e-01
265, 1.500000000000000e-01, 1.461136720257259e-02, 1.709612891843087e-03, 4.795240531773576e-01, 7.712670973646595e-04, 3.014108999999999e+05, 5.983072942196123e-03, 9.941209622095661e+03, 5.516398775568063e-01, 2.333530824785225e-01
266, 1.500000000000000e-01, 1.448580330989022e-02, 1.667730240628323e-03, 6.238868299323097e-01, 1.314376714997179e-03, 3.014108999999999e+05, 1.443341056888973e-02, 5.793547750070981e+03, 5.516388361056407e-01, 2.333621366614280e-01
267, 1.500000000000000e-01, 1.434628787721634e-02, 1.582303680147735e-03, 7.592016671629896e-01, 2.055177450035543e-03, 3.014109000000000e+05, 2.682189530974189e-02, 3.734200414089149e+03, 5.516380311631849e-01, 2.333782147568070e-01
268, 1.500000000000000e-01, 1.419127073690665e-02, 1.432680610729882e-03, 8.739812309571146e-01, 3.018450560049837e-03, 3.014108999999999e+05, 4.047010447768273e-02, 2.576367601728045e+03, 5.516380567420379e-01, 2.334048774360063e-01
269, 1.500000000000000e-01, 1.401902946602282e-02, 1.213789021977544e-03, 9.676502291351755e-01, 4.215848812622538e-03, 3.014108999999999e+05, 5.336447632185490e-02, 1.882034039788423e+03, 5.516399689070517e-01, 2.334466813622220e-01
270, 1.500000000000000e-01, 1.382765027126710e-02, 9.288802940151265e-04, 1.045413555727931e+00, 5.645530548705029e-03, 3.014109000000000e+05, 6.504031195121070e-02, 1.450636498220122e+03, 5.516449348884181e-01, 2.335090938874506e-01
271, 1.500000000000000e-01, 1.361500672009480e-02, 5.926076594567456e-04, 1.112835440297043e+00, 7.297582285970299e-03, 3.014109000000000e+05, 7.566914454764410e-02, 1.174750054633053e+03, 5.516541115371718e-01, 2.335986227081041e-01
272, 1.500000000000000e-01, 1.337873611021916e-02, 2.307430334236261e-04, 1.174294146470390e+00, 9.156811784033448e-03, 3.014108999999999e+05, 8.550567817746806e-02, 9.939961591507174e+02, 5.516686924307310e-01, 2.337231462636721e-01
273, 1.500000000000000e-01, 1.311621321835302e-02, -1.237239540899504e-04, 1.233074294244170e+00, 1.120175847560238e-02, 3.014109000000000e+05, 9.473339065482390e-02, 8.738313048466892e+02, 5.516899697406817e-01, 2.338923974453195e-01
274, 1.500000000000000e-01, 1.282452111825317e-02, -4.349131869657640e-04, 1.291753566514608e+00, 1.340104528137205e-02, 3.014109000000000e+05, 1.034339095516035e-01, 7.940158846079439e+02, 5.517193473170048e-01, 2.341186019272808e-01
275, 1.500000000000000e-01, 1.250041877555430e-02, -6.677916945030035e-04, 1.352529744331931e+00, 1.570771802404258e-02, 3.014109000000000e+05, 1.115735165775749e-01, 7.422390615899458e+02, 5.517582682159935e-01, 2.344172949468761e-01
276, 1.500000000000000e-01, 1.214030506672970e-02, -7.912746171009174e-04, 1.417443988992980e+00, 1.805167930981978e-02, 3.014109000000000e+05, 1.189778372776024e-01, 7.105497573619508e+02, 5.518079984205589e-01, 2.348083422104512e-01
277, 1.500000000000000e-01, 1.174017873062197e-02, -7.806380999397541e-04, 1.488512363801649e+00, 2.033023901357395e-02, 3.014108999999999e+05, 1.252872827357095e-01, 6.932513887368460e+02, 5.518691574820728e-01, 2.353171779886782e-01
278, 1.500000000000000e-01, 1.129559391598305e-02, -6.194691160832384e-04, 1.567768236752095e+00, 2.239736633213663e-02, 3.014109000000000e+05, 1.298933852846184e-01, 6.855243624655266e+02, 5.519408003417708e-01, 2.359762399457815e-01
279, 1.500000000000000e-01, 1.080161078975803e-02, -2.995443619271899e-04, 1.657194860575149e+00, 2.405331017764491e-02, 3.014108999999999e+05, 1.318661505518753e-01, 6.824016245811521e+02, 5.520187452458648e-01, 2.368265244837297e-01
280, 1.500000000000000e-01, 1.025274064251034e-02, 1.691600895690574e-04, 1.758512397518027e+00, 2.504126960924435e-02, 3.014108999999999e+05, 1.299067912185750e-01, 6.779953192388564e+02, 5.520924336681395e-01, 2.379189764368922e-01
281, 1.500000000000000e-01, 9.642884911550830e-03, 7.556568241385510e-04, 1.872887602943101e+00, 2.505728522733441e-02, 3.014109000000000e+05, 1.224382693115705e-01, 6.655887194537951e+02, 5.521386190727078e-01, 2.393149744189094e-01
282, 1.500000000000000e-01, 8.965267442911535e-03, 1.485494600475262e-03, 2.000566691648616e+00, 2.377286230708974e-02, 3.014108999999999e+05, 1.080091360645144e-01, 6.400550928430087e+02, 5.521106275039548e-01, 2.410855380640392e-01
283, 1.500000000000000e-01, 8.212359142396607e-03, 2.228938230534890e-03, 2.139293790985225e+00, 2.097149345689182e-02, 3.014108999999998e+05, 8.597947535969029e-02, 5.982785538926836e+02, 5.519327871418396e-01, 2.433124182952040e-01
284, 1.500000000000000e-01, 7.375794365501551e-03, 2.957691013068226e-03, 2.280826811333462e+00, 1.677732257306127e-02, 3.014108999999999e+05, 5.809467935259256e-02, 5.315131955221813e+02, 5.515096027590476e-01, 2.460856429843757e-01
285, 1.500000000000000e-01, 6.446277951977990e-03, 2.829066051955606e-03, 2.402395541453006e+00, 1.208122764510966e-02, 3.014109000000000e+05, 3.139572239363564e-02, 4.236967483044189e+02, 5.507270058442900e-01, 2.494552994764015e-01
286, 1.500000000000000e-01, 5.413481934892678e-03, 1.524106126011820e-03, 2.467567132607630e+00, 8.418172203801191e-03, 3.014109000000000e+05, 1.648888096859287e-02, 2.959030389221867e+02, 5.496597166878441e-01, 2.533892020662419e-01
287, 1.500000000000000e-01, 4.265930804978347e-03, 1.809723355230678e-03, 2.484761405523952e+00, 6.126572438465692e-03, 3.014109000000000e+05, 1.272742274878867e-02, 2.120925252754352e+02, 5.486473752893540e-01, 2.576782295372314e-01
288, 1.500000000000000e-01, 2.990874001135192e-03, 2.555255541493995e-03, 2.489144965304147e+00, 4.258476587344674e-03, 3.014109000000000e+05, 1.302797657012364e-02, 1.706580502889192e+02, 5.478035575215132e-01, 2.617495799511449e-01
289, 1.500000000000000e-01, 1.574144215583106e-03, 2.999695928478843e-03, 2.492065664293512e+00, 2.257980666931049e-03, 3.014109000000000e+05, 1.398596876640538e-02, 1.491014359453468e+02, 5.471924274990134e-01, 2.648342556404054e-01
290, 1.405551347709209e-01, 0.000000000000000e+00, -3.074690773150729e-02, 2.508260135924438e+00, 0.000000000000000e+00, 3.014109000000000e+05, 1.486495970637055e-02, 1.434181105479130e+02, 5.464059774812796e-01, 2.680401013820178e-01
291, 1.320547560465339e-01, 0.000000000000000e+00, -7.165724608565824e-02, 2.525027184220932e+00, 0.000000000000000e+00, 3.014109000000000e+05, 1.569216473005852e-02, 1.471662354984014e+02, 5.452428150927203e-01, 2.723821818480631e-01
292, 1.244044152164114e-01, 0.000000000000000e+00, -1.290991699982383e-01, 2.547906596418986e+00, 0.000000000000000e+00, 3.014109000000001e+05, 1.649710251705873e-02, 1.504875627676031e+02, 5.438974333896781e-01, 2.774390418597635e-01
293, 1.175191084307629e-01, 0.000000000000000e+00, -2.101841691771050e-01, 2.579717593667869e+00, 0.000000000000000e+00, 3.014109000000001e+05, 1.726426305401041e-02, 1.533289795544500e+02, 5.424495573780332e-01, 2.831767827653651e-01
294, 1.113223323228438e-01, 0.000000000000000e+00, -3.196037674953930e-01, 2.621823254742656e+00, 0.000000000000000e+00, 3.014109000000000e+05, 1.797663043193682e-02, 1.556440345030597e+02, 5.409331118522608e-01, 2.895886187811348e-01
295, 1.057452338369928e-01, 0.000000000000000e+00, -4.584115433562167e-01, 2.674111412307993e+00, 0.000000000000000e+00, 3.014109000000001e+05, 1.861651673910740e-02, 1.574031800988788e+02, 5.393975911000400e-01, 2.966649342634982e-01
296, 1.007258451728743e-01, 0.000000000000000e+00, -6.224189526338548e-01, 2.734599722690453e+00, 0.000000000000000e+00, 3.014109000000000e+05, 1.916973470979697e-02, 1.586044139211101e+02, 5.378918618098851e-01, 3.043834927543158e-01
297, 9.620839536472124e-02, 0.000000000000000e+00, -8.015595327409015e-01, 2.799331826578600e+00, 0.000000000000000e+00, 3.014109000000000e+05, 1.963272737281827e-02, 1.592899887282971e+02, 5.364346238452897e-01, 3.126932214746070e-01
298, 9.214269055078331e-02, 0.000000000000000e+00, -9.810324199328907e-01, 2.862945011551145e+00, 0.000000000000000e+00, 3.014109000000001e+05, 2.001868902340667e-02, 1.595597536452029e+02, 5.350077875761254e-01, 3.215081107156460e-01
299, 8.848355616120210e-02, 0.000000000000000e+00, -1.144032316004027e+00, 2.919736116098887e+00, 0.000000000000000e+00, 3.014109000000001e+05, 2.035599607881263e-02, 1.595591445798743e+02, 5.335727587351373e-01, 3.307141991993956e-01
300, 8.519033527531880e-02, 0.000000000000000e+00, -1.274908015880751e+00, 2.964731632386738e+00, 0.000000000000000e+00, 3.014109000000000e+05, 2.067752008796958e-02, 1.594383619415170e+02, 5.320939507861542e-01, 3.401847411990792e-01
301, 8.222643651588395e-02, 0.000000000000000e+00, -1.361616071286349e+00, 2.994357858406643e+00, 0.000000000000000e+00, 3.014108999999999e+05, 2.100679181139747e-02, 1.593038523803272e+02, 5.305524958428849e-01, 3.497951117162222e-01
302, 7.955892762624384e-02, 0.000000000000000e+00, -1.396948244268370e+00, 3.006627697557949e+00, 0.000000000000000e+00, 3.014109000000000e+05, 2.134820752725345e-02, 1.591869054067678e+02, 5.289466063042715e-01, 3.594336130484494e-01
303, 7.715816960803834e-02, 0.000000000000000e+00, -1.378677585853183e+00, 3.001003813606648e+00, 0.000000000000000e+00, 3.014108999999999e+05, 2.168390056808441e-02, 1.590376005725686e+02, 5.272840557259892e-01, 3.690087313767061e-01
304, 7.499748735414104e-02, 0.000000000000000e+00, -1.309051941679541e+00, 2.978141946046087e+00, 0.000000000000000e+00, 3.014108999999999e+05, 2.197965263060877e-02, 1.586165285309661e+02, 5.255656766942148e-01, 3.785068041504572e-01
305, 7.305287329638226e-02, 0.000000000000000e+00, -1.193993865829496e+00, 2.939654502074893e+00, 0.000000000000000e+00, 3.014109000000000e+05, 2.218393943468034e-02, 1.577379768288057e+02, 5.238033705190723e-01, 3.878688045344318e-01
306, 7.130272069478107e-02, 0.000000000000000e+00, -1.042148953704064e+00, 2.887895418131515e+00, 0.000000000000000e+00, 3.014108999999999e+05, 2.223823978020960e-02, 1.562632500987910e+02, 5.220174616925329e-01, 3.969928704355464e-01
307, 6.972758334273051e-02, 0.000000000000000e+00, -8.637362187300633e-01, 2.825726263619299e+00, 0.000000000000000e+00, 3.014108999999999e+05, 2.208989456892662e-02, 1.540900510057594e+02, 5.202327247560127e-01, 4.057704996608777e-01
308, 6.830995968292489e-02, 0.000000000000000e+00, -6.692944488740893e-01, 2.756241704160554e+00, 0.000000000000000e+00, 3.014108999999998e+05, 2.170418296445732e-02, 1.511780626298321e+02, 5.184778848081263e-01, 4.141000452664072e-01
309, 6.703409837507866e-02, 0.000000000000000e+00, -4.685459337782764e-01, 2.682482814362537e+00, 0.000000000000000e+00, 3.014108999999998e+05, 2.107308892663917e-02, 1.475609823955750e+02, 5.167834574531608e-01, 4.218957032923472e-01
310, 6.588582320601251e-02, 0.000000000000000e+00, -2.695818565963349e-01, 2.607190044410286e+00, 0.000000000000000e+00, 3.014108999999998e+05, 2.021752571079104e-02, 1.433409339826638e+02, 5.151785931509522e-01, 4.290943027111592e-01
311, 6.485237558024851e-02, 0.000000000000000e+00, -7.847242827918624e-02, 2.532637718389453e+00, 0.000000000000000e+00, 3.014108999999998e+05, 1.918230221878881e-02, 1.386682568771183e+02, 5.136878551082940e-01, 4.356590197939305e-01
312, 6.392227273800372e-02, 0.000000000000000e+00, 1.007335273047660e-01, 2.460564780638874e+00, 0.000000000000000e+00, 3.014108999999998e+05, 1.802612199710243e-02, 1.337145751384048e+02, 5.123286877817912e-01, 4.415793351149884e-01
313, 6.308518014168830e-02, 0.000000000000000e+00, 2.657126383983340e-01, 2.392194734926452e+00, 0.000000000000000e+00, 3.014108999999998e+05, 1.681055225502516e-02, 1.286480730263849e+02, 5.111099391044259e-01, 4.468674801863534e-01
314, 6.233179678526769e-02, 0.000000000000000e+00, 4.155096926547165e-01, 2.328303503074173e+00, 0.000000000000000e+00, 3.014108999999998e+05, 1.559127388706375e-02, 1.236167257124978e+02, 5.100320315464846e-01, 4.515530272588270e-01
315, 6.165375178567153e-02, 0.000000000000000e+00, 5.501380604802124e-01, 2.269316435240340e+00, 0.000000000000000e+00, 3.014109000000000e+05, 1.449406399536141e-02, 1.187419749381618e+02, 5.090884498021110e-01, 4.556762168827732e-01
316, 6.104351130432847e-02, 0.000000000000000e+00, 6.702742052864400e-01, 2.215381110092525e+00, 0.000000000000000e+00, 3.014109000000000e+05, 1.357492115217743e-02, 1.141136896154300e+02, 5.082678666199679e-01, 4.592838824495030e-01
317, 6.049429485017507e-02, 0.000000000000000e+00, 7.768367908445482e-01, 2.166445587091207e+00, 0.000000000000000e+00, 3.014108999999998e+05, 1.281137529247338e-02, 1.097825260238743e+02, 5.075557869679541e-01, 4.624261450630994e-01
318, 6.000000000000000e-02, 1.574144204846025e-03, 8.604625182332121e-01, 2.125522232017810e+00, -1.419122589467821e-01, 3.014109000000000e+05, 1.296833997037192e-02, 1.157761836174309e+02, 5.087420366112141e-01, 4.549723132416155e-01
319, 6.000000000000000e-02, 2.990873992241717e-03, 8.353513689522780e-01, 2.131526836137057e+00, -2.733283417046216e-01, 3.014109000000001e+05, 1.430383616632818e-02, 1.467294762130142e+02, 5.139707928823232e-01, 4.287097959619859e-01
320, 6.000000000000000e-02, 4.265930797259476e-03, 8.031220321619713e-01, 2.126978107234134e+00, -3.943831203596241e-01, 3.014108999999998e+05, 1.345836341578781e-02, 2.149283728768927e+02, 5.225085194308389e-01, 3.898854564868076e-01
321, 6.000000000000000e-02, 5.413481928202031e-03, 7.642863531205760e-01, 2.097289712978429e+00, -5.055557531350182e-01, 3.014109000000000e+05, 1.166314100509141e-02, 3.272577128948523e+02, 5.333464972900900e-01, 3.409122359714325e-01
322, 6.000000000000000e-02, 6.446277946186980e-03, 7.077834045083604e-01, 2.055778791509196e+00, -6.166073678698524e-01, 3.014109000000000e+05, 1.254286576365976e-02, 4.603952078005511e+02, 5.443272943320864e-01, 2.859384334047649e-01
323, 6.000000000000000e-02, 7.375794360497080e-03, 6.309163195914319e-01, 2.040839551457139e+00, -7.417282672300456e-01, 3.014108999999999e+05, 1.688554883358866e-02, 5.560742069440122e+02, 5.542899246862909e-01, 2.312153870226826e-01
324, 6.000000000000000e-02, 8.212359137849332e-03, 5.416007719598630e-01, 2.064528570521116e+00, -8.813351683993560e-01, 3.014109000000000e+05, 2.284923637590661e-02, 5.822543846827215e+02, 5.634664200366595e-01, 1.821925270038714e-01
325, 6.000000000000000e-02, 8.965267439210984e-03, 4.399881039149803e-01, 2.098014036356558e+00, -1.021356556881062e+00, 3.014108999999997e+05, 2.796437773704785e-02, 5.592490404749951e+02, 5.717566379751869e-01, 1.413229967457729e-01
326, 6.000000000000000e-02, 9.642884908201548e-03, 3.222274553375836e-01, 2.111354959728095e+00, -1.150185770118771e+00, 3.014108999999997e+05, 3.120219102621574e-02, 5.290323506356690e+02, 5.785984498834646e-01, 1.086885890654298e-01
327, 6.000000000000000e-02, 1.025274063979892e-02, 1.901185187552247e-01, 2.099827750446118e+00, -1.267065173846134e+00, 3.014108999999998e+05, 3.283231903620124e-02, 5.242366948665681e+02, 5.838027053551965e-01, 8.334719901333325e-02
328, 6.000000000000000e-02, 1.080161078744714e-02, 4.812001477008239e-02, 2.074619819812685e+00, -1.377414757497150e+00, 3.014109000000000e+05, 3.310570769720387e-02, 5.628056681317942e+02, 5.876865762635637e-01, 6.406530860292779e-02
329, 6.000000000000000e-02, 1.129559391401836e-02, -1.011873356094315e-01, 2.046062154129685e+00, -1.487128201582710e+00, 3.014108999999998e+05, 3.203814054927070e-02, 6.617609818329972e+02, 5.907402089159074e-01, 4.962416022652999e-02
330, 6.000000000000000e-02, 1.174017872895828e-02, -2.555574337062257e-01, 2.017876817495383e+00, -1.601182908471452e+00, 3.014109000000000e+05, 2.974606934517735e-02, 8.549436020968730e+02, 5.933926759541109e-01, 3.895275431134945e-02
331, 6.000000000000000e-02, 1.214030506532672e-02, -4.095983412211799e-01, 1.989529866793280e+00, -1.723929596151873e+00, 3.014109000000001e+05, 2.649342718674859e-02, 1.202631571539909e+03, 5.959275148707434e-01, 3.116347169123055e-02
332, 6.000000000000000e-02, 1.250041877431044e-02, -5.545277913472170e-01, 1.959482173923513e+00, -1.857767012769077e+00, 3.014109000000000e+05, 2.258557967897619e-02, 1.793180052754233e+03, 5.984248172240184e-01, 2.553943783839121e-02
333, 6.000000000000000e-02, 1.282452111726899e-02, -6.826719097495962e-01, 1.926223018333335e+00, -1.999653612720056e+00, 3.014109000000000e+05, 1.834646883746895e-02, 2.726603890472247e+03, 6.007055857470132e-01, 2.150977170805768e-02
334, 6.000000000000000e-02, 1.311621321753564e-02, -7.945851510993026e-01, 1.887061338462794e+00, -2.137706916280507e+00, 3.014109000000000e+05, 1.416636121635953e-02, 4.087673402737761e+03, 6.023407469502046e-01, 1.862778760337061e-02
335, 6.000000000000000e-02, 1.337873610954445e-02, -9.030626602820676e-01, 1.836284724543081e+00, -2.251049369388097e+00, 3.014109000000000e+05, 1.043986970859415e-02, 5.929548301658849e+03, 6.027854517623387e-01, 1.655301577350312e-02
336, 6.000000000000000e-02, 1.361500671951247e-02, -1.029005539529589e+00, 1.765163855778400e+00, -2.314212741389190e+00, 3.014109000000000e+05, 7.413870569184257e-03, 8.277548989689905e+03, 6.016159183279237e-01, 1.503455943408549e-02
337, 6.000000000000000e-02, 1.382765027082014e-02, -1.190875453886346e+00, 1.665143433999055e+00, -2.304467924726896e+00, 3.014109000000000e+05, 5.122550179463329e-03, 1.114555431005663e+04, 5.987483505658285e-01, 1.389444786198488e-02
338, 6.000000000000000e-02, 1.401902946566505e-02, -1.395063161127673e+00, 1.532612797005305e+00, -2.208805913592353e+00, 3.014109000000000e+05, 3.459032717381631e-03, 1.456190349647109e+04, 5.945125416114679e-01, 1.301083375751518e-02
339, 6.000000000000000e-02, 1.419127073662504e-02, -1.634072871096074e+00, 1.371784679346493e+00, -2.027810710706816e+00, 3.014109000000000e+05, 2.278433876509286e-03, 1.861648815654708e+04, 5.895463707008584e-01, 1.230184150339140e-02
340, 6.000000000000000e-02, 1.434628787699931e-02, -1.890623511192829e+00, 1.193707369361269e+00, -1.774861303472088e+00, 3.014109000000000e+05, 1.454209332787512e-03, 2.355483271061652e+04, 5.845904386847379e-01, 1.171164708065540e-02
341, 6.000000000000000e-02, 1.448580330971832e-02, -2.148824899130628e+00, 1.011970760077743e+00, -1.472429947039365e+00, 3.014109000000000e+05, 8.894882509248952e-04, 2.996798162562762e+04, 5.802777361410938e-01, 1.119953957674907e-02
342, 6.000000000000000e-02, 1.461136720245523e-02, -2.390407939422730e+00, 8.375625619484509e-01, -1.145517006460096e+00, 3.014108999999999e+05, 5.109502425119038e-04, 3.923533851972538e+04, 5.770331075554621e-01, 1.073282180859343e-02
343, 6.000000000000000e-02, 1.472437470238818e-02, -2.617757923311316e+00, 6.744813983769496e-01, -8.207464184532939e-01, 3.014109000000000e+05, 2.651622290494794e-04, 5.543421154294810e+04, 5.750153435604661e-01, 1.028498248990147e-02
344, 6.000000000000000e-02, 1.482608144927859e-02, -2.780677274763717e+00, 5.168424863203548e-01, -5.147510628693803e-01, 3.014109000000000e+05, 1.133627090592762e-04, 9.510194606603029e+04, 5.743147682601148e-01, 9.836419904890729e-03
345, 6.000000000000000e-02, 1.491761752497080e-02, -3.111747643879756e+00, 3.250751177569101e-01, -2.844447927146885e-01, 3.014108999999999e+05, 3.033277013685482e-05, 2.454709133902338e+05, 5.741130182354500e-01, 9.358171030107255e-03
346, 5.988813090430059e-02, 0.000000000000000e+00, 8.923774022217508e-01, 2.112275639920338e+00, 0.000000000000000e+00, 3.014108999999999e+05, 1.190640737265318e-02, 1.039910262641811e+02, 5.067679522269798e-01, 4.659143894241599e-01
347, 5.974673368005799e-02, 0.000000000000000e+00, 9.187928086574522e-01, 2.099649085035820e+00, 0.000000000000000e+00, 3.014109000000000e+05, 1.170698893016376e-02, 1.026696384018189e+02, 5.065688549301942e-01, 4.667996812138271e-01
348, 5.956882081690449e-02, 0.000000000000000e+00, 9.518047077619513e-01, 2.083785889333992e+00, 0.000000000000000e+00, 3.014109000000000e+05, 1.151701001106679e-02, 1.013086007644118e+02, 5.063388482203188e-01, 4.678230257207264e-01
349, 5.934623182064073e-02, 0.000000000000000e+00, 9.926941526561159e-01, 2.063980521361743e+00, 0.000000000000000e+00, 3.014109000000000e+05, 1.130434900337376e-02, 9.971313764150982e+01, 5.060742881145325e-01, 4.689976221171998e-01
350, 5.906972122022796e-02, 0.000000000000000e+00, 1.042797813237679e+00, 2.039458837167572e+00, 0.000000000000000e+00, 3.014109000000000e+05, 1.105158835607820e-02, 9.774298422302859e+01, 5.057702031421939e-01, 4.703402610074912e-01
351, 5.872924497788379e-02, 0.000000000000000e+00, 1.103375376151986e+00, 2.009423933501804e+00, 0.000000000000000e+00, 3.014109000000000e+05, 1.074991525879345e-02, 9.530127220975963e+01, 5.054199171894019e-01, 4.718709849640423e-01
352, 5.831453267769768e-02, 0.000000000000000e+00, 1.175395679406931e+00, 1.973140468274967e+00, 0.000000000000000e+00, 3.014109000000000e+05, 1.039485073731666e-02, 9.230343274149719e+01, 5.050153765780678e-01, 4.736096103357520e-01
353, 5.781602620648808e-02, 0.000000000000000e+00, 1.259248183299346e+00, 1.930066894620177e+00, 0.000000000000000e+00, 3.014109000000000e+05, 9.985641621747159e-03, 8.867767813029764e+01, 5.045485848391621e-01, 4.755683849868388e-01
354, 5.722622109990660e-02, 0.000000000000000e+00, 1.354407329518917e+00, 1.880032628451834e+00, 0.000000000000000e+00, 3.014109000000000e+05, 9.526105712732968e-03, 8.437987919823381e+01, 5.040143347587326e-01, 4.777418356794174e-01
355, 5.654134703251531e-02, 0.000000000000000e+00, 1.459134502539382e+00, 1.823435307706058e+00, 0.000000000000000e+00, 3.014109000000000e+05, 9.025593006197992e-03, 7.941621954787028e+01, 5.034141492591896e-01, 4.800969606188353e-01
356, 5.576316671462209e-02, 0.000000000000000e+00, 1.570353879167285e+00, 1.761401291826429e+00, 0.000000000000000e+00, 3.014108999999999e+05, 8.499164098470765e-03, 7.386729611248023e+01, 5.027607430546965e-01, 4.825682832566173e-01
357, 5.490049086213179e-02, 0.000000000000000e+00, 1.683847301914225e+00, 1.695826559421339e+00, 0.000000000000000e+00, 3.014109000000000e+05, 7.966360681644394e-03, 6.790360323979064e+01, 5.020812525536436e-01, 4.850619073641566e-01
358, 5.396988318448764e-02, 0.000000000000000e+00, 1.794822085992356e+00, 1.629223563020141e+00, 0.000000000000000e+00, 3.014109000000000e+05, 7.448462589949982e-03, 6.178032390751854e+01, 5.014165201046628e-01, 4.874699035410251e-01
359, 5.299507823016111e-02, 0.000000000000000e+00, 1.898736237581515e+00, 1.564361906144617e+00, 0.000000000000000e+00, 3.014109000000000e+05, 6.964881458173691e-03, 5.580372263368481e+01, 5.008141815214250e-01, 4.896913541356105e-01
360, 5.200492176990367e-02, 0.000000000000000e+00, 1.992083811146449e+00, 1.503795397852091e+00, 0.000000000000000e+00, 3.014109000000000e+05, 6.529808711452215e-03, 5.027086983357585e+01, 5.003158475776280e-01, 4.916514879591850e-01
361, 5.103011681556978e-02, 0.000000000000000e+00, 2.072837388672298e+00, 1.449446994633968e+00, 0.000000000000000e+00, 3.014109000000000e+05, 6.150805147081873e-03, 4.538121115779084e+01, 4.999440492152621e-01, 4.933112793312082e-01
362, 5.009950913791721e-02, 0.000000000000000e+00, 2.140446352736489e+00, 1.402393618025306e+00, 0.000000000000000e+00, 3.014108999999999e+05, 5.829307600146714e-03, 4.127874277892862e+01, 4.996968429906247e-01, 4.946662909366142e-01
363, 4.923683328541811e-02, 0.000000000000000e+00, 2.195545262831192e+00, 1.362880221394607e+00, 0.000000000000000e+00, 3.014109000000000e+05, 5.561716481227812e-03, 3.800568350343942e+01, 4.995530774844844e-01, 4.957382878810204e-01
364, 4.845865296751645e-02, 0.000000000000000e+00, 2.239544117194369e+00, 1.330498414925884e+00, 0.000000000000000e+00, 3.014108999999999e+05, 5.341695016882740e-03, 3.548172676363757e+01, 4.994837809626851e-01, 4.965650754688865e-01
365, 4.777377890011746e-02, 0.000000000000000e+00, 2.274184279864876e+00, 1.304438864337929e+00, 0.000000000000000e+00, 3.014108999999998e+05, 5.162305847908798e-03, 3.357613569848193e+01, 4.994615362057697e-01, 4.971906614214295e-01
366, 4.718397379352942e-02, 0.000000000000000e+00, 2.301204026796563e+00, 1.283732395760092e+00, 0.000000000000000e+00, 3.014109000000000e+05, 5.016989227818541e-03, 3.215381403908686e+01, 4.994651258197732e-01, 4.976578056109798e-01
367, 4.668546732231480e-02, 0.000000000000000e+00, 2.322161416310588e+00, 1.267419743676259e+00, 0.000000000000000e+00, 3.014109000000000e+05, 4.899921058958925e-03, 3.109674996424068e+01, 4.994804413868066e-01, 4.980038921099920e-01
368, 4.627075502212511e-02, 0.000000000000000e+00, 2.338368861777485e+00, 1.254640189392391e+00, 0.000000000000000e+00, 3.014108999999999e+05, 4.806081922565653e-03, 3.031078040960956e+01, 4.994992851046884e-01, 4.982594275779635e-01
369, 4.593027877977816e-02, 0.000000000000000e+00, 2.350888664716095e+00, 1.244663477239222e+00, 0.000000000000000e+00, 3.014109000000000e+05, 4.731209854991994e-03, 2.972446561186711e+01, 4.995175160036949e-01, 4.984481424470349e-01
370, 4.565376817936308e-02, 0.000000000000000e+00, 2.360559697793888e+00, 1.236890970905911e+00, 0.000000000000000e+00, 3.014108999999999e+05, 4.671721660440462e-03, 2.928502124123099e+01, 4.995334162583920e-01, 4.985878996914279e-01
371, 4.543117918309772e-02, 0.000000000000000e+00, 2.368033605469778e+00, 1.230842759415227e+00, 0.000000000000000e+00, 3.014109000000000e+05, 4.624631795880744e-03, 2.895393025169327e+01, 4.995465447630253e-01, 4.986918569853366e-01
372, 4.525326631994318e-02, 0.000000000000000e+00, 2.373817774775654e+00, 1.226138763740079e+00, 0.000000000000000e+00, 3.014108999999999e+05, 4.587475839043125e-03, 2.870318564312597e+01, 4.995570602285499e-01, 4.987695974975116e-01
373, 4.511186909569987e-02, 0.000000000000000e+00, 2.378287833072923e+00, 1.222483295031191e+00, 0.000000000000000e+00, 3.014108999999999e+05, 4.558235608516737e-03, 2.851240781481170e+01, 4.995652895501066e-01, 4.988280082419013e-01
374, 4.722432643366069e-03, 1.574144205972805e-03, 2.619324878887609e+00, 1.003761013811555e+00, -2.566998338746349e-03, 3.014108999999999e+05, 3.698981940299353e-03, 2.540177516129360e+01, 4.999382699741170e-01, 4.999382697542155e-01
375, 8.972622000604252e-03, 1.574144206986908e-03, 2.611042065020309e+00, 1.012171342540636e+00, -3.304758946311561e-03, 3.014108999999999e+05, 3.677907890688910e-03, 2.525931556703279e+01, 5.000671740267693e-01, 5.000671731338703e-01
376, 1.279779241250683e-02, 1.574144207899601e-03, 2.602712062427727e+00, 1.020374283791207e+00, -3.406519238049033e-03, 3.014108999999998e+05, 3.659840062189041e-03, 2.513361453865918e+01, 5.000936362005827e-01, 5.000936329329827e-01
377, 1.624044580256982e-02, 1.574144208721024e-03, 2.595088251509624e+00, 1.027753511907505e+00, -3.332674657941999e-03, 3.014108999999999e+05, 3.643427526126450e-03, 2.501921206635262e+01, 5.000584112747387e-01, 5.000584003908395e-01
378, 1.933883385410906e-02, 1.574144209460305e-03, 2.588524262344694e+00, 1.034270654086934e+00, -3.308044730197684e-03, 3.014108999999999e+05, 3.628791892674351e-03, 2.491693660768923e+01, 5.000083851224649e-01, 5.000083519820395e-01
379, 2.212738309492636e-02, 1.574144210125659e-03, 2.582568289027164e+00, 1.040213196159350e+00, -3.427994706656955e-03, 3.014108999999998e+05, 3.616273266172424e-03, 2.482781814902370e+01, 4.999590577447624e-01, 4.999589651841732e-01
380, 2.463707742575537e-02, 1.574144210724476e-03, 2.576876936376498e+00, 1.045887176692613e+00, -3.732340566849954e-03, 3.014108999999999e+05, 3.606268190780124e-03, 2.475296020910951e+01, 4.999156624736149e-01, 4.999154245065160e-01
381, 2.689580232756601e-02, 1.574144211263412e-03, 2.571144329158926e+00, 1.051562690389781e+00, -4.241115609022973e-03, 3.014109000000000e+05, 3.599239804748708e-03, 2.469364772371932e+01, 4.998786343641832e-01, 4.998780690286566e-01
382, 2.892865473359234e-02, 1.574144211748454e-03, 2.565144121867547e+00, 1.057449743536057e+00, -4.965362452014879e-03, 3.014109000000000e+05, 3.595769970213797e-03, 2.465161816031885e+01, 4.998473505700203e-01, 4.998461042920972e-01
383, 3.075822192667292e-02, 1.574144212184993e-03, 2.558710704598430e+00, 1.063698865830936e+00, -5.909373509807765e-03, 3.014109000000000e+05, 3.596573805732326e-03, 2.462911841881084e+01, 4.998209687437785e-01, 4.998184079331211e-01
384, 3.240483236854580e-02, 1.574144212577877e-03, 2.551736218456187e+00, 1.070404268568704e+00, -7.070346937307781e-03, 3.014109000000000e+05, 3.602474625206937e-03, 2.462880085709649e+01, 4.997987168317995e-01, 4.997937895726139e-01
385, 3.388678174732602e-02, 1.574144212931473e-03, 2.544164416917002e+00, 1.077609316632991e+00, -8.438048219287158e-03, 3.014109000000000e+05, 3.614343230533517e-03, 2.465347547432632e+01, 4.997799150794061e-01, 4.997709953902662e-01
386, 3.522053619133973e-02, 1.574144213249708e-03, 2.535985273077104e+00, 1.085313107584255e+00, -9.995120430493115e-03, 3.014108999999999e+05, 3.633014618891821e-03, 2.470577629444783e+01, 4.997639771444122e-01, 4.997487132347385e-01
387, 3.642091519974788e-02, 1.574144213536121e-03, 2.527228290990418e+00, 1.093478178683432e+00, -1.171808484634865e-02, 3.014108999999998e+05, 3.659198133114181e-03, 2.478780735325972e+01, 4.997504095863450e-01, 4.997256022059658e-01
388, 3.750125632627299e-02, 1.574144213793892e-03, 2.517955011042233e+00, 1.102038880604114e+00, -1.357883311263255e-02, 3.014109000000000e+05, 3.693396947222208e-03, 2.490083440456427e+01, 4.997388134321833e-01, 4.997003485014841e-01
389, 3.847356335445028e-02, 1.574144214025887e-03, 2.508251003880060e+00, 1.110909879947497e+00, -1.554636713208226e-02, 3.014108999999999e+05, 3.735849145861990e-03, 2.504507331763518e+01, 4.997288791558260e-01, 4.996717306665122e-01
390, 3.934863965480104e-02, 1.574144214234681e-03, 2.498217899939171e+00, 1.119994224933961e+00, -1.758856429252761e-02, 3.014109000000000e+05, 3.786497048207610e-03, 2.521960241574302e+01, 4.997203725594199e-01, 4.996386799487972e-01
391, 4.013620833044416e-02, 1.574144214422597e-03, 2.487965919549005e+00, 1.129190519108975e+00, -1.967379571413926e-02, 3.014109000000000e+05, 3.844984733601186e-03, 2.542240027406917e+01, 4.997131135499590e-01, 4.996003260731784e-01
392, 4.084502016010144e-02, 1.574144214591721e-03, 2.477607268604679e+00, 1.138398895979449e+00, -2.177227295796120e-02, 3.014109000000001e+05, 3.910673295212256e-03, 2.565048868826814e+01, 4.997069525612950e-01, 4.995560246373361e-01
393, 4.148295081366148e-02, 1.574144214743932e-03, 2.467250558007994e+00, 1.147525647419945e+00, -2.385701778621960e-02, 3.014108999999999e+05, 3.982631724884113e-03, 2.590014534648369e+01, 4.997017493133370e-01, 4.995053666515363e-01
394, 4.205708839795670e-02, 1.574144214880922e-03, 2.456996214276571e+00, 1.156486500422808e+00, -2.590436378571196e-02, 3.014109000000000e+05, 4.059432812139100e-03, 2.616714246061489e+01, 4.996973588458110e-01, 4.994481747352718e-01
395, 4.257381221063099e-02, 1.574144215004214e-03, 2.446930855499924e+00, 1.165208359828772e+00, -2.789413377825524e-02, 3.014108999999998e+05, 4.138076495472655e-03, 2.644698100834242e+01, 4.996936017960770e-01, 4.993844636790075e-01
396, 4.303886363158065e-02, 1.574144215115176e-03, 2.437126935286874e+00, 1.173630733243582e+00, -2.981025158594503e-02, 3.014108999999999e+05, 4.210312087190624e-03, 2.673517028873997e+01, 4.996902656342184e-01, 4.993144085532278e-01
397, 4.345740992961589e-02, 1.574144215215042e-03, 2.427647860677023e+00, 1.181705856154077e+00, -3.164069536033543e-02, 3.014108999999999e+05, 4.276570410822578e-03, 2.702745007420450e+01, 4.996871364371636e-01, 4.992383395029626e-01
398, 4.383410160768047e-02, 1.574144215304921e-03, 2.418546736265650e+00, 1.189397863651790e+00, -3.337697349912064e-02, 3.014108999999998e+05, 4.337248730325719e-03, 2.731987313287722e+01, 4.996840001773917e-01, 4.991567179274797e-01
399, 4.417312410737734e-02, 1.574144215385812e-03, 2.409863726989431e+00, 1.196682162180695e+00, -3.501377766883941e-02, 3.014108999999998e+05, 4.392674923987071e-03, 2.760873339550406e+01, 4.996806434062999e-01, 4.990701059983499e-01
400, 4.447824434796371e-02, 1.574144215458614e-03, 2.401627773254607e+00, 1.203544037045972e+00, -3.654863230024003e-02, 3.014108999999998e+05, 4.443009329333947e-03, 2.788987201596207e+01, 4.996768637653179e-01, 4.989791471078311e-01
401, 4.475285257497008e-02, 1.574144215524137e-03, 2.393858247784129e+00, 1.209976862305058e+00, -3.798120256066078e-02, 3.014108999999998e+05, 4.487987113058745e-03, 2.815572652683215e+01, 4.996724442506028e-01, 4.988845121313404e-01
402, 4.722432640324058e-03, 2.990873993175024e-03, 2.620063885525444e+00, 1.004631964050537e+00, -5.031490366523506e-03, 3.014108999999999e+05, 3.701517985799813e-03, 2.541123006978525e+01, 4.999626881151949e-01, 4.999626878796673e-01
403, 8.972621998084462e-03, 2.990873994015001e-03, 2.611161033389182e+00, 1.013570540086487e+00, -6.370403761095466e-03, 3.014108999999999e+05, 3.682336103047637e-03, 2.527546783510494e+01, 5.000737357107932e-01, 5.000737347387769e-01
404, 1.279779241031956e-02, 2.990873994770979e-03, 2.602614088005463e+00, 1.022017035612469e+00, -6.509964510765673e-03, 3.014108999999999e+05, 3.666016334489463e-03, 2.515642983416085e+01, 5.000850101801125e-01, 5.000850065532180e-01
405, 1.624044580067431e-02, 2.990873995451360e-03, 2.594990287696171e+00, 1.029465083542025e+00, -6.334878189241728e-03, 3.014109000000000e+05, 3.651029730952320e-03, 2.504831319434003e+01, 5.000437286534735e-01, 5.000437163144079e-01
406, 1.933883385246844e-02, 2.990873996063704e-03, 2.588519083287548e+00, 1.035951034554805e+00, -6.262147368024516e-03, 3.014109000000000e+05, 3.637388642807773e-03, 2.495158456721274e+01, 4.999942723724597e-01, 4.999942339530335e-01
407, 2.212738309350879e-02, 2.990873996614813e-03, 2.582714343156257e+00, 1.041793573513116e+00, -6.464713953439641e-03, 3.014109000000000e+05, 3.625388000580413e-03, 2.486708008585964e+01, 4.999493944234379e-01, 4.999492846101439e-01
408, 2.463707742446716e-02, 2.990873997110811e-03, 2.577225065004392e+00, 1.047307691425788e+00, -7.013009500319287e-03, 3.014109000000000e+05, 3.615411398445447e-03, 2.479579914385695e+01, 4.999124053543835e-01, 4.999121162979223e-01
409, 2.689580232651766e-02, 2.990873997557209e-03, 2.571750520599136e+00, 1.052762780310299e+00, -7.942327081160315e-03, 3.014108999999999e+05, 3.607926377093317e-03, 2.473898637612111e+01, 4.998827400860917e-01, 4.998820368936548e-01
410, 2.892865473264419e-02, 2.990873997958967e-03, 2.566070020938103e+00, 1.058366131032091e+00, -9.272326405194408e-03, 3.014109000000000e+05, 3.603530012551740e-03, 2.469838945944892e+01, 4.998592920979825e-01, 4.998577049586218e-01
411, 3.075822192590506e-02, 2.990873998320549e-03, 2.560021809095341e+00, 1.064266710890094e+00, -1.101082231677653e-02, 3.014108999999999e+05, 3.602961870864259e-03, 2.467631867714513e+01, 4.998410163368968e-01, 4.998376789433014e-01
412, 3.240483236789066e-02, 2.990873998645973e-03, 2.553498570579319e+00, 1.070559715110733e+00, -1.315289251310617e-02, 3.014109000000000e+05, 3.607078679142139e-03, 2.467554531739230e+01, 4.998270667008086e-01, 4.998205001595284e-01
413, 3.388678174676983e-02, 2.990873998938855e-03, 2.546441158663365e+00, 1.077292377368209e+00, -1.568010309701316e-02, 3.014109000000000e+05, 3.616793459206175e-03, 2.469905301272354e+01, 4.998167436330990e-01, 4.998046002661711e-01
414, 3.522053619086866e-02, 2.990873999202449e-03, 2.538833420399729e+00, 1.084470368626606e+00, -1.856098249571128e-02, 3.014109000000000e+05, 3.632991685877876e-03, 2.474969837204235e+01, 4.998094593437420e-01, 4.997882575904054e-01
415, 3.642091519935017e-02, 2.990873999439684e-03, 2.530696069118989e+00, 1.092065008246555e+00, -2.175279138018383e-02, 3.014109000000000e+05, 3.656440379248200e-03, 2.482984647016037e+01, 4.998047236496149e-01, 4.997696173975725e-01
416, 3.750125632592000e-02, 2.990873999653195e-03, 2.522079921450532e+00, 1.100020971434713e+00, -2.520420347883216e-02, 3.014109000000000e+05, 3.687705961402191e-03, 2.494104773231460e+01, 4.998021421236093e-01, 4.997467696655883e-01
417, 3.847356335417140e-02, 2.990873999845354e-03, 2.513058712144903e+00, 1.108264054406905e+00, -2.885844273868074e-02, 3.014109000000000e+05, 3.727093109824218e-03, 2.508380808182601e+01, 4.998014112282129e-01, 4.997178587965291e-01
418, 3.934863965456966e-02, 2.990874000018297e-03, 2.503721943258943e+00, 1.116708516423185e+00, -3.265647235458741e-02, 3.014109000000000e+05, 3.774611367597861e-03, 2.525748117488601e+01, 4.998023041579551e-01, 4.996811996364670e-01
419, 4.013620833025312e-02, 2.990874000173947e-03, 2.494168156493394e+00, 1.125263612755396e+00, -3.653992838086657e-02, 3.014109000000000e+05, 3.829969972197980e-03, 2.546028648623851e+01, 4.998046479245432e-01, 4.996353782263841e-01
420, 4.084502015993632e-02, 2.990874000314031e-03, 2.484498932190107e+00, 1.133839063045665e+00, -4.045358080066758e-02, 3.014109000000000e+05, 3.892592384221919e-03, 2.568943551296551e+01, 4.998082965024370e-01, 4.995793238382171e-01
421, 4.148295081353470e-02, 2.990874000440107e-03, 2.474813752936402e+00, 1.142349342016662e+00, -4.434715185620360e-02, 3.014109000000000e+05, 3.961616725744786e-03, 2.594133344471544e+01, 4.998131061032187e-01, 4.995123479024999e-01
422, 4.205708839785502e-02, 2.990874000553576e-03, 2.465205762786684e+00, 1.150716814377428e+00, -4.817635203423406e-02, 3.014109000000000e+05, 4.035746173825339e-03, 2.621181644152496e+01, 4.998189199602625e-01, 4.994341547149847e-01
423, 4.257381221055125e-02, 2.990874000655697e-03, 2.455756731674919e+00, 1.158873574899037e+00, -5.190337299151717e-02, 3.014109000000000e+05, 4.112403570609821e-03, 2.649639150708776e+01, 4.998255458637254e-01, 4.993448088902329e-01
424, 4.303886363151914e-02, 2.990874000747606e-03, 2.446535309468542e+00, 1.166762790320654e+00, -5.549786426942785e-02, 3.014109000000001e+05, 4.184127976879101e-03, 2.679050765176094e+01, 4.998327506407069e-01, 4.992446799969348e-01
425, 4.345740992956732e-02, 2.990874000830325e-03, 2.437601376838412e+00, 1.174338993055950e+00, -5.893658939879665e-02, 3.014109000000000e+05, 4.249941180571895e-03, 2.708979125108916e+01, 4.998402872093659e-01, 4.991344071084292e-01
426, 4.383410160764729e-02, 2.990874000904772e-03, 2.429006312382032e+00, 1.181567428409344e+00, -6.220291130616694e-02, 3.014109000000001e+05, 4.310236474057235e-03, 2.739015289090632e+01, 4.998479039749334e-01, 4.990148559684772e-01
427, 4.417312410735483e-02, 2.990874000971774e-03, 2.420790132669984e+00, 1.188423584307573e+00, -6.528615464058336e-02, 3.014109000000000e+05, 4.365337238479856e-03, 2.768771523143332e+01, 4.998553449427253e-01, 4.988870644841549e-01
428, 4.447824434795019e-02, 2.990874001032076e-03, 2.412982470627853e+00, 1.194892070214445e+00, -6.818096508369804e-02, 3.014109000000000e+05, 4.415399197131860e-03, 2.797809464650762e+01, 4.998623603882268e-01, 4.987521990580567e-01
429, 4.475285257496400e-02, 2.990874001086347e-03, 2.405604095902359e+00, 1.200965013524836e+00, -7.088600453168756e-02, 3.014109000000000e+05, 4.460153364447436e-03, 2.825331986368518e+01, 4.998686831794654e-01, 4.986114809336558e-01
430, 4.722432637586250e-03, 4.265930798069517e-03, 2.621119967408582e+00, 1.006002429222139e+00, -7.500322506221704e-03, 3.014109000000000e+05, 3.706064250673213e-03, 2.542883437163897e+01, 5.000010453993255e-01, 5.000010451422862e-01
431, 8.972621995816651e-03, 4.265930798798554e-03, 2.611309480280672e+00, 1.015719966245113e+00, -9.274835114711191e-03, 3.014109000000000e+05, 3.690065400493624e-03, 2.530575698811906e+01, 5.000826462709417e-01, 5.000826451886230e-01
432, 1.279779240835103e-02, 4.265930799454687e-03, 2.602451762733379e+00, 1.024516955204106e+00, -9.361610840233590e-03, 3.014109000000001e+05, 3.676516553600376e-03, 2.519991306682702e+01, 5.000709037938077e-01, 5.000708996591762e-01
433, 1.624044579896836e-02, 4.265930800045207e-03, 2.594832679444339e+00, 1.032058331376739e+00, -9.040276210114922e-03, 3.014109000000001e+05, 3.663618831847262e-03, 2.510504686562113e+01, 5.000213994613040e-01, 5.000213850376212e-01
434, 1.933883385099188e-02, 4.265930800576675e-03, 2.588491707653751e+00, 1.038494183894368e+00, -8.883718230592018e-03, 3.014109000000000e+05, 3.651268840149262e-03, 2.502111252202302e+01, 4.999733968722037e-01, 4.999733507860307e-01
435, 2.212738309223297e-02, 4.265930801054996e-03, 2.582895871443537e+00, 1.044189796454701e+00, -9.121539330219575e-03, 3.014109000000000e+05, 3.639753049901621e-03, 2.494865734972509e+01, 4.999350534076690e-01, 4.999349181907675e-01
436, 2.463707742330777e-02, 4.265930801485486e-03, 2.577683240501691e+00, 1.049474426743964e+00, -9.843561534457529e-03, 3.014109000000000e+05, 3.629488539393661e-03, 2.488850995726752e+01, 4.999067005733157e-01, 4.999063352426016e-01
437, 2.689580232557415e-02, 4.265930801872926e-03, 2.572560673247861e+00, 1.054617476097518e+00, -1.109446751247437e-02, 3.014109000000000e+05, 3.620990128219491e-03, 2.484184275496217e+01, 4.998863375075360e-01, 4.998854256302274e-01
438, 2.892865473179086e-02, 4.265930802221623e-03, 2.567315620972769e+00, 1.059823006171965e+00, -1.289953118168706e-02, 3.014109000000000e+05, 3.614905247402201e-03, 2.481041772920875e+01, 4.998722357442248e-01, 4.998701254650831e-01
439, 3.075822192521398e-02, 4.265930802535447e-03, 2.561792144965773e+00, 1.065237947761607e+00, -1.526905252123445e-02, 3.014109000000001e+05, 3.612025128320391e-03, 2.479664794158588e+01, 4.998631544847627e-01, 4.998586089674169e-01
440, 3.240483236730105e-02, 4.265930802817892e-03, 2.555884311451380e+00, 1.070958634963615e+00, -1.819660108441792e-02, 3.014109000000002e+05, 3.613260087826284e-03, 2.480349164048132e+01, 4.998582446403547e-01, 4.998490940415078e-01
441, 3.388678174626927e-02, 4.265930803072091e-03, 2.549529764903467e+00, 1.077037128733109e+00, -2.165765742487774e-02, 3.014109000000000e+05, 3.619579617324594e-03, 2.483419323980637e+01, 4.998568894492212e-01, 4.998395997722732e-01
442, 3.522053619044473e-02, 4.265930803300871e-03, 2.542704827161571e+00, 1.083487436214686e+00, -2.561008083716354e-02, 3.014109000000000e+05, 3.631929141739820e-03, 2.489192790014221e+01, 4.998586192139121e-01, 4.998278241621688e-01
443, 3.642091519899221e-02, 4.265930803506772e-03, 2.535419085244985e+00, 1.090292130081300e+00, -2.999640543835202e-02, 3.014109000000001e+05, 3.651139320309532e-03, 2.497941722600083e+01, 4.998630758846216e-01, 4.998111446799554e-01
444, 3.750125632560228e-02, 4.265930803692084e-03, 2.527709543712808e+00, 1.097409249102940e+00, -3.474739415556242e-02, 3.014109000000000e+05, 3.677843701754289e-03, 2.509858376969080e+01, 4.998700014695497e-01, 4.997867267772211e-01
445, 3.847356335392040e-02, 4.265930803858865e-03, 2.519634459936313e+00, 1.104779162153194e+00, -3.978620910988453e-02, 3.014109000000000e+05, 3.712416845099605e-03, 2.525029699106002e+01, 4.998792264184369e-01, 4.997517050664148e-01
446, 3.934863965436142e-02, 4.265930804008966e-03, 2.511267219607560e+00, 1.112331010227763e+00, -4.503264815160184e-02, 3.014109000000001e+05, 3.754939589846454e-03, 2.543424054331975e+01, 4.998906479826375e-01, 4.997033951005999e-01
447, 4.013620833008119e-02, 4.265930804144059e-03, 2.502690562903333e+00, 1.119988417764330e+00, -5.040704543723227e-02, 3.014109000000000e+05, 3.805192349333521e-03, 2.564890651562464e+01, 4.999041987314469e-01, 4.996394936705899e-01
448, 4.084502015978772e-02, 4.265930804265641e-03, 2.493991395776264e+00, 1.127674279872504e+00, -5.583356631655587e-02, 3.014109000000000e+05, 3.862670417243379e-03, 2.589170168699601e+01, 4.999198111720761e-01, 4.995582348368625e-01
449, 4.148295081342059e-02, 4.265930804375067e-03, 2.485256301582534e+00, 1.135314559409353e+00, -6.124271661728346e-02, 3.014109000000000e+05, 3.926599277005894e-03, 2.615913696169591e+01, 4.999373862943897e-01, 4.994584848202249e-01
450, 4.205708839776352e-02, 4.265930804473549e-03, 2.476567790235796e+00, 1.142841142337575e+00, -6.657295311271205e-02, 3.014109000000001e+05, 3.995864982846035e-03, 2.644706496765932e+01, 4.999567742810396e-01, 4.993397766047189e-01
451, 4.257381221047950e-02, 4.265930804562180e-03, 2.468000474305575e+00, 1.150193747756295e+00, -7.177160185568515e-02, 3.014109000000001e+05, 4.068514331596231e-03, 2.675092933702340e+01, 4.999777626313792e-01, 4.992022847192832e-01
452, 4.303886363146379e-02, 4.265930804641953e-03, 2.459617561200370e+00, 1.157321018591308e+00, -7.679571667321579e-02, 3.014109000000000e+05, 4.139490750818480e-03, 2.706601797940574e+01, 5.000000644202680e-01, 4.990467373805468e-01
453, 4.345740992952361e-02, 4.265930804713746e-03, 2.451473240642666e+00, 1.164181153808067e+00, -8.161181719817405e-02, 3.014109000000000e+05, 4.204679804189843e-03, 2.738771368157033e+01, 5.000233446414620e-01, 4.988743297568144e-01
454, 4.383410160761742e-02, 4.265930804778359e-03, 2.443615142109136e+00, 1.170741576861350e+00, -8.619545107289335e-02, 3.014109000000000e+05, 4.264465916078615e-03, 2.771164864957261e+01, 5.000472471141932e-01, 4.986866385225419e-01
455, 4.417312410733460e-02, 4.265930804836514e-03, 2.436082322461694e+00, 1.176978407860714e+00, -9.053032609186662e-02, 3.014109000000000e+05, 4.319161683962802e-03, 2.803362371023901e+01, 5.000714015220605e-01, 4.984855304040678e-01
456, 4.447824434793805e-02, 4.265930804888850e-03, 2.428904710637827e+00, 1.182875790883650e+00, -9.460762336978011e-02, 3.014109000000000e+05, 4.368910546066677e-03, 2.834882367449855e+01, 5.000954342430517e-01, 4.982730728824536e-01
457, 4.475285257495853e-02, 4.265930804935955e-03, 2.422104453863669e+00, 1.188424544251377e+00, -9.842410863422289e-02, 3.014109000000000e+05, 4.413425193473607e-03, 2.864839183910079e+01, 5.001189503933380e-01, 4.980514265706831e-01
458, 4.722432635122223e-03, 5.413481928904168e-03, 2.622360569310201e+00, 1.007845761976484e+00, -1.002951329891298e-02, 3.014108999999998e+05, 3.713057676954967e-03, 2.545760583150909e+01, 5.000487001481293e-01, 5.000486998666073e-01
459, 8.972621993775624e-03, 5.413481929536089e-03, 2.611439547734121e+00, 1.018522219032135e+00, -1.205906686612013e-02, 3.014108999999998e+05, 3.701465284877437e-03, 2.535705174137471e+01, 5.000898661835131e-01, 5.000898649734926e-01
460, 1.279779240657934e-02, 5.413481930104821e-03, 2.602217885105177e+00, 1.027730054653715e+00, -1.199259662255595e-02, 3.014109000000000e+05, 3.691350995227936e-03, 2.527674679934217e+01, 5.000502856479915e-01, 5.000502809150391e-01
461, 1.624044579743300e-02, 5.413481930616679e-03, 2.594618976074039e+00, 1.035362929072960e+00, -1.147437024931125e-02, 3.014109000000000e+05, 3.680647516067069e-03, 2.520967299440489e+01, 4.999929987124688e-01, 4.999929817890469e-01
462, 1.933883384966297e-02, 5.413481931077350e-03, 2.588436460052227e+00, 1.041718344510535e+00, -1.119532942946809e-02, 3.014108999999999e+05, 3.669257275666155e-03, 2.515482414980812e+01, 4.999486533962367e-01, 4.999485979568019e-01
463, 2.212738309108473e-02, 5.413481931491953e-03, 2.583086257097365e+00, 1.047220605898748e+00, -1.142035655284045e-02, 3.014108999999998e+05, 3.657597296620558e-03, 2.511206595462414e+01, 4.999191153528318e-01, 4.999189486082272e-01
464, 2.463707742226433e-02, 5.413481931865097e-03, 2.578194251319613e+00, 1.052218337100802e+00, -1.224732137334013e-02, 3.014108999999999e+05, 3.646231114718258e-03, 2.508175501546844e+01, 4.999010456281995e-01, 4.999005840043296e-01
465, 2.689580232472499e-02, 5.413481932200929e-03, 2.573477336142180e+00, 1.056982405608866e+00, -1.372436788464855e-02, 3.014108999999999e+05, 3.635799464683795e-03, 2.506480889925431e+01, 4.998908780935427e-01, 4.998896982473768e-01
466, 2.892865473102284e-02, 5.413481932503174e-03, 2.568733105671404e+00, 1.061713855701222e+00, -1.587929975139333e-02, 3.014108999999999e+05, 3.627048244085731e-03, 2.506293271580700e+01, 4.998863274198844e-01, 4.998835340190390e-01
467, 3.075822192459201e-02, 5.413481932775197e-03, 2.563813104145459e+00, 1.066557382971395e+00, -1.872372215444599e-02, 3.014109000000000e+05, 3.620844236568795e-03, 2.507865905520949e+01, 4.998860843962974e-01, 4.998799351503360e-01
468, 3.240483236677039e-02, 5.413481933020016e-03, 2.558613758619101e+00, 1.071610298397875e+00, -2.225007688797322e-02, 3.014109000000000e+05, 3.618156466281812e-03, 2.511520581906843e+01, 4.998894363321469e-01, 4.998768003890468e-01
469, 3.388678174581874e-02, 5.413481933240353e-03, 2.553069869747024e+00, 1.076929526357497e+00, -2.642953751474447e-02, 3.014108999999999e+05, 3.620001527429939e-03, 2.517617565195836e+01, 4.998959934307861e-01, 4.998716555756841e-01
470, 3.522053619006317e-02, 5.413481933438657e-03, 2.547150039565217e+00, 1.082537693363899e+00, -3.121230769616314e-02, 3.014109000000000e+05, 3.627364441599560e-03, 2.526515844117482e+01, 4.999055555945965e-01, 4.998614306508537e-01
471, 3.642091519867006e-02, 5.413481933617133e-03, 2.540852068659650e+00, 1.088429150017224e+00, -3.653023269780141e-02, 3.014108999999999e+05, 3.641111428284805e-03, 2.538530846964213e+01, 4.999180579487552e-01, 4.998424316224072e-01
472, 3.750125632531635e-02, 5.413481933777758e-03, 2.534198099136176e+00, 1.094576053174196e+00, -4.230096721228978e-02, 3.014109000000000e+05, 3.661910753948951e-03, 2.553896529054124e+01, 4.999335474198107e-01, 4.998104901376542e-01
473, 3.847356335369453e-02, 5.413481933922322e-03, 2.527229515614308e+00, 1.100934327587962e+00, -4.843288038886812e-02, 3.014109000000000e+05, 3.690173706813178e-03, 2.572737057816979e+01, 4.999521572462697e-01, 4.997612494763856e-01
474, 3.934863965417400e-02, 5.413481934052428e-03, 2.520001871666463e+00, 1.107449210863894e+00, -5.483002045249447e-02, 3.014108999999999e+05, 3.726022074931311e-03, 2.595050988464514e+01, 4.999740670596128e-01, 4.996905256140503e-01
475, 4.013620832992645e-02, 5.413481934169524e-03, 2.512580099987246e+00, 1.114060134075016e+00, -6.139666834831937e-02, 3.014108999999999e+05, 3.769283012485146e-03, 2.620708475564919e+01, 4.999994513645825e-01, 4.995946707922896e-01
476, 4.084502015965397e-02, 5.413481934274912e-03, 2.505034196035734e+00, 1.120704792711594e+00, -6.804118882567906e-02, 3.014109000000000e+05, 3.819507332875373e-03, 2.649460156697718e+01, 5.000284267348158e-01, 4.994708733056256e-01
477, 4.148295081331790e-02, 5.413481934369759e-03, 2.497435474527874e+00, 1.127322378055847e+00, -7.467902455316086e-02, 3.014109000000000e+05, 3.876000936320130e-03, 2.680955127179343e+01, 5.000610087615744e-01, 4.993173503322965e-01
478, 4.205708839768117e-02, 5.413481934455124e-03, 2.489853423965767e+00, 1.133856029770869e+00, -8.123478414661904e-02, 3.014109000000000e+05, 3.937840517431583e-03, 2.714764911822109e+01, 5.000970865430332e-01, 4.991334217281360e-01
479, 4.257381221041490e-02, 5.413481934531950e-03, 2.482353021380752e+00, 1.140254603704622e+00, -8.764355237281769e-02, 3.014109000000000e+05, 4.003772847022471e-03, 2.750409944001770e+01, 5.001364160348235e-01, 4.989194775904079e-01
480, 4.303886363141397e-02, 5.413481934601095e-03, 2.474991321488546e+00, 1.146473648727563e+00, -9.385160020934856e-02, 3.014109000000000e+05, 4.071639318062744e-03, 2.787384854338086e+01, 5.001786171725330e-01, 4.986768527841525e-01
481, 4.345740992948426e-02, 5.413481934663325e-03, 2.467816364165063e+00, 1.152476134987370e+00, -9.981654107107132e-02, 3.014109000000000e+05, 4.136125491119485e-03, 2.825183343738188e+01, 5.002231981247131e-01, 4.984076546378431e-01
482, 4.383410160759055e-02, 5.413481934719332e-03, 2.460869308202569e+00, 1.158232578127206e+00, -1.055066529400899e-01, 3.014109000000000e+05, 4.195406502606832e-03, 2.863317187683238e+01, 5.002695980467325e-01, 4.981145899765674e-01
483, 4.417312410731637e-02, 5.413481934769738e-03, 2.454186225166670e+00, 1.163720548865289e+00, -1.108999536445171e-01, 3.014109000000000e+05, 4.249751304434841e-03, 2.901309001271304e+01, 5.003172261111506e-01, 4.978008182039397e-01
484, 4.447824434792708e-02, 5.413481934815105e-03, 2.447796724401481e+00, 1.168924292732155e+00, -1.159838198497146e-01, 3.014109000000000e+05, 4.299276604532084e-03, 2.938599128614406e+01, 5.003654778983349e-01, 4.974697912765394e-01
485, 4.475285257495359e-02, 5.413481934855933e-03, 2.441723669853467e+00, 1.173833790797599e+00, -1.207524288696578e-01, 3.014109000000000e+05, 4.343652638698064e-03, 2.974121232209930e+01, 5.004137220289274e-01, 4.971250902994395e-01
486, 4.722432632904597e-03, 6.446277946794706e-03, 2.623677930831795e+00, 1.010137697367664e+00, -1.264030782222606e-02, 3.014109000000000e+05, 3.722895664503068e-03, 2.550385670811129e+01, 5.001000966159037e-01, 5.001000963091410e-01
487, 8.972621991938698e-03, 6.446277947341659e-03, 2.611516050103795e+00, 1.021883462516995e+00, -1.473818629001744e-02, 3.014109000000000e+05, 3.716461559279479e-03, 2.544549218786984e+01, 5.000913436613191e-01, 5.000913423168251e-01
488, 1.279779240498483e-02, 6.446277947833916e-03, 2.601910916453374e+00, 1.031511677612332e+00, -1.441820490619463e-02, 3.014109000000000e+05, 3.709574997723022e-03, 2.541745357600055e+01, 5.000226733959291e-01, 5.000226680195283e-01
489, 1.624044579605118e-02, 6.446277948276950e-03, 2.594356090057703e+00, 1.039200792387485e+00, -1.365391454482540e-02, 3.014109000000000e+05, 3.700165931412783e-03, 2.541026051130394e+01, 4.999606389924505e-01, 4.999606193259417e-01
490, 1.933883384846695e-02, 6.446277948675676e-03, 2.588352900234332e+00, 1.045426672424328e+00, -1.321650217303777e-02, 3.014109000000000e+05, 3.688470497367708e-03, 2.542012526960736e+01, 4.999232290617354e-01, 4.999231631556535e-01
491, 2.212738309005132e-02, 6.446277949034534e-03, 2.583268574296769e+00, 1.050683311773270e+00, -1.338572633478562e-02, 3.014108999999998e+05, 3.675281375512447e-03, 2.544483048047529e+01, 4.999047512995048e-01, 4.999045485903096e-01
492, 2.463707742132522e-02, 6.446277949357503e-03, 2.578717373567048e+00, 1.055343266014751e+00, -1.425695587936426e-02, 3.014109000000000e+05, 3.661455966251256e-03, 2.548336465463585e+01, 4.998980161969779e-01, 4.998974426299013e-01
493, 2.689580232396075e-02, 6.446277949648176e-03, 2.574428757120721e+00, 1.059680069063007e+00, -1.587625262611322e-02, 3.014109000000000e+05, 3.647833887973924e-03, 2.553595089225263e+01, 4.998981101865521e-01, 4.998966129583194e-01
494, 2.892865473033163e-02, 6.446277949909783e-03, 2.570212139900321e+00, 1.063891598347473e+00, -1.827099188672822e-02, 3.014108999999998e+05, 3.635282858346695e-03, 2.560414140890076e+01, 4.999024473779712e-01, 4.998988299641809e-01
495, 3.075822192403224e-02, 6.446277950145228e-03, 2.565927946533577e+00, 1.068119549132864e+00, -2.145283144201309e-02, 3.014108999999998e+05, 3.624736646886881e-03, 2.569071842475247e+01, 4.999098646698740e-01, 4.999017461881385e-01
496, 3.240483236629278e-02, 6.446277950357130e-03, 2.561475951386927e+00, 1.072461249916900e+00, -2.541320174093342e-02, 3.014108999999999e+05, 3.617193526149930e-03, 2.579941332895303e+01, 4.999199556241783e-01, 4.999029657593497e-01
497, 3.388678174541328e-02, 6.446277950547839e-03, 2.556788830066022e+00, 1.076977489518574e+00, -3.012028293286305e-02, 3.014109000000000e+05, 3.613673754613871e-03, 2.593448598556271e+01, 4.999327072103165e-01, 4.998994186135492e-01
498, 3.522053618971978e-02, 6.446277950719479e-03, 2.551827989037984e+00, 1.081698520662830e+00, -3.551897122618523e-02, 3.014108999999998e+05, 3.615149288270632e-03, 2.610022928383010e+01, 4.999483407212635e-01, 4.998870218061365e-01
499, 3.642091519838012e-02, 6.446277950873956e-03, 2.546579848516083e+00, 1.086629484289967e+00, -4.153362387578249e-02, 3.014108999999999e+05, 3.622463941372419e-03, 2.630047115595689e+01, 4.999672513386783e-01, 4.998606125033997e-01
500, 3.750125632505903e-02, 6.446277951012985e-03, 2.541052012992189e+00, 1.091755688908745e+00, -4.807264892824244e-02, 3.014108999999998e+05, 3.636261269627281e-03, 2.653814068551681e+01, 4.999899760918218e-01, 4.998141469977806e-01
501, 3.847356335349122e-02, 6.446277951138110e-03, 2.535269210197485e+00, 1.097047729662293e+00, -5.503394326515727e-02, 3.014109000000000e+05, 3.656932411143548e-03, 2.681494634253339e+01, 5.000171477949619e-01, 4.997411293036935e-01
502, 3.934863965400532e-02, 6.446277951250720e-03, 2.529269182927399e+00, 1.102466234658800e+00, -6.231037233910981e-02, 3.014108999999998e+05, 3.684589797210679e-03, 2.713119068134934e+01, 5.000494218445076e-01, 4.996351898089051e-01
503, 4.013620832978718e-02, 6.446277951352074e-03, 2.523098773818953e+00, 1.107966025046460e+00, -6.979475685819966e-02, 3.014108999999999e+05, 3.719067052003481e-03, 2.748572357744347e+01, 5.000873854425224e-01, 4.994907004993788e-01
504, 4.084502015953362e-02, 6.446277951443289e-03, 2.516810389690657e+00, 1.113499559647777e+00, -7.738406328805007e-02, 3.014108999999999e+05, 3.759941367543650e-03, 2.787601906698763e+01, 5.001314697151075e-01, 4.993033077258845e-01
505, 4.148295081322547e-02, 6.446277951525383e-03, 2.510458944241815e+00, 1.119019641255374e+00, -8.498267197592878e-02, 3.014108999999998e+05, 3.806571924059118e-03, 2.829835053837865e+01, 5.001818837999016e-01, 4.990702914307606e-01
506, 4.205708839760706e-02, 6.446277951599268e-03, 2.504099305442939e+00, 1.124481440852756e+00, -9.250472037807558e-02, 3.014108999999998e+05, 3.858144821889487e-03, 2.874803508134662e+01, 5.002385815774566e-01, 4.987907112436958e-01
507, 4.257381221035676e-02, 6.446277951665766e-03, 2.497784194856365e+00, 1.129843931039833e+00, -9.987562948329901e-02, 3.014108999999999e+05, 3.913706625347934e-03, 2.921971747956711e+01, 5.003012605090968e-01, 4.984653524584990e-01
508, 4.303886363136915e-02, 6.446277951725614e-03, 2.491562398804348e+00, 1.135070810284128e+00, -1.070330145931543e-01, 3.014108999999998e+05, 3.972144999587385e-03, 2.970766215782654e+01, 5.003693854113027e-01, 4.980965229339430e-01
509, 4.345740992944885e-02, 6.446277951779475e-03, 2.485476938927126e+00, 1.140130961927576e+00, -1.139268715359958e-01, 3.014108999999999e+05, 4.032027486558272e-03, 3.020601671729248e+01, 5.004422262042875e-01, 4.976877647804371e-01
510, 4.383410160756634e-02, 6.446277951827951e-03, 2.479563887586654e+00, 1.144998691995381e+00, -1.205185938761045e-01, 3.014108999999999e+05, 4.091167488298213e-03, 3.070897556579427e+01, 5.005189035112791e-01, 4.972435450523405e-01
511, 4.417312410729995e-02, 6.446277951871580e-03, 2.473853423754770e+00, 1.149653979946075e+00, -1.267810761884021e-01, 3.014108999999998e+05, 4.145169797803085e-03, 3.121075168253855e+01, 5.005984568819724e-01, 4.967689493880453e-01
512, 4.447824434791726e-02, 6.446277951910846e-03, 2.468371712685438e+00, 1.154082240419589e+00, -1.326984024311239e-01, 3.014109000000000e+05, 4.194412641333896e-03, 3.170435530201714e+01, 5.006799020555580e-01, 4.962694333693352e-01
513, 4.475285257494917e-02, 6.446277951946185e-03, 2.463141189227855e+00, 1.158273380368019e+00, -1.382619338123527e-01, 3.014108999999999e+05, 4.238631042984707e-03, 3.217552133870644e+01, 5.007622343420675e-01, 4.957506126909046e-01
514, 4.722432630908735e-03, 7.375794361022264e-03, 2.624987313496742e+00, 1.012839426136874e+00, -1.532895193589537e-02, 3.014108999999999e+05, 3.735630758172127e-03, 2.558164061211038e+01, 5.001493885929771e-01, 5.001493882617890e-01
515, 8.972621990285461e-03, 7.375794361494931e-03, 2.611517864679127e+00, 1.025691752416965e+00, -1.730884568688245e-02, 3.014109000000000e+05, 3.734015248734991e-03, 2.560870429172390e+01, 5.000839412517452e-01, 5.000839397737672e-01
516, 1.279779240354977e-02, 7.375794361920326e-03, 2.601536304177626e+00, 1.035696716361602e+00, -1.664191643080084e-02, 3.014109000000000e+05, 3.728773957724521e-03, 2.569098004037515e+01, 4.999886540877189e-01, 4.999886480569639e-01
517, 1.624044579480753e-02, 7.375794362303187e-03, 2.594054095685331e+00, 1.043373602606978e+00, -1.558881667065062e-02, 3.014109000000000e+05, 3.718524913707884e-03, 2.581017017922101e+01, 4.999269220931119e-01, 4.999268995735747e-01
518, 1.933883384739053e-02, 7.375794362647761e-03, 2.588244329206724e+00, 1.049405084345610e+00, -1.496417945255071e-02, 3.014109000000000e+05, 3.704342089526877e-03, 2.595468976629739e+01, 4.999001462095621e-01, 4.999000691826964e-01
519, 2.212738308912125e-02, 7.375794362957877e-03, 2.583433179147942e+00, 1.054362635114249e+00, -1.504370628054404e-02, 3.014109000000000e+05, 3.687647350656309e-03, 2.611724896829520e+01, 4.998945475721630e-01, 4.998943058565808e-01
520, 2.463707742048003e-02, 7.375794363236980e-03, 2.579225415481892e+00, 1.058644747729875e+00, -1.591075336230904e-02, 3.014109000000000e+05, 3.669681535028846e-03, 2.629411632341738e+01, 4.998994854406884e-01, 4.998987880092756e-01
521, 2.689580232327293e-02, 7.375794363488172e-03, 2.575365564405178e+00, 1.062526702138922e+00, -1.760427242565133e-02, 3.014108999999999e+05, 3.651486784397001e-03, 2.648458684490299e+01, 4.999092199737470e-01, 4.999073646529262e-01
522, 2.892865472970955e-02, 7.375794363714249e-03, 2.571676192913209e+00, 1.066201383664352e+00, -2.014849200884802e-02, 3.014108999999999e+05, 3.634015548463030e-03, 2.669049891513134e+01, 4.999212424247149e-01, 4.999166775219508e-01
523, 3.075822192352844e-02, 7.375794363917715e-03, 2.568027643787020e+00, 1.069805436401262e+00, -2.355389753051776e-02, 3.014109000000000e+05, 3.618212935250909e-03, 2.691567856378921e+01, 4.999347754844092e-01, 4.999243508011946e-01
524, 3.240483236586295e-02, 7.375794364100836e-03, 2.564323834478552e+00, 1.073434220957625e+00, -2.781084049726981e-02, 3.014109000000000e+05, 3.605042244345694e-03, 2.716530787791967e+01, 4.999498732673335e-01, 4.999276937888749e-01
525, 3.388678174504836e-02, 7.375794364265643e-03, 2.560496054673512e+00, 1.077150505650865e+00, -3.288540919444362e-02, 3.014109000000001e+05, 3.595459400672279e-03, 2.744525034654196e+01, 4.999670228028428e-01, 4.999228842967778e-01
526, 3.522053618941071e-02, 7.375794364413970e-03, 2.556499273078474e+00, 1.080990337893721e+00, -3.871889102296436e-02, 3.014109000000000e+05, 3.590354395345724e-03, 2.776137500295006e+01, 4.999869964204929e-01, 4.999044999319098e-01
527, 3.642091519811918e-02, 7.375794364547465e-03, 2.552309373299721e+00, 1.084967800698472e+00, -4.523048042469779e-02, 3.014109000000000e+05, 3.590481223447516e-03, 2.811893315909787e+01, 5.000108063258952e-01, 4.998653925408720e-01
528, 3.750125632482740e-02, 7.375794364667612e-03, 2.547920398919886e+00, 1.089079453483166e+00, -5.232214823893312e-02, 3.014109000000000e+05, 3.596395282965313e-03, 2.852204005896461e+01, 5.000396716306018e-01, 4.997969357229900e-01
529, 3.847356335330826e-02, 7.375794364775741e-03, 2.543341511001079e+00, 1.093308641392141e+00, -5.988449801967664e-02, 3.014109000000001e+05, 3.608410781696788e-03, 2.897329804434563e+01, 5.000749462971361e-01, 4.996896325541944e-01
530, 3.934863965385350e-02, 7.375794364873060e-03, 2.538593748962299e+00, 1.097629543845943e+00, -6.780265921903451e-02, 3.014109000000000e+05, 3.626583454923093e-03, 2.947357664641750e+01, 5.001179946041551e-01, 4.995339932974575e-01
531, 4.013620832966185e-02, 7.375794364960647e-03, 2.533706835102676e+00, 1.102010757742656e+00, -7.596160393950555e-02, 3.014108999999999e+05, 3.650717981815498e-03, 3.002194588470137e+01, 5.001700338750819e-01, 4.993215200615073e-01
532, 4.084502015942527e-02, 7.375794365039474e-03, 2.528716248437801e+00, 1.106418268776508e+00, -8.425056546341177e-02, 3.014109000000000e+05, 3.680395668712208e-03, 3.061574535225421e+01, 5.002319822671440e-01, 4.990456027977819e-01
533, 4.148295081314229e-02, 7.375794365110417e-03, 2.523660687009867e+00, 1.110817762319265e+00, -9.256644510278776e-02, 3.014109000000001e+05, 3.715016056786852e-03, 3.125076319885485e+01, 5.003043461519453e-01, 4.987021549066162e-01
534, 4.205708839754034e-02, 7.375794365174269e-03, 2.518579975922975e+00, 1.115176304222925e+00, -1.008162354461198e-01, 3.014109000000000e+05, 3.753845643182352e-03, 3.192149580175484e+01, 5.003871674609717e-01, 4.982898943611829e-01
535, 4.257381221030445e-02, 7.375794365231733e-03, 2.513513404060490e+00, 1.119463470610029e+00, -1.089185713026508e-01, 3.014109000000001e+05, 3.796066832097304e-03, 3.262145868431710e+01, 5.004800321768356e-01, 4.978102722422766e-01
536, 4.303886363132879e-02, 7.375794365283453e-03, 2.508498416869308e+00, 1.123652017655275e+00, -1.168045625439177e-01, 3.014109000000000e+05, 3.840819601344822e-03, 3.334351962912508e+01, 5.005821260932891e-01, 4.972671283235156e-01
537, 4.345740992941698e-02, 7.375794365329999e-03, 2.503569562430579e+00, 1.127718188380597e+00, -1.244180042005270e-01, 3.014109000000001e+05, 3.887228034731976e-03, 3.408022613471422e+01, 5.006923193337411e-01, 4.966661923861512e-01
538, 4.383410160754457e-02, 7.375794365371890e-03, 2.498758026015734e+00, 1.131641887063470e+00, -1.317150664766207e-01, 3.014109000000001e+05, 3.934406614841241e-03, 3.482408192084588e+01, 5.008092653455135e-01, 4.960145487468773e-01
539, 4.417312410728520e-02, 7.375794365409595e-03, 2.494090575845274e+00, 1.135406734917280e+00, -1.386642988620941e-01, 3.014109000000000e+05, 3.981441470035786e-03, 3.556749018345081e+01, 5.009314864166943e-01, 4.953201315005322e-01
540, 4.447824434790838e-02, 7.375794365443526e-03, 2.489590260482164e+00, 1.139000108788494e+00, -1.452462805077945e-01, 3.014108999999999e+05, 4.027434064477127e-03, 3.630089100825155e+01, 5.010574493669107e-01, 4.945913172706869e-01
541, 4.475285257494517e-02, 7.375794365474065e-03, 2.485277771147388e+00, 1.142412801473041e+00, -1.514496515182130e-01, 3.014108999999999e+05, 4.070964507859256e-03, 3.700297091293765e+01, 5.011856055184969e-01, 4.938365828365315e-01
542, 4.722432629112459e-03, 8.212359138326537e-03, 2.626225561135749e+00, 1.015889832528921e+00, -1.807364161329890e-02, 3.014108999999999e+05, 3.750629914513576e-03, 2.572305178137855e+01, 5.001909511034229e-01, 5.001909507496479e-01
543, 8.972621988797551e-03, 8.212359138756019e-03, 2.611437040612799e+00, 1.029811878684888e+00, -1.975585251267652e-02, 3.014108999999999e+05, 3.751810456027635e-03, 2.592898277429013e+01, 5.000658846895799e-01, 5.000658830843192e-01
544, 1.279779240225821e-02, 8.212359139142558e-03, 2.601105093377855e+00, 1.040103762364982e+00, -1.866080041302984e-02, 3.014109000000000e+05, 3.745097686606171e-03, 2.623789299613991e+01, 4.999498523074959e-01, 4.999498456352444e-01
545, 1.624044579368826e-02, 8.212359139490436e-03, 2.593724057103619e+00, 1.047679622960465e+00, -1.728674236702564e-02, 3.014109000000000e+05, 3.730854954379231e-03, 2.660676779451213e+01, 4.998945882434310e-01, 4.998945628565673e-01
546, 1.933883384642176e-02, 8.212359139803532e-03, 2.588115004011393e+00, 1.053450837400028e+00, -1.645628421301715e-02, 3.014109000000000e+05, 3.711457971071944e-03, 2.700716603291072e+01, 4.998818640813251e-01, 4.998817756189252e-01
547, 2.212738308828418e-02, 8.212359140085316e-03, 2.583574329027953e+00, 1.058067563739001e+00, -1.642359572372988e-02, 3.014109000000000e+05, 3.689054279974629e-03, 2.742316720402212e+01, 4.998902129308861e-01, 4.998899302281935e-01
548, 2.463707741971936e-02, 8.212359140338923e-03, 2.579700386870765e+00, 1.061951076785328e+00, -1.725162229169204e-02, 3.014109000000000e+05, 3.665218621517864e-03, 2.784799228510959e+01, 4.999064539972473e-01, 4.999056236933909e-01
549, 2.689580232265390e-02, 8.212359140567168e-03, 2.576254822562086e+00, 1.065374155173653e+00, -1.896785880148956e-02, 3.014108999999999e+05, 3.641107275402844e-03, 2.828135260339811e+01, 4.999247210803737e-01, 4.999224739169960e-01
550, 2.892865472914967e-02, 8.212359140772585e-03, 2.573074152114868e+00, 1.068520950477646e+00, -2.159109666203872e-02, 3.014109000000000e+05, 3.617667412844177e-03, 2.872746592067899e+01, 4.999429818626815e-01, 4.999373601732482e-01
551, 3.075822192307502e-02, 8.212359140957465e-03, 2.570039198675493e+00, 1.071520003032227e+00, -2.512961770138328e-02, 3.014109000000000e+05, 3.595772984035372e-03, 2.919354614357906e+01, 4.999610478910876e-01, 4.999480033805425e-01
552, 3.240483236547609e-02, 8.212359141123858e-03, 2.567058508486259e+00, 1.074462211715728e+00, -2.957258427799085e-02, 3.014109000000000e+05, 3.576277696872012e-03, 2.968855818629968e+01, 4.999795403614992e-01, 4.999513612467374e-01
553, 3.388678174471996e-02, 8.212359141273610e-03, 2.564062558020130e+00, 1.077410175390451e+00, -3.488461799824803e-02, 3.014109000000000e+05, 3.560005532952095e-03, 3.022215377195285e+01, 4.999995285874627e-01, 4.999426354609210e-01
554, 3.522053618913255e-02, 8.212359141408386e-03, 2.561000568821469e+00, 1.080403762829143e+00, -4.100459186219078e-02, 3.014109000000001e+05, 3.547703716158672e-03, 3.080374173250518e+01, 5.000224375676666e-01, 4.999146486103052e-01
555, 3.642091519788433e-02, 8.212359141529686e-03, 2.557838722947675e+00, 1.083464071440016e+00, -4.784813915202191e-02, 3.014109000000000e+05, 3.539983001688106e-03, 3.144169335253137e+01, 5.000500411226568e-01, 4.998576221764411e-01
556, 3.750125632461896e-02, 8.212359141638856e-03, 2.554558538241575e+00, 1.086596951177389e+00, -5.531268931016720e-02, 3.014109000000000e+05, 3.537265637700873e-03, 3.214270479010710e+01, 5.000844381003190e-01, 4.997594535959182e-01
557, 3.847356335314359e-02, 8.212359141737107e-03, 2.551154865571803e+00, 1.089796494651895e+00, -6.328368163980119e-02, 3.014109000000000e+05, 3.539753503156378e-03, 3.291133537228325e+01, 5.001279506704712e-01, 4.996065304382615e-01
558, 3.934863965371686e-02, 8.212359141825531e-03, 2.547633481347509e+00, 1.093048441586964e+00, -7.164084387836338e-02, 3.014108999999999e+05, 3.547420832003401e-03, 3.374972719732652e+01, 5.001829295533535e-01, 4.993849971743026e-01
559, 4.013620832954903e-02, 8.212359141905117e-03, 2.544008512433004e+00, 1.096333279968015e+00, -8.026382099634154e-02, 3.014109000000000e+05, 3.560029783982503e-03, 3.465749871737088e+01, 5.002514974725076e-01, 4.990822590831831e-01
560, 4.084502015932778e-02, 8.212359141976745e-03, 2.540299998256816e+00, 1.099628860645763e+00, -8.903680594786953e-02, 3.014109000000000e+05, 3.577163475732709e-03, 3.563179674699033e+01, 5.003352936472195e-01, 4.986884261935753e-01
561, 4.148295081306744e-02, 8.212359142041208e-03, 2.536531721319249e+00, 1.102912435274059e+00, -9.785204525951494e-02, 3.014109000000000e+05, 3.598269420336116e-03, 3.666748372018156e+01, 5.004352782008878e-01, 4.981973992208727e-01
562, 4.205708839748032e-02, 8.212359142099224e-03, 2.532729418468947e+00, 1.106162102212390e+00, -1.066122603661537e-01, 3.014109000000000e+05, 3.622706547561545e-03, 3.775743289069587e+01, 5.005516361109724e-01, 4.976074014113751e-01
563, 4.257381221025738e-02, 8.212359142151439e-03, 2.528919394670297e+00, 1.109357715443599e+00, -1.152321144195765e-01, 3.014109000000000e+05, 3.649790202397084e-03, 3.889290217013455e+01, 5.006837896316906e-01, 4.969209169745474e-01
564, 4.303886363129249e-02, 8.212359142198431e-03, 2.525127510110526e+00, 1.112481355139154e+00, -1.236388894562170e-01, 3.014109000000001e+05, 3.678831099339145e-03, 4.006395570052005e+01, 5.008304987639335e-01, 4.961441432735897e-01
565, 4.345740992938831e-02, 8.212359142240729e-03, 2.521378456532028e+00, 1.115517472943647e+00, -1.317725262500580e-01, 3.014109000000000e+05, 3.709166299971435e-03, 4.125990224873769e+01, 5.009900151036386e-01, 4.952861524797418e-01
566, 4.383410160752498e-02, 8.212359142278792e-03, 2.517695283908174e+00, 1.118452832427558e+00, -1.395853095122926e-01, 3.014109000000001e+05, 3.740182017052711e-03, 4.246969729199478e+01, 5.011602526521497e-01, 4.943579683342346e-01
567, 4.417312410727189e-02, 8.212359142313051e-03, 2.514099026065010e+00, 1.121276356066292e+00, -1.470420108989968e-01, 3.014109000000000e+05, 3.771318074356966e-03, 4.368196542957723e+01, 5.013389434998842e-01, 4.933717110658269e-01
568, 4.447824434790040e-02, 8.212359142343880e-03, 2.510609223935309e+00, 1.123979138170601e+00, -1.541205474506902e-01, 3.014109000000000e+05, 3.801992759011492e-03, 4.488243047578467e+01, 5.015237692074016e-01, 4.923399056636772e-01
569, 4.475285257494158e-02, 8.212359142371634e-03, 2.507244676962650e+00, 1.126554521743246e+00, -1.608078865660373e-01, 3.014109000000000e+05, 3.831220230935739e-03, 4.603666236930659e+01, 5.017124358364810e-01, 4.912749655852888e-01
570, 4.722432627495809e-03, 8.965267439599333e-03, 2.627349698860288e+00, 1.019206715346178e+00, -2.084064197240429e-02, 3.014108999999999e+05, 3.766327683823381e-03, 2.599816571384311e+01, 5.002198489752194e-01, 5.002198486012623e-01
571, 8.972621987458435e-03, 8.965267439948844e-03, 2.611276251316251e+00, 1.034097046446521e+00, -2.205896573726579e-02, 3.014109000000000e+05, 3.766355220865875e-03, 2.656976381213134e+01, 5.000368491080109e-01, 5.000368473846537e-01
572, 1.279779240109581e-02, 8.965267440263403e-03, 2.600631176099832e+00, 1.044560197199155e+00, -2.047195200690314e-02, 3.014109000000000e+05, 3.753847809329185e-03, 2.731569789469005e+01, 4.999086071202408e-01, 4.999085998333995e-01
573, 1.624044579268091e-02, 8.965267440546511e-03, 2.593375996832835e+00, 1.051948985298246e+00, -1.875850568825242e-02, 3.014109000000000e+05, 3.731937598391285e-03, 2.814033983060508e+01, 4.998661762053361e-01, 4.998661479950594e-01
574, 1.933883384554986e-02, 8.965267440801304e-03, 2.587968772918007e+00, 1.057411520907431e+00, -1.771518228265022e-02, 3.014109000000000e+05, 3.704444847685079e-03, 2.898806050113834e+01, 4.998701549325044e-01, 4.998700549319713e-01
575, 2.212738308753082e-02, 8.965267441030619e-03, 2.583688864019287e+00, 1.061668038177537e+00, -1.755884409718275e-02, 3.014109000000000e+05, 3.674101714040380e-03, 2.983348005703288e+01, 4.998926890849030e-01, 4.998923640931202e-01
576, 2.463707741903475e-02, 8.965267441237001e-03, 2.580131305457859e+00, 1.065153958786657e+00, -1.832511604362356e-02, 3.014109000000001e+05, 3.642648933596952e-03, 3.066995524059275e+01, 4.999193007877766e-01, 4.999183304974494e-01
577, 2.689580232209677e-02, 8.965267441422748e-03, 2.577076077053032e+00, 1.068133086321378e+00, -2.002671322496683e-02, 3.014109000000000e+05, 3.611224941554989e-03, 3.150222736314345e+01, 4.999447301049039e-01, 4.999420618924207e-01
578, 2.892865472864578e-02, 8.965267441589920e-03, 2.574373856446744e+00, 1.070776579618228e+00, -2.267535822054028e-02, 3.014109000000000e+05, 3.580674312760886e-03, 3.234181969615349e+01, 4.999677617567804e-01, 4.999609830378484e-01
579, 3.075822192266695e-02, 8.965267441740372e-03, 2.571916069131704e+00, 1.073202041382251e+00, -2.627642734667774e-02, 3.014109000000000e+05, 3.551725904904379e-03, 3.320413094563941e+01, 4.999889298395155e-01, 4.999729654689261e-01
580, 3.240483236512793e-02, 8.965267441875776e-03, 2.569616080960012e+00, 1.075493847764354e+00, -3.081783314615794e-02, 3.014109000000000e+05, 3.525064945308174e-03, 3.410640339715425e+01, 5.000094746900440e-01, 4.999744948468159e-01
581, 3.388678174442435e-02, 8.965267441997646e-03, 2.567403911394667e+00, 1.077712736248309e+00, -3.626318139288257e-02, 3.014109000000000e+05, 3.501335785430518e-03, 3.506619920200794e+01, 5.000310936580851e-01, 4.999595094464644e-01
582, 3.522053618888221e-02, 8.965267442107329e-03, 2.565223521144096e+00, 1.079900881326813e+00, -4.254977048661075e-02, 3.014109000000000e+05, 3.481105550558553e-03, 3.610017230704907e+01, 5.000559461884039e-01, 4.999185803638682e-01
583, 3.642091519767295e-02, 8.965267442206042e-03, 2.563031970449948e+00, 1.082084954689892e+00, -4.959076222719597e-02, 3.014109000000000e+05, 3.464815376310082e-03, 3.722305057661579e+01, 5.000867082493994e-01, 4.998385318889420e-01
584, 3.750125632443135e-02, 8.965267442294880e-03, 2.560798968902595e+00, 1.084278674897228e+00, -5.728029258293142e-02, 3.014109000000000e+05, 3.452739857662769e-03, 3.844681229787968e+01, 5.001265688610137e-01, 4.997027059118924e-01
585, 3.847356335299537e-02, 8.965267442374841e-03, 2.558505957555792e+00, 1.086485460832423e+00, -6.550000595377822e-02, 3.014109000000000e+05, 3.444966394370959e-03, 3.978006112428496e+01, 5.001790966697454e-01, 4.994919936997524e-01
586, 3.934863965359391e-02, 8.965267442446797e-03, 2.556144552104911e+00, 1.088701199478615e+00, -7.412571394021268e-02, 3.014109000000000e+05, 3.441397490857038e-03, 4.122760358398601e+01, 5.002479561272482e-01, 4.991865829049024e-01
587, 4.013620832944752e-02, 8.965267442511563e-03, 2.553714563557350e+00, 1.090916874828770e+00, -8.303333735527303e-02, 3.014109000000000e+05, 3.441772990146827e-03, 4.279023071663655e+01, 5.003365143427319e-01, 4.987681587148918e-01
588, 4.084502015924002e-02, 8.965267442569850e-03, 2.551222042279660e+00, 1.093120841519868e+00, -9.210377175836025e-02, 3.014109000000000e+05, 3.445706004918760e-03, 4.446470670446789e+01, 5.004474338036514e-01, 4.982221407998809e-01
589, 4.148295081300005e-02, 8.965267442622311e-03, 2.548677422581370e+00, 1.095300631432803e+00, -1.012265082491534e-01, 3.014109000000001e+05, 3.452724896965868e-03, 4.624395650723889e+01, 5.005823434939081e-01, 4.975394763449247e-01
590, 4.205708839742629e-02, 8.965267442669527e-03, 2.546093938835464e+00, 1.097444230373864e+00, -1.103020423788549e-01, 3.014109000000000e+05, 3.462314541716020e-03, 4.811743394296150e+01, 5.007416608096058e-01, 4.967176200729768e-01
591, 4.257381221021499e-02, 8.965267442712021e-03, 2.543486409973347e+00, 1.099540851782275e+00, -1.192432312599478e-01, 3.014109000000000e+05, 3.473952079205512e-03, 5.007164199783461e+01, 5.009245933142857e-01, 4.957605622077683e-01
592, 4.303886363125979e-02, 8.965267442750263e-03, 2.540870352128642e+00, 1.101581290641003e+00, -1.279757825331468e-01, 3.014109000000000e+05, 3.487134482109286e-03, 5.209076436544125e+01, 5.011292947070676e-01, 4.946780148201109e-01
593, 4.345740992936249e-02, 8.965267442784681e-03, 2.538261391800747e+00, 1.103557962120103e+00, -1.364380584812554e-01, 3.014109000000000e+05, 3.501397849302164e-03, 5.415736249052033e+01, 5.013531198658094e-01, 4.934840543934714e-01
594, 4.383410160750734e-02, 8.965267442815660e-03, 2.535674843032302e+00, 1.105464723525486e+00, -1.445805134271153e-01, 3.014108999999999e+05, 3.516330955851137e-03, 5.625307399706718e+01, 5.015929126696652e-01, 4.921955740838820e-01
595, 4.417312410725997e-02, 8.965267442843539e-03, 2.533125471513572e+00, 1.107296595405194e+00, -1.523657842782757e-01, 3.014109000000000e+05, 3.531581681661940e-03, 5.835891894318010e+01, 5.018452716274207e-01, 4.908308400139698e-01
596, 4.447824434789324e-02, 8.965267442868630e-03, 2.530627810457899e+00, 1.109049629701542e+00, -1.597702013532030e-01, 3.014108999999999e+05, 3.546818451116059e-03, 6.045191080048364e+01, 5.021067656348465e-01, 4.894083354029903e-01
597, 4.475285257493834e-02, 8.965267442891211e-03, 2.528196973614886e+00, 1.110720978707234e+00, -1.667799380432080e-01, 3.014108999999998e+05, 3.561492553086458e-03, 6.247460985163054e+01, 5.023740692618879e-01, 4.879459560802165e-01
598, 4.722432626040827e-03, 9.642884908553031e-03, 2.628335659124318e+00, 1.022696675845577e+00, -2.359067235063234e-02, 3.014108999999999e+05, 3.780197195491653e-03, 2.654839640680308e+01, 5.002322482823361e-01, 5.002322478908022e-01
599, 8.972621986253225e-03, 9.642884908869366e-03, 2.611045555357342e+00, 1.038413237204332e+00, -2.419979121980211e-02, 3.014109000000000e+05, 3.773433506319220e-03, 2.782782464700354e+01, 4.999977908275270e-01, 4.999977889963512e-01
600, 1.279779240004965e-02, 9.642884909154065e-03, 2.600128607687133e+00, 1.048935471159781e+00, -2.207809147659726e-02, 3.014108999999999e+05, 3.750124388069462e-03, 2.936204634768677e+01, 4.998675848898627e-01, 4.998675770207273e-01
601, 1.624044579177429e-02, 9.642884909410300e-03, 2.593017833075087e+00, 1.056075680850242e+00, -2.002118389726037e-02, 3.014108999999999e+05, 3.716649635978699e-03, 3.096748778325740e+01, 4.998438447048900e-01, 4.998438137387279e-01
602, 1.933883384476515e-02, 9.642884909640905e-03, 2.587808603125633e+00, 1.061207911918194e+00, -1.876792223133030e-02, 3.014109000000000e+05, 3.678021054600568e-03, 3.255551007808096e+01, 4.998662046951029e-01, 4.998660931449487e-01
603, 2.212738308685280e-02, 9.642884909848454e-03, 2.583775122056126e+00, 1.065105463072558e+00, -1.848470235483023e-02, 3.014108999999999e+05, 3.637279371324395e-03, 3.409675656314409e+01, 4.999024193351346e-01, 4.999020510582654e-01
604, 2.463707741841861e-02, 9.642884910035246e-03, 2.580511618191615e+00, 1.068207039265091e+00, -1.917499531810222e-02, 3.014109000000000e+05, 3.596152113510687e-03, 3.559342139130012e+01, 4.999380871693487e-01, 4.999369706584006e-01
605, 2.689580232159534e-02, 9.642884910203361e-03, 2.577816799492018e+00, 1.070761630586190e+00, -2.083470889063137e-02, 3.014109000000000e+05, 3.555653683313825e-03, 3.706449094255772e+01, 4.999692157024342e-01, 4.999660993368729e-01
606, 2.892865472819228e-02, 9.642884910354664e-03, 2.575555297369336e+00, 1.072924521043299e+00, -2.346759011398273e-02, 3.014109000000000e+05, 3.516458942406496e-03, 3.853768635478838e+01, 4.999956533592075e-01, 4.999876212389818e-01
607, 3.075822192229968e-02, 9.642884910490833e-03, 2.573628937188022e+00, 1.074800846744675e+00, -2.707571941881257e-02, 3.014109000000000e+05, 3.479104920161705e-03, 4.004495757472088e+01, 5.000187194231368e-01, 4.999995391236693e-01
608, 3.240483236481458e-02, 9.642884910613388e-03, 2.571955833207585e+00, 1.076467406565759e+00, -3.164572587462663e-02, 3.014108999999999e+05, 3.444074645820325e-03, 4.161961310602689e+01, 5.000402824682855e-01, 4.999976944625700e-01
609, 3.388678174415835e-02, 9.642884910723688e-03, 2.570465655637992e+00, 1.077982126926766e+00, -3.714049463731399e-02, 3.014109000000000e+05, 3.411810945654586e-03, 4.329429948420250e+01, 5.000626919342842e-01, 4.999744291178361e-01
610, 3.522053618865691e-02, 9.642884910822961e-03, 2.569097317189517e+00, 1.079388550893641e+00, -4.349631748622328e-02, 3.014109000000000e+05, 3.382692208567818e-03, 4.509939473388867e+01, 5.000889185555153e-01, 4.999175074804890e-01
611, 3.642091519748274e-02, 9.642884910912303e-03, 2.567798999649695e+00, 1.080717975210194e+00, -5.062461298124193e-02, 3.014109000000000e+05, 3.356996531906393e-03, 4.706162629308655e+01, 5.001226921312045e-01, 4.998094973071997e-01
612, 3.750125632426252e-02, 9.642884910992709e-03, 2.566528939844093e+00, 1.081990991839243e+00, -5.841703070182010e-02, 3.014109000000000e+05, 3.334873761741858e-03, 4.920287185986357e+01, 5.001685308761837e-01, 4.996279576823398e-01
613, 3.847356335286198e-02, 9.642884911065080e-03, 2.565255688498885e+00, 1.083219268153555e+00, -6.675226689851886e-02, 3.014109000000000e+05, 3.316335289361811e-03, 5.153915615134545e+01, 5.002315757407855e-01, 4.993466812741871e-01
614, 3.934863965348324e-02, 9.642884911130209e-03, 2.563957491433903e+00, 1.084407636223226e+00, -7.550307774065282e-02, 3.014109000000000e+05, 3.301262832616245e-03, 5.407987760918958e+01, 5.003171993510904e-01, 4.989380070306579e-01
615, 4.013620832935613e-02, 9.642884911188825e-03, 2.562620944620167e+00, 1.085556189270231e+00, -8.454249620021081e-02, 3.014109000000000e+05, 3.289432032128841e-03, 5.682731054157309e+01, 5.004304348707774e-01, 4.983759137713244e-01
616, 4.084502015916106e-02, 9.642884911241580e-03, 2.561239616211845e+00, 1.086662169953126e+00, -9.374894573440234e-02, 3.014108999999999e+05, 3.280544498785958e-03, 5.977644639274692e+01, 5.005753578392265e-01, 4.976393461575569e-01
617, 4.148295081293942e-02, 9.642884911289061e-03, 2.559812509970677e+00, 1.087721578107805e+00, -1.030100223237811e-01, 3.014108999999999e+05, 3.274261071814123e-03, 6.291520860571507e+01, 5.007545548267349e-01, 4.967150549883596e-01
618, 4.205708839737766e-02, 9.642884911331792e-03, 2.558342573409066e+00, 1.088730393236603e+00, -1.122249458787500e-01, 3.014108999999998e+05, 3.270230788370514e-03, 6.622503915131125e+01, 5.009688011461361e-01, 4.955993200472507e-01
619, 4.257381221017685e-02, 9.642884911370253e-03, 2.556835522978929e+00, 1.089685409047052e+00, -1.213058923107240e-01, 3.014108999999998e+05, 3.268112540949667e-03, 6.968182091880800e+01, 5.012170193528127e-01, 4.942982260113323e-01
620, 4.303886363123038e-02, 9.642884911404862e-03, 2.555298811530889e+00, 1.090584697345149e+00, -1.301783371006568e-01, 3.014108999999999e+05, 3.267588465584604e-03, 7.325705073721005e+01, 5.014964955222058e-01, 4.928265450144225e-01
621, 4.345740992933926e-02, 9.642884911436020e-03, 2.553740935829406e+00, 1.091427713491105e+00, -1.387806326431892e-01, 3.014108999999998e+05, 3.268370638418317e-03, 7.691916290895925e+01, 5.018032783453094e-01, 4.912056386647446e-01
622, 4.383410160749146e-02, 9.642884911464051e-03, 2.552171001243503e+00, 1.092215132942213e+00, -1.470631633198374e-01, 3.014109000000000e+05, 3.270204888291349e-03, 8.063489628285267e+01, 5.021326535791539e-01, 4.894609549996599e-01
623, 4.417312410724920e-02, 9.642884911489288e-03, 2.550598483031127e+00, 1.092948525230905e+00, -1.549882378895565e-01, 3.014109000000000e+05, 3.272874813629519e-03, 8.437025866342385e+01, 5.024795897635980e-01, 4.876196458345066e-01
624, 4.447824434788679e-02, 9.642884911511995e-03, 2.549033189174033e+00, 1.093630009468553e+00, -1.625319411151002e-01, 3.014108999999998e+05, 3.276190027754738e-03, 8.808651857238243e+01, 5.028390910665271e-01, 4.857086545199653e-01
625, 4.475285257493544e-02, 9.642884911532435e-03, 2.547485934731489e+00, 1.094262117168789e+00, -1.696804958687481e-01, 3.014108999999999e+05, 3.279896690395091e-03, 9.168931354300645e+01, 5.032064310437709e-01, 4.837534311233099e-01
626, 4.722432624731339e-03, 1.025274064008346e-02, 2.629176607929570e+00, 1.026271541744427e+00, -2.628540472408460e-02, 3.014108999999999e+05, 3.788944155033118e-03, 2.763846530961707e+01, 5.002256764948853e-01, 5.002256760882955e-01
627, 8.972621985168537e-03, 1.025274064033955e-02, 2.610758475499404e+00, 1.042666100131428e+00, -2.616728981722018e-02, 3.014108999999999e+05, 3.768503522461495e-03, 3.021428131306156e+01, 4.999506145080938e-01, 4.999506125789518e-01
628, 1.279779239910810e-02, 1.025274064057003e-02, 2.599609174447050e+00, 1.053163984895018e+00, -2.348994403980629e-02, 3.014109000000000e+05, 3.728844983221761e-03, 3.310538097300073e+01, 4.998294698592581e-01, 4.998294614385661e-01
629, 1.624044579095834e-02, 1.025274064077747e-02, 2.592654487700342e+00, 1.060025496070265e+00, -2.109708709750163e-02, 3.014109000000000e+05, 3.679386593412428e-03, 3.600501697725404e+01, 4.998293537158294e-01, 4.998293200577043e-01
630, 1.933883384405891e-02, 1.025274064096416e-02, 2.587635561994326e+00, 1.064824105240988e+00, -1.964269305987274e-02, 3.014109000000000e+05, 3.625922611102887e-03, 3.879353193475033e+01, 4.998707936199702e-01, 4.998706705075888e-01
631, 2.212738308624258e-02, 1.025274064113218e-02, 2.583830971650414e+00, 1.068367068979121e+00, -1.923325351096376e-02, 3.014109000000000e+05, 3.571586280546109e-03, 4.145097567969933e+01, 4.999195867458263e-01, 4.999191742226679e-01
632, 2.463707741786408e-02, 1.025274064128339e-02, 2.580836071657022e+00, 1.071087892147182e+00, -1.983759647542416e-02, 3.014109000000000e+05, 3.517993697234116e-03, 4.400415185314139e+01, 4.999627674388626e-01, 4.999614986656701e-01
633, 2.689580232114407e-02, 1.025274064141949e-02, 2.578468112197417e+00, 1.073217939235180e+00, -2.143399778253176e-02, 3.014109000000000e+05, 3.465985104013831e-03, 4.650200444866738e+01, 4.999981537579352e-01, 4.999945627714613e-01
634, 2.892865472778413e-02, 1.025274064154198e-02, 2.576605191060320e+00, 1.074896022370516e+00, -2.401785365204152e-02, 3.014108999999999e+05, 3.416032881834688e-03, 4.900343173528168e+01, 5.000268088415598e-01, 5.000174283607035e-01
635, 3.075822192196914e-02, 1.025274064165222e-02, 2.575159048423435e+00, 1.076214697423210e+00, -2.758769125600094e-02, 3.014108999999999e+05, 3.368459604560480e-03, 5.157102359593434e+01, 5.000508428047444e-01, 5.000281520481210e-01
636, 3.240483236453257e-02, 1.025274064175143e-02, 2.574052206605157e+00, 1.077242826982067e+00, -3.212871528739088e-02, 3.014109000000000e+05, 3.323535474311090e-03, 5.426724027760217e+01, 5.000727375314253e-01, 5.000217303775901e-01
637, 3.388678174391892e-02, 1.025274064184073e-02, 2.573213849995945e+00, 1.078034720430700e+00, -3.760313311972009e-02, 3.014109000000000e+05, 3.281507257822454e-03, 5.715172224811461e+01, 5.000955160935407e-01, 4.999885597029997e-01
638, 3.522053618845414e-02, 1.025274064192109e-02, 2.572577865101907e+00, 1.078634046313837e+00, -4.394644582139708e-02, 3.014109000000000e+05, 3.242589577406898e-03, 6.027902100176411e+01, 5.001230510635155e-01, 4.999130243640200e-01
639, 3.642091519731152e-02, 1.025274064199341e-02, 2.572083692985271e+00, 1.079075057767198e+00, -5.106860501826014e-02, 3.014109000000000e+05, 3.206943069583184e-03, 6.369644827152353e+01, 5.001603076427028e-01, 4.997725429581992e-01
640, 3.750125632411056e-02, 1.025274064205851e-02, 2.571678481079047e+00, 1.079383106220941e+00, -5.885901631828811e-02, 3.014108999999999e+05, 3.174656620422309e-03, 6.744203059720860e+01, 5.002134180133255e-01, 4.995375998263991e-01
641, 3.847356335274194e-02, 1.025274064211710e-02, 2.571318658902726e+00, 1.079575566042479e+00, -6.719358199355506e-02, 3.014109000000000e+05, 3.145741108836457e-03, 7.154266755678336e+01, 5.002894806130757e-01, 4.991731716978887e-01
642, 3.934863965338363e-02, 1.025274064216982e-02, 2.570970347409647e+00, 1.079663328897081e+00, -7.594202353498616e-02, 3.014108999999998e+05, 3.120134760253983e-03, 7.601265077142907e+01, 5.003960413531205e-01, 4.986416759462752e-01
643, 4.013620832927391e-02, 1.025274064221728e-02, 2.570608616593703e+00, 1.079652487798375e+00, -8.497430634060117e-02, 3.014108999999999e+05, 3.097716547828742e-03, 8.085271245491612e+01, 5.005402988680653e-01, 4.979071477670460e-01
644, 4.084502015908997e-02, 1.025274064225999e-02, 2.570216743460113e+00, 1.079546010327039e+00, -9.416603819483151e-02, 3.014108999999998e+05, 3.078323384793435e-03, 8.604980399374860e+01, 5.007282072801573e-01, 4.969399722770554e-01
645, 4.148295081288484e-02, 1.025274064229843e-02, 2.569784926515512e+00, 1.079345409366619e+00, -1.034025316667765e-01, 3.014108999999999e+05, 3.061766327949104e-03, 9.157770023736114e+01, 5.009636562158915e-01, 4.957211712824164e-01
646, 4.205708839733389e-02, 1.025274064233302e-02, 2.569308660140061e+00, 1.079052213295577e+00, -1.125814570257322e-01, 3.014108999999998e+05, 3.047843062956152e-03, 9.739840572392998e+01, 5.012479176086098e-01, 4.942452587021681e-01
647, 4.257381221014252e-02, 1.025274064236415e-02, 2.568787462821741e+00, 1.078669185927906e+00, -1.216144020469814e-01, 3.014108999999998e+05, 3.036345829957379e-03, 1.034642513075037e+02, 5.015795059635092e-01, 4.925210284242619e-01
648, 4.303886363120391e-02, 1.025274064239217e-02, 2.568223343556887e+00, 1.078201178259750e+00, -1.304272089399373e-01, 3.014108999999999e+05, 3.027065088334204e-03, 1.097204408832722e+02, 5.019544480938654e-01, 4.905701615320676e-01
649, 4.345740992931835e-02, 1.025274064241740e-02, 2.567619729366619e+00, 1.077655403861358e+00, -1.389593632625844e-01, 3.014108999999999e+05, 3.019791051043234e-03, 1.161077843698012e+02, 5.023668754027085e-01, 4.884241539646701e-01
650, 4.383410160747719e-02, 1.025274064244009e-02, 2.566980979860445e+00, 1.077041266209995e+00, -1.471629280516953e-01, 3.014108999999998e+05, 3.014315974157195e-03, 1.225653996090471e+02, 5.028097801098946e-01, 4.861204338040536e-01
651, 4.417312410723951e-02, 1.025274064246052e-02, 2.566312082922660e+00, 1.076369895872693e+00, -1.550021138140772e-01, 3.014108999999998e+05, 3.010439606916725e-03, 1.290328412980377e+02, 5.032757493261146e-01, 4.836985532546366e-01
652, 4.447824434788096e-02, 1.025274064247890e-02, 2.565618029776451e+00, 1.075653370339837e+00, -1.624547785686058e-01, 3.014108999999999e+05, 3.007970123983639e-03, 1.354456779846874e+02, 5.037575475065014e-01, 4.811971020029238e-01
653, 4.475285257493282e-02, 1.025274064249545e-02, 2.564904939605038e+00, 1.074904225749585e+00, -1.695086030031940e-01, 3.014108999999998e+05, 3.006710639881466e-03, 1.416563120338864e+02, 5.042485257952275e-01, 4.786516792246702e-01
654, 4.722432623552804e-03, 1.080161078768965e-02, 2.629879459271236e+00, 1.029866782855416e+00, -2.889298202028321e-02, 3.014109000000000e+05, 3.788738259395946e-03, 2.974179296888086e+01, 5.001990421280865e-01, 5.001990417086711e-01
655, 8.972621984192318e-03, 1.080161078790791e-02, 2.610427015899818e+00, 1.046817213231806e+00, -2.796009961963523e-02, 3.014109000000000e+05, 3.746516714285756e-03, 3.460709904714985e+01, 4.998978011934326e-01, 4.998977991746966e-01
656, 1.279779239826071e-02, 1.080161078810434e-02, 2.599079824404646e+00, 1.057242246251764e+00, -2.472430494385372e-02, 3.014108999999999e+05, 3.683765234825346e-03, 3.979230220099819e+01, 4.997968072631700e-01, 4.997967983157288e-01
657, 1.624044579022398e-02, 1.080161078828114e-02, 2.592286449097930e+00, 1.063809259547705e+00, -2.200901860634511e-02, 3.014108999999998e+05, 3.612503935905580e-03, 4.482737745955334e+01, 4.998241463709477e-01, 4.998241100662360e-01
658, 1.933883384342329e-02, 1.080161078844025e-02, 2.587447180197325e+00, 1.068259276415188e+00, -2.036293344019985e-02, 3.014109000000000e+05, 3.539117778313353e-03, 4.956871733648381e+01, 4.998844706764677e-01, 4.998843359463249e-01
659, 2.212738308569337e-02, 1.080161078858345e-02, 2.583851846581980e+00, 1.071419370963087e+00, -1.982731589297184e-02, 3.014109000000000e+05, 3.466808704571993e-03, 5.402922917229675e+01, 4.999442963034298e-01, 4.999438385186287e-01
660, 2.463707741736500e-02, 1.080161078871233e-02, 2.581098523907206e+00, 1.073714722433576e+00, -2.033584899863797e-02, 3.014109000000000e+05, 3.397078954495051e-03, 5.828777636723335e+01, 4.999933583565140e-01, 4.999919313763761e-01
661, 2.689580232073792e-02, 1.080161078882832e-02, 2.579022413547797e+00, 1.075359896144856e+00, -2.184910940544511e-02, 3.014109000000000e+05, 3.330578938336205e-03, 6.245057812888729e+01, 5.000316962409264e-01, 5.000276050888913e-01
662, 2.892865472741678e-02, 1.080161078893272e-02, 2.577514372405269e+00, 1.076478402272368e+00, -2.435391779566867e-02, 3.014109000000000e+05, 3.267555168459807e-03, 6.663336641568121e+01, 5.000616534884628e-01, 5.000508334396440e-01
663, 3.075822192167166e-02, 1.080161078902667e-02, 2.576495371739264e+00, 1.077150376077898e+00, -2.784480429205680e-02, 3.014109000000000e+05, 3.208099317714745e-03, 7.095281103878709e+01, 5.000860981561798e-01, 5.000596137546537e-01
664, 3.240483236427875e-02, 1.080161078911123e-02, 2.575891927201246e+00, 1.077435444085345e+00, -3.230499170328744e-02, 3.014109000000001e+05, 3.152271133182282e-03, 7.552132786881576e+01, 5.001081078506125e-01, 5.000478989399743e-01
665, 3.388678174370343e-02, 1.080161078918733e-02, 2.575632732900243e+00, 1.077381523009044e+00, -3.769544521076727e-02, 3.014109000000000e+05, 3.100147482269675e-03, 8.044319594970668e+01, 5.001314178551479e-01, 5.000038142640771e-01
666, 3.522053618827163e-02, 1.080161078925582e-02, 2.575647077097795e+00, 1.077028335467690e+00, -4.395030254576682e-02, 3.014108999999999e+05, 3.051827529248941e-03, 8.581094721678706e+01, 5.001609207745374e-01, 4.999078251799391e-01
667, 3.642091519715746e-02, 1.080161078931747e-02, 2.575866479831988e+00, 1.076407987437077e+00, -5.097735528644248e-02, 3.014109000000000e+05, 3.007416967923375e-03, 9.170163235400524e+01, 5.002030331238358e-01, 4.997313468534418e-01
668, 3.750125632397380e-02, 1.080161078937295e-02, 2.576228275630399e+00, 1.075544841119498e+00, -5.866288941661231e-02, 3.014109000000000e+05, 2.967007116039051e-03, 9.817316099546687e+01, 5.002658192908618e-01, 4.994365253130621e-01
669, 3.847356335263390e-02, 1.080161078942288e-02, 2.576678441924225e+00, 1.074456165132001e+00, -6.687897669660108e-02, 3.014108999999999e+05, 2.930655781998756e-03, 1.052610910213353e+02, 5.003587424529741e-01, 4.989777997932872e-01
670, 3.934863965329397e-02, 1.080161078946782e-02, 2.577172870636821e+00, 1.073153744476601e+00, -7.549116049683162e-02, 3.014109000000000e+05, 2.898373499552059e-03, 1.129763855813654e+02, 5.004919918457681e-01, 4.983055288685497e-01
671, 4.013620832919990e-02, 1.080161078950826e-02, 2.577676953660932e+00, 1.071645815622411e+00, -8.436510401659349e-02, 3.014109000000000e+05, 2.870116238424733e-03, 1.213044974480502e+02, 5.006754207829592e-01, 4.973714146818367e-01
672, 4.084502015902602e-02, 1.080161078954466e-02, 2.578165436556995e+00, 1.069939036133832e+00, -9.337241578117442e-02, 3.014109000000000e+05, 2.845784244143046e-03, 1.302061091961358e+02, 5.009173056955752e-01, 4.961349397085596e-01
673, 4.148295081283573e-02, 1.080161078957742e-02, 2.578621332956568e+00, 1.068040553004971e+00, -1.023951979353161e-01, 3.014109000000000e+05, 2.825224828515167e-03, 1.396195576322258e+02, 5.012231529061744e-01, 4.945695181099576e-01
674, 4.205708839729451e-02, 1.080161078960691e-02, 2.579034038976991e+00, 1.065959778102586e+00, -1.113290871518077e-01, 3.014109000000000e+05, 2.808237890866369e-03, 1.494646807764933e+02, 5.015948207538993e-01, 4.926669543812409e-01
675, 4.257381221011163e-02, 1.080161078963344e-02, 2.579398165535618e+00, 1.063709829882000e+00, -1.200853468784489e-01, 3.014109000000001e+05, 2.794582537721657e-03, 1.596476886367544e+02, 5.020302103147571e-01, 4.904391435016786e-01
676, 4.303886363118008e-02, 1.080161078965732e-02, 2.579711379494739e+00, 1.061308444547801e+00, -1.285912832205874e-01, 3.014109000000000e+05, 2.783985758706555e-03, 1.700665473801535e+02, 5.025235668397831e-01, 4.879165724739636e-01
677, 4.345740992929953e-02, 1.080161078967881e-02, 2.579972854527579e+00, 1.058777873484752e+00, -1.367893600232284e-01, 3.014108999999999e+05, 2.776152489259306e-03, 1.806161814662132e+02, 5.030663086162521e-01, 4.851441080533386e-01
678, 4.383410160746431e-02, 1.080161078969816e-02, 2.580182954823595e+00, 1.056144157391411e+00, -1.446359671969755e-01, 3.014109000000000e+05, 2.770776732437544e-03, 1.911931623295729e+02, 5.036481728832133e-01, 4.821752541461505e-01
679, 4.417312410723079e-02, 1.080161078971557e-02, 2.580342741741342e+00, 1.053436120538887e+00, -1.521005438417780e-01, 3.014108999999999e+05, 2.767553550791969e-03, 2.016992288173039e+02, 5.042583765804510e-01, 4.790662761721117e-01
680, 4.447824434787574e-02, 1.080161078973124e-02, 2.580452401508616e+00, 1.050683794087367e+00, -1.591660515060153e-01, 3.014109000000000e+05, 2.766184529109562e-03, 2.120360392825250e+02, 5.048865588755059e-01, 4.758713429405798e-01
681, 4.475285257493046e-02, 1.080161078974534e-02, 2.580513775719715e+00, 1.047917612052855e+00, -1.658245581075274e-01, 3.014108999999998e+05, 2.766362082690484e-03, 2.219901790629547e+02, 5.055234771572837e-01, 4.726393674760919e-01
682, 4.722432622492121e-03, 1.129559391422454e-02, 2.630457268654286e+00, 1.033455137666704e+00, -3.139114197148144e-02, 3.014108999999999e+05, 3.775142823366142e-03, 3.370241638602964e+01, 5.001524190861626e-01, 5.001524186557351e-01
683, 8.972621983313722e-03, 1.129559391441010e-02, 2.610056139351791e+00, 1.050877102362850e+00, -2.958466181962350e-02, 3.014109000000000e+05, 3.700844710118945e-03, 4.256793551646715e+01, 4.998421551814443e-01, 4.998421530795215e-01
684, 1.279779239749806e-02, 1.129559391457711e-02, 2.598540523271650e+00, 1.061188963820462e+00, -2.579829704024231e-02, 3.014109000000000e+05, 3.605672386770877e-03, 5.164535174905235e+01, 4.997720100535685e-01, 4.997720005971240e-01
685, 1.624044578956306e-02, 1.129559391472741e-02, 2.591908829827676e+00, 1.067409558640057e+00, -2.277306589013137e-02, 3.014109000000000e+05, 3.504427224689723e-03, 6.022571780964986e+01, 4.998294831662911e-01, 4.998294442418244e-01
686, 1.933883384285125e-02, 1.129559391486269e-02, 2.587237057941833e+00, 1.071421570221069e+00, -2.093981469675198e-02, 3.014109000000000e+05, 3.404372672614327e-03, 6.815429925516877e+01, 4.999077285132631e-01, 4.999075820836850e-01
687, 2.212738308519909e-02, 1.129559391498444e-02, 2.583831059503144e+00, 1.074067354728339e+00, -2.027278282737017e-02, 3.014109000000000e+05, 3.308929813731292e-03, 7.552457215900762e+01, 4.999767718075867e-01, 4.999762678049365e-01
688, 2.463707741691583e-02, 1.129559391509401e-02, 2.581293103182814e+00, 1.075767108724331e+00, -2.067120787629384e-02, 3.014109000000000e+05, 3.219486189822828e-03, 8.252183041064623e+01, 5.000301602280194e-01, 5.000285697251085e-01
689, 2.689580232037239e-02, 1.129559391519263e-02, 2.579475540447360e+00, 1.076722624465865e+00, -2.207803778877705e-02, 3.014108999999999e+05, 3.136421091649039e-03, 8.936032394317441e+01, 5.000704225203186e-01, 5.000658086438104e-01
690, 2.892865472708619e-02, 1.129559391528138e-02, 2.578281311468103e+00, 1.077043743747107e+00, -2.447091633223276e-02, 3.014109000000000e+05, 3.059653003390475e-03, 9.625640416391956e+01, 5.001011723515441e-01, 5.000888322435799e-01
691, 3.075822192140391e-02, 1.129559391536126e-02, 2.577640158943110e+00, 1.076796677477828e+00, -2.783922592846140e-02, 3.014109000000000e+05, 2.988955294390960e-03, 1.034169244698104e+02, 5.001259780572506e-01, 5.000954491250474e-01
692, 3.240483236405031e-02, 1.129559391543314e-02, 2.577482659618065e+00, 1.076027301667883e+00, -3.216267390399173e-02, 3.014109000000000e+05, 2.924116852941467e-03, 1.110323112905552e+02, 5.001485014864829e-01, 5.000783935731804e-01
693, 3.388678174350950e-02, 1.129559391549785e-02, 2.577737663631711e+00, 1.074770293581616e+00, -3.739921829273675e-02, 3.014108999999999e+05, 2.865002540078419e-03, 1.192708070255846e+02, 5.001732394875847e-01, 5.000232376258217e-01
694, 3.522053618810739e-02, 1.129559391555608e-02, 2.578330959809692e+00, 1.073053313315054e+00, -4.347971724890936e-02, 3.014108999999999e+05, 2.811555372166973e-03, 1.282728595637938e+02, 5.002062212163534e-01, 4.999060419079291e-01
695, 3.642091519701877e-02, 1.129559391560849e-02, 2.579187453604241e+00, 1.070898243321261e+00, -5.030775958062041e-02, 3.014109000000000e+05, 2.763766457192204e-03, 1.381451739696394e+02, 5.002555079927854e-01, 4.996914242311239e-01
696, 3.750125632385071e-02, 1.129559391565565e-02, 2.580235942004590e+00, 1.068321842633483e+00, -5.776448019741037e-02, 3.014109000000001e+05, 2.721632108044561e-03, 1.489552859755427e+02, 5.003313614747603e-01, 4.993319888044281e-01
697, 3.847356335253665e-02, 1.129559391569810e-02, 2.581412914374881e+00, 1.065337446571185e+00, -6.571631253982202e-02, 3.014109000000000e+05, 2.685107217797958e-03, 1.607275083858904e+02, 5.004459282182460e-01, 4.987699627663498e-01
698, 3.934863965321330e-02, 1.129559391573631e-02, 2.582664484487437e+00, 1.061957660626553e+00, -7.402325136739911e-02, 3.014109000000000e+05, 2.654072880079462e-03, 1.734417841623840e+02, 5.006123937739170e-01, 4.979415207106017e-01
699, 4.013620832913328e-02, 1.129559391577069e-02, 2.583946130129854e+00, 1.058196939327950e+00, -8.254583353701940e-02, 3.014109000000000e+05, 2.628323256858823e-03, 1.870354521702904e+02, 5.008436315997029e-01, 4.967835855054729e-01
700, 4.084502015896843e-02, 1.129559391580164e-02, 2.585223423278289e+00, 1.054073703875115e+00, -9.115153865992283e-02, 3.014109000000000e+05, 2.607566930556379e-03, 2.014078684534486e+02, 5.011505775741042e-01, 4.952422176455267e-01
701, 4.148295081279151e-02, 1.129559391582949e-02, 2.586471403676375e+00, 1.049612242560767e+00, -9.971992283120970e-02, 3.014109000000001e+05, 2.591438195260785e-03, 2.164275310638339e+02, 5.015406018915407e-01, 4.932810161128269e-01
702, 4.205708839725905e-02, 1.129559391585456e-02, 2.587672585730497e+00, 1.044843776732245e+00, -1.081459847486375e-01, 3.014109000000000e+05, 2.579514478088957e-03, 2.319408241746939e+02, 5.020162246933186e-01, 4.908876882919513e-01
703, 4.257381221008383e-02, 1.129559391587712e-02, 2.588816248644060e+00, 1.039806804818995e+00, -1.163428651403568e-01, 3.014109000000000e+05, 2.571328754998457e-03, 2.477812423659128e+02, 5.025745451657503e-01, 4.880771915353095e-01
704, 4.303886363115864e-02, 1.129559391589742e-02, 2.589895816829706e+00, 1.034546737357394e+00, -1.242421841334706e-01, 3.014109000000000e+05, 2.566399795340288e-03, 2.637794824905920e+02, 5.032075195685080e-01, 4.848905011758677e-01
705, 4.345740992928259e-02, 1.129559391591570e-02, 2.590907016937973e+00, 1.029114440140902e+00, -1.317925641527317e-01, 3.014109000000000e+05, 2.564257144117906e-03, 2.797713987337717e+02, 5.039030337508452e-01, 4.813892782715783e-01
706, 4.383410160745275e-02, 1.129559391593214e-02, 2.591847690116002e+00, 1.023564370466888e+00, -1.389583336662070e-01, 3.014109000000000e+05, 2.564457374006429e-03, 2.956042857947713e+02, 5.046465228617885e-01, 4.776478095022043e-01
707, 4.417312410722294e-02, 1.129559391594695e-02, 2.592716748244353e+00, 1.017952729904973e+00, -1.457181082694001e-01, 3.014109000000000e+05, 2.566594127030513e-03, 3.111409966178548e+02, 5.054227128263133e-01, 4.737442706866755e-01
708, 4.447824434787102e-02, 1.129559391596027e-02, 2.593511322777481e+00, 1.012335014886313e+00, -1.520638140578967e-01, 3.014109000000000e+05, 2.570296486635142e-03, 3.262524622293852e+02, 5.062170942547852e-01, 4.697532527550414e-01
709, 4.475285257492834e-02, 1.129559391597225e-02, 2.594231182832631e+00, 1.006765291491559e+00, -1.579957297059486e-01, 3.014109000000001e+05, 2.575179625690895e-03, 3.406627092148867e+02, 5.070170440534839e-01, 4.657408522262798e-01
710, 4.722432621537506e-03, 1.174017872913287e-02, 2.630916769553843e+00, 1.037045557134611e+00, -3.376674181739541e-02, 3.014108999999999e+05, 3.742400403601824e-03, 4.107441192575215e+01, 5.000867492768297e-01, 5.000867488367496e-01
711, 8.972621982522987e-03, 1.174017872929000e-02, 2.609640559382012e+00, 1.054858695018987e+00, -3.104896070571690e-02, 3.014109000000000e+05, 3.621458274337856e-03, 5.697509054864046e+01, 4.997867764771362e-01, 4.997867742966047e-01
712, 1.279779239681168e-02, 1.174017872943142e-02, 2.597984804813714e+00, 1.064942576359131e+00, -2.672026399583543e-02, 3.014109000000000e+05, 3.480663345575622e-03, 7.267682375738794e+01, 4.997574732776431e-01, 4.997574633249064e-01
713, 1.624044578896823e-02, 1.174017872955870e-02, 2.591513718841822e+00, 1.070616135348949e+00, -2.338845732821331e-02, 3.014109000000000e+05, 3.339155492330497e-03, 8.708717732507807e+01, 4.998466047843957e-01, 4.998465632612174e-01
714, 1.933883384233640e-02, 1.174017872967325e-02, 2.586999124972569e+00, 1.073894118738555e+00, -2.136123910147261e-02, 3.014109000000000e+05, 3.205734450450363e-03, 1.001047777789561e+02, 4.999412056972803e-01, 4.999410475211122e-01
715, 2.212738308475425e-02, 1.174017872977635e-02, 2.583766379815873e+00, 1.075644692052611e+00, -2.054644650114533e-02, 3.014109000000000e+05, 3.084006116863183e-03, 1.120294948124010e+02, 5.000175751550677e-01, 5.000170242835863e-01
716, 2.463707741651158e-02, 1.174017872986913e-02, 2.581423455006889e+00, 1.076296402512309e+00, -2.080992522473020e-02, 3.014109000000000e+05, 2.974861168553606e-03, 1.232714888081450e+02, 5.000739534552007e-01, 5.000721956336369e-01
717, 2.689580232004340e-02, 1.174017872995264e-02, 2.579839050994679e+00, 1.076047850050749e+00, -2.207656364280497e-02, 3.014108999999999e+05, 2.877917830558139e-03, 1.342457294762613e+02, 5.001154658414434e-01, 5.001103126033372e-01
718, 2.892865472678865e-02, 1.174017873002780e-02, 2.578927645546637e+00, 1.074998990437076e+00, -2.431330368685647e-02, 3.014109000000000e+05, 2.792285589727221e-03, 1.453349032381555e+02, 5.001469075757121e-01, 5.001329865085912e-01
719, 3.075822192116296e-02, 1.174017873009544e-02, 2.578627387366581e+00, 1.073200782914745e+00, -2.750207862998192e-02, 3.014109000000000e+05, 2.716993427481682e-03, 1.568786172451949e+02, 5.001724536174863e-01, 5.001376862667406e-01
720, 3.240483236384473e-02, 1.174017873015631e-02, 2.578872916385053e+00, 1.070680702624930e+00, -3.161631962060497e-02, 3.014108999999999e+05, 2.651186116882566e-03, 1.691677793159629e+02, 5.001963130354878e-01, 5.001157576220564e-01
721, 3.388678174333497e-02, 1.174017873021110e-02, 2.579593387495350e+00, 1.067454513077633e+00, -3.660805840416251e-02, 3.014109000000000e+05, 2.594158781662439e-03, 1.824381282323465e+02, 5.002237506861090e-01, 5.000499524330168e-01
722, 3.522053618795958e-02, 1.174017873026042e-02, 2.580711074023130e+00, 1.063533480644419e+00, -4.240210810505445e-02, 3.014109000000000e+05, 2.545341525784143e-03, 1.968651878133246e+02, 5.002619749532532e-01, 4.999114664388166e-01
723, 3.642091519689396e-02, 1.174017873030479e-02, 2.582143793535232e+00, 1.058928374206229e+00, -4.889555506814028e-02, 3.014109000000000e+05, 2.504248212676698e-03, 2.125580954313436e+02, 5.003207797813999e-01, 4.996573763670566e-01
724, 3.750125632373994e-02, 1.174017873034474e-02, 2.583811043460436e+00, 1.053652469361217e+00, -5.596282671437267e-02, 3.014109000000000e+05, 2.470413734746470e-03, 2.295551876455411e+02, 5.004127584398163e-01, 4.992296326897040e-01
725, 3.847356335244914e-02, 1.174017873038068e-02, 2.585638491561144e+00, 1.047724738748410e+00, -6.346413775573589e-02, 3.014109000000000e+05, 2.443313246434473e-03, 2.478218851831750e+02, 5.005529170630482e-01, 4.985567210163426e-01
726, 3.934863965314069e-02, 1.174017873041303e-02, 2.587560761297499e+00, 1.041172691315737e+00, -7.125445495463262e-02, 3.014109000000001e+05, 2.422347071451138e-03, 2.672572590495200e+02, 5.007576540114613e-01, 4.975586970940709e-01
727, 4.013620832907333e-02, 1.174017873044215e-02, 2.589522096321362e+00, 1.034034460197013e+00, -7.919076393445364e-02, 3.014109000000000e+05, 2.406867290673036e-03, 2.877037523355003e+02, 5.010431257767184e-01, 4.961554579554022e-01
728, 4.084502015891663e-02, 1.174017873046836e-02, 2.591477902027150e+00, 1.026360075488217e+00, -8.713909170990369e-02, 3.014109000000000e+05, 2.396199010890958e-03, 3.089588359553963e+02, 5.014232102515397e-01, 4.942772375562187e-01
729, 4.148295081275174e-02, 1.174017873049194e-02, 2.593394397048459e+00, 1.018211896761014e+00, -9.498009295658243e-02, 3.014108999999999e+05, 2.389662442212939e-03, 3.307894013078073e+02, 5.019074018875790e-01, 4.918755306350808e-01
730, 4.205708839722716e-02, 1.174017873051317e-02, 2.595246562335319e+00, 1.009663314766378e+00, -1.026122879259114e-01, 3.014108999999998e+05, 2.386591613876734e-03, 3.529467813921881e+02, 5.024990592856781e-01, 4.889322246165100e-01
731, 4.257381221005881e-02, 1.174017873053227e-02, 2.597019500901797e+00, 1.000796380439576e+00, -1.099546756098492e-01, 3.014108999999999e+05, 2.386284899634065e-03, 3.751783166249757e+02, 5.031944778841594e-01, 4.854647851743671e-01
732, 4.303886363113933e-02, 1.174017873054947e-02, 2.598705326731899e+00, 9.916981887130395e-01, -1.169468569874298e-01, 3.014108999999999e+05, 2.388140894847266e-03, 3.972488877932152e+02, 5.039830327413501e-01, 4.815258495184584e-01
733, 4.345740992926735e-02, 1.174017873056494e-02, 2.600297726600843e+00, 9.824587224674753e-01, -1.235473262555603e-01, 3.014108999999999e+05, 2.391678464514871e-03, 4.189452899027550e+02, 5.048483980078530e-01, 4.771970957396739e-01
734, 4.383410160744233e-02, 1.174017873057887e-02, 2.601793752196118e+00, 9.731676364339382e-01, -1.297318148250276e-01, 3.014109000000000e+05, 2.396513161814578e-03, 4.400814885273867e+02, 5.057706926267467e-01, 4.725786251954581e-01
735, 4.417312410721588e-02, 1.174017873059140e-02, 2.603192438687263e+00, 9.639115689245972e-01, -1.354911682137799e-01, 3.014109000000000e+05, 2.402337472054972e-03, 4.605018798973982e+02, 5.067289637139943e-01, 4.677765216091270e-01
736, 4.447824434786678e-02, 1.174017873060268e-02, 2.604490669327021e+00, 9.547712152348802e-01, -1.408288987087900e-01, 3.014109000000000e+05, 2.408898584329926e-03, 4.800698212583307e+02, 5.077034121358730e-01, 4.628916271077944e-01
737, 4.475285257492644e-02, 1.174017873061283e-02, 2.605689003361936e+00, 9.458212798445145e-01, -1.457562948248691e-01, 3.014109000000000e+05, 2.415937937232448e-03, 4.984777736666127e+02, 5.086771181865066e-01, 4.580118932869933e-01
738, 4.722432620678353e-03, 1.214030506547396e-02, 2.631246662971890e+00, 1.040649056459059e+00, -3.601055687174639e-02, 3.014109000000000e+05, 3.681967786751972e-03, 5.482855111608470e+01, 5.000037132571412e-01, 5.000037128083658e-01
739, 8.972621981811323e-03, 1.214030506560646e-02, 2.609168506120756e+00, 1.058653189062495e+00, -3.235127356831128e-02, 3.014109000000000e+05, 3.493431120301269e-03, 8.312329246784566e+01, 4.997352047825165e-01, 4.997352025267784e-01
740, 1.279779239619393e-02, 1.214030506572572e-02, 2.597406754845426e+00, 1.068127867116368e+00, -2.747581916731998e-02, 3.014109000000000e+05, 3.291092881070456e-03, 1.098256045580994e+02, 4.997556893763514e-01, 4.997556789389274e-01
741, 1.624044578843288e-02, 1.214030506583305e-02, 2.591100262282267e+00, 1.072670931012701e+00, -2.382185347567619e-02, 3.014109000000000e+05, 3.101057810379436e-03, 1.333669489534917e+02, 4.998768624748546e-01, 4.998768183860809e-01
742, 1.933883384187304e-02, 1.214030506592966e-02, 2.586741116396584e+00, 1.074458163469041e+00, -2.157468324691714e-02, 3.014109000000000e+05, 2.933417281726386e-03, 1.540155629535593e+02, 4.999857850341496e-01, 4.999856151686172e-01
743, 2.212738308435388e-02, 1.214030506601660e-02, 2.583676351518976e+00, 1.074428164707252e+00, -2.057792833603364e-02, 3.014109000000000e+05, 2.790489910971786e-03, 1.726079368241164e+02, 5.000675581664065e-01, 5.000669603282576e-01
744, 2.463707741614775e-02, 1.214030506609484e-02, 2.581520417761129e+00, 1.073056704497945e+00, -2.066489400397028e-02, 3.014109000000001e+05, 2.670929780460065e-03, 1.900070489048870e+02, 5.001256871416236e-01, 5.001237605431883e-01
745, 2.689580231974733e-02, 1.214030506616526e-02, 2.580156621216144e+00, 1.070566685378175e+00, -2.174117224340389e-02, 3.014109000000000e+05, 2.572018613917606e-03, 2.069575894431824e+02, 5.001678297643584e-01, 5.001621289792335e-01
746, 2.892865472652086e-02, 1.214030506622864e-02, 2.579509422556998e+00, 1.067064470768150e+00, -2.376049026035561e-02, 3.014109000000001e+05, 2.490753977112441e-03, 2.240653552991497e+02, 5.001997951324397e-01, 5.001842591485948e-01
747, 3.075822192094609e-02, 1.214030506628568e-02, 2.579523773711363e+00, 1.062594378038231e+00, -2.669419537377946e-02, 3.014109000000001e+05, 2.424413605145810e-03, 2.418143756273584e+02, 5.002262232063932e-01, 5.001871005618882e-01
748, 3.240483236365969e-02, 1.214030506633702e-02, 2.580136952372854e+00, 1.057170801024143e+00, -3.050627619805353e-02, 3.014108999999999e+05, 2.370737566785764e-03, 2.605781737222735e+02, 5.002517841004296e-01, 5.001604323574703e-01
749, 3.388678174317788e-02, 1.214030506638322e-02, 2.581276502141277e+00, 1.050795984230490e+00, -3.514007836406336e-02, 3.014109000000000e+05, 2.327806720491111e-03, 2.806180931281065e+02, 5.002824558832929e-01, 5.000839369700494e-01
750, 3.522053618782653e-02, 1.214030506642481e-02, 2.582859062876234e+00, 1.043471694411092e+00, -4.051242460836908e-02, 3.014109000000000e+05, 2.294055660634465e-03, 3.020938828000087e+02, 5.003265976116940e-01, 4.999235518200594e-01
751, 3.642091519678164e-02, 1.214030506646223e-02, 2.584794003294459e+00, 1.035207891620842e+00, -4.651314653940707e-02, 3.014109000000000e+05, 2.268192639561691e-03, 3.250605879247007e+02, 5.003957494282816e-01, 4.996282147174816e-01
752, 3.750125632364024e-02, 1.214030506649591e-02, 2.586989772592049e+00, 1.026029258848683e+00, -5.301081430507600e-02, 3.014109000000000e+05, 2.249094406221188e-03, 3.494699189336982e+02, 5.005048798730576e-01, 4.991283430180153e-01
753, 3.847356335237037e-02, 1.214030506652622e-02, 2.589360908259354e+00, 1.015979191573851e+00, -5.986125571371515e-02, 3.014109000000000e+05, 2.235560422256716e-03, 3.751696928571974e+02, 5.006719646571552e-01, 4.983375225200997e-01
754, 3.934863965307534e-02, 1.214030506655351e-02, 2.591832903199396e+00, 1.005118605086397e+00, -6.691687268525662e-02, 3.014109000000000e+05, 2.226449070417082e-03, 4.019384087237938e+02, 5.009168032663305e-01, 4.971582639562989e-01
755, 4.013620832901937e-02, 1.214030506657806e-02, 2.594340031709470e+00, 9.935274373191590e-01, -7.403504835266561e-02, 3.014109000000000e+05, 2.220823357529518e-03, 4.295011102394586e+02, 5.012590591042708e-01, 4.954917322770322e-01
756, 4.084502015886998e-02, 1.214030506660016e-02, 2.596827681879943e+00, 9.813051824276626e-01, -8.108559108802828e-02, 3.014109000000000e+05, 2.217896182304809e-03, 4.575422532039445e+02, 5.017158063147802e-01, 4.932504000247211e-01
757, 4.148295081271592e-02, 1.214030506662005e-02, 2.599253805522777e+00, 9.685680138103131e-01, -8.795597215925174e-02, 3.014109000000000e+05, 2.217002060656714e-03, 4.857294987250025e+02, 5.022989532181600e-01, 4.903716137044893e-01
758, 4.205708839719845e-02, 1.214030506663795e-02, 2.601587990188519e+00, 9.554441201816167e-01, -9.455362502135223e-02, 3.014109000000000e+05, 2.217570330735239e-03, 5.137347163848033e+02, 5.030129998062366e-01, 4.868295627086791e-01
759, 4.257381221003629e-02, 1.214030506665406e-02, 2.603810479107579e+00, 9.420674946594804e-01, -1.008079427302563e-01, 3.014109000000000e+05, 2.218545754267252e-03, 5.412523828807167e+02, 5.038536444581264e-01, 4.826429422440009e-01
760, 4.303886363112197e-02, 1.214030506666856e-02, 2.605910395618675e+00, 9.285719502432065e-01, -1.066705364687332e-01, 3.014109000000000e+05, 2.219763957657415e-03, 5.680145354823028e+02, 5.048076317501251e-01, 4.778762135464416e-01
761, 4.345740992925364e-02, 1.214030506668161e-02, 2.607882119191335e+00, 9.150871719195109e-01, -1.121126434680687e-01, 3.014109000000000e+05, 2.221300980016623e-03, 5.937959465832724e+02, 5.058540108471198e-01, 4.726334190994909e-01
762, 4.383410160743297e-02, 1.214030506669335e-02, 2.609725159116641e+00, 9.017341230398035e-01, -1.171229364312228e-01, 3.014109000000000e+05, 2.223213927191938e-03, 6.184182953157525e+02, 5.069667411589569e-01, 4.670451822788878e-01
763, 4.417312410720953e-02, 1.214030506670392e-02, 2.611442313176864e+00, 8.886217494611977e-01, -1.217047934721974e-01, 3.014109000000000e+05, 2.225541615582640e-03, 6.417497925971815e+02, 5.081180208785568e-01, 4.612519226056513e-01
764, 4.447824434786297e-02, 1.214030506671344e-02, 2.613034472648608e+00, 8.758445523216604e-01, -1.258728985286896e-01, 3.014108999999999e+05, 2.228297575044571e-03, 6.636884075495055e+02, 5.092815098810394e-01, 4.553875041388576e-01
765, 4.475285257492470e-02, 1.214030506672200e-02, 2.614508258391753e+00, 8.634845711978969e-01, -1.296490836547423e-01, 3.014109000000000e+05, 2.231444949031098e-03, 6.839576324338645e+02, 5.104349231532475e-01, 4.495673376762729e-01
766, 4.722432619905114e-03, 1.250041877444097e-02, 2.631419799594715e+00, 1.044173439240751e+00, -3.810565527426009e-02, 3.014108999999999e+05, 3.580931469151202e-03, 8.067238182204554e+01, 4.999058944575699e-01, 4.999058940007768e-01
767, 8.972621981170825e-03, 1.250041877455845e-02, 2.608635816845453e+00, 1.061757312064940e+00, -3.346218796900524e-02, 3.014109000000000e+05, 3.298784311177898e-03, 1.301598238649446e+02, 4.996914877508867e-01, 4.996914854230165e-01
768, 1.279779239563796e-02, 1.250041877466419e-02, 2.596816604306283e+00, 1.069606474654682e+00, -2.800739615244591e-02, 3.014109000000000e+05, 3.023583184126563e-03, 1.738636123868020e+02, 4.997691825372770e-01, 4.997691716294096e-01
769, 1.624044578795108e-02, 1.250041877475935e-02, 2.590691349208506e+00, 1.071671816387744e+00, -2.398694251772383e-02, 3.014109000000000e+05, 2.788133910019907e-03, 2.104078364554376e+02, 4.999215393843748e-01, 4.999214927889210e-01
770, 1.933883384145602e-02, 1.250041877484499e-02, 2.586499153051574e+00, 1.070415904136027e+00, -2.146975474407870e-02, 3.014109000000000e+05, 2.599272097063716e-03, 2.414306701697374e+02, 5.000421184277202e-01, 5.000419370803114e-01
771, 2.212738308399356e-02, 1.250041877492207e-02, 2.583608050674829e+00, 1.066967402337533e+00, -2.023837475554520e-02, 3.014109000000000e+05, 2.453245916034976e-03, 2.689364452034750e+02, 5.001269408443197e-01, 5.001262966417096e-01
772, 2.463707741582030e-02, 1.250041877499144e-02, 2.581637826983048e+00, 1.061937318073485e+00, -2.009373612502347e-02, 3.014109000000000e+05, 2.342733594501755e-03, 2.945063513107440e+02, 5.001850531669010e-01, 5.001829591329280e-01
773, 2.689580231948085e-02, 1.250041877505388e-02, 2.580483634741698e+00, 1.055628435838747e+00, -2.091981769066868e-02, 3.014109000000000e+05, 2.260194293681511e-03, 3.192702579191460e+02, 5.002264809466932e-01, 5.002202343114407e-01
774, 2.892865472627985e-02, 1.250041877511007e-02, 2.580077256025145e+00, 1.048182925460778e+00, -2.265377082974031e-02, 3.014109000000000e+05, 2.198957286132212e-03, 3.440151994162621e+02, 5.002578659294944e-01, 5.002407123221342e-01
775, 3.075822192075090e-02, 1.250041877516064e-02, 2.580367476790271e+00, 1.039649605225926e+00, -2.525303474057147e-02, 3.014109000000000e+05, 2.153806027241440e-03, 3.693080008537407e+02, 5.002841771585096e-01, 5.002406717499781e-01
776, 3.240483236349317e-02, 1.250041877520615e-02, 2.581291971644981e+00, 1.030032711147917e+00, -2.866966106857966e-02, 3.014109000000000e+05, 2.120870335192612e-03, 3.955437927037806e+02, 5.003104486781272e-01, 5.002081849984363e-01
777, 3.388678174303652e-02, 1.250041877524712e-02, 2.582777394736184e+00, 1.019322968431567e+00, -3.283612887412676e-02, 3.014109000000000e+05, 2.096804686048578e-03, 4.229397320901861e+02, 5.003433360954352e-01, 5.001197308888736e-01
778, 3.522053618770679e-02, 1.250041877528399e-02, 2.584738214429386e+00, 1.007509717356183e+00, -3.765985963009538e-02, 3.014109000000000e+05, 2.079276946775351e-03, 4.516122861358432e+02, 5.003923627316660e-01, 4.999358082290162e-01
779, 3.642091519668053e-02, 1.250041877531716e-02, 2.587075873376118e+00, 9.946025167826382e-01, -4.302454807184736e-02, 3.014109000000000e+05, 2.066638903717328e-03, 4.815377830621737e+02, 5.004708079299410e-01, 4.995968764552162e-01
780, 3.750125632355051e-02, 1.250041877534703e-02, 2.589689464931900e+00, 9.806413492006022e-01, -4.879571965895572e-02, 3.014109000000000e+05, 2.057619094358417e-03, 5.125650806986422e+02, 5.005960252106993e-01, 4.990213249916766e-01
781, 3.847356335229948e-02, 1.250041877537390e-02, 2.592482263020748e+00, 9.656997903841490e-01, -5.482866491077880e-02, 3.014109000000000e+05, 2.050132828516099e-03, 5.444386512945817e+02, 5.007889895583847e-01, 4.981071710503838e-01
782, 3.934863965301653e-02, 1.250041877539809e-02, 2.595367637583198e+00, 9.498827003897631e-01, -6.097814840433515e-02, 3.014109000000001e+05, 2.043032816788161e-03, 5.768305188834266e+02, 5.010729486988235e-01, 4.967385431230102e-01
783, 4.013620832897083e-02, 1.250041877541986e-02, 2.598270009354426e+00, 9.333241628635173e-01, -6.710781665027968e-02, 3.014109000000001e+05, 2.036182814090128e-03, 6.093662472542903e+02, 5.014711720706837e-01, 4.947968943941713e-01
784, 4.084502015882802e-02, 1.250041877543945e-02, 2.601127202831989e+00, 9.161822685434765e-01, -7.309723538974254e-02, 3.014109000000000e+05, 2.029436290545397e-03, 6.416539795907946e+02, 5.020041112456010e-01, 4.921757618563240e-01
785, 4.148295081268370e-02, 1.250041877545709e-02, 2.603891647806850e+00, 8.986308865984950e-01, -7.884617907808124e-02, 3.014109000000000e+05, 2.022687884565601e-03, 6.733136118162893e+02, 5.026863687926905e-01, 4.887968686743659e-01
786, 4.205708839717261e-02, 1.250041877547296e-02, 2.606530047539267e+00, 8.808512223699088e-01, -8.427609225870922e-02, 3.014109000000000e+05, 2.015885985587941e-03, 7.039995812733544e+02, 5.035239657710954e-01, 4.846248594898728e-01
787, 4.257381221001601e-02, 1.250041877548724e-02, 2.609018348407286e+00, 8.630232322955652e-01, -8.933080092168766e-02, 3.014109000000001e+05, 2.008982018447591e-03, 7.334223752238668e+02, 5.045124119258586e-01, 4.796777302063133e-01
788, 4.303886363110633e-02, 1.250041877550009e-02, 2.611342473750714e+00, 8.453194060576313e-01, -9.397632058155715e-02, 3.014109000000001e+05, 2.002007909353169e-03, 7.613433618066038e+02, 5.056361226985109e-01, 4.740305125583514e-01
789, 4.345740992924129e-02, 1.250041877551167e-02, 2.613501002135185e+00, 8.278965029955525e-01, -9.819735214703848e-02, 3.014109000000000e+05, 1.995042290472249e-03, 7.875874057589758e+02, 5.068695489432510e-01, 4.678100654942045e-01
790, 4.383410160742452e-02, 1.250041877552208e-02, 2.615499019446538e+00, 8.108909471421291e-01, -1.019941231168828e-01, 3.014108999999999e+05, 1.988178711707409e-03, 8.120430437472647e+02, 5.081799931671090e-01, 4.611807216866496e-01
791, 4.417312410720382e-02, 1.250041877553145e-02, 2.617345764772195e+00, 7.944163324005767e-01, -1.053794635673735e-01, 3.014109000000000e+05, 1.981511083002957e-03, 8.346559355694443e+02, 5.095317445098219e-01, 4.543232230637613e-01
792, 4.447824434785953e-02, 1.250041877553988e-02, 2.619049070110555e+00, 7.785626560440201e-01, -1.083756106963360e-01, 3.014109000000000e+05, 1.975130459740310e-03, 8.554078803687968e+02, 5.108905397022786e-01, 4.474119192959753e-01
793, 4.475285257492316e-02, 1.250041877554747e-02, 2.620623616458123e+00, 7.634010170251069e-01, -1.110121639285501e-01, 3.014109000000000e+05, 1.969214432040988e-03, 8.741301380503907e+02, 5.122274059400052e-01, 4.405964516042252e-01
794, 4.722432619209202e-03, 1.282452111737228e-02, 2.631417418603307e+00, 1.047200901160967e+00, -4.000782748890696e-02, 3.014109000000000e+05, 3.422551620573911e-03, 1.289969805554251e+02, 4.997969415526160e-01, 4.997969410883526e-01
795, 8.972621980594380e-03, 1.282452111746523e-02, 2.608063180888480e+00, 1.062835227729459e+00, -3.430141877926361e-02, 3.014109000000000e+05, 3.025275727607026e-03, 2.120202270071331e+02, 4.996598442650043e-01, 4.996598418683955e-01
796, 1.279779239513758e-02, 1.282452111754889e-02, 2.596250885482643e+00, 1.066922377297912e+00, -2.819517951018384e-02, 3.014109000000000e+05, 2.682912011837470e-03, 2.790630718762736e+02, 4.997999810061060e-01, 4.997999696466651e-01
797, 1.624044578751743e-02, 1.282452111762418e-02, 2.590332692698729e+00, 1.064060934452391e+00, -2.373606358233756e-02, 3.014109000000000e+05, 2.423563743205274e-03, 3.319245831357772e+02, 4.999809950592044e-01, 4.999809460470455e-01
798, 1.933883384108069e-02, 1.282452111769194e-02, 2.586321247097834e+00, 1.057293713018439e+00, -2.088580738673711e-02, 3.014109000000000e+05, 2.239680355928387e-03, 3.755242532488456e+02, 5.001093418853870e-01, 5.001091494274191e-01
799, 2.212738308366925e-02, 1.282452111775293e-02, 2.583603322262908e+00, 1.048148406769045e+00, -1.936746640678582e-02, 3.014109000000000e+05, 2.114544177495131e-03, 4.136644708345576e+02, 5.001937113182368e-01, 5.001930220932663e-01
800, 2.463707741552560e-02, 1.282452111780782e-02, 2.581803084272329e+00, 1.037482846243649e+00, -1.894685987747350e-02, 3.014109000000000e+05, 2.031455084274229e-03, 4.486483889013121e+02, 5.002488324058960e-01, 5.002465752195185e-01
801, 2.689580231924102e-02, 1.282452111785722e-02, 2.580824619678733e+00, 1.025715680396181e+00, -1.948163541923673e-02, 3.014109000000000e+05, 1.977080954520849e-03, 4.818519962414541e+02, 5.002869448575088e-01, 5.002801645037566e-01
802, 2.892865472606294e-02, 1.282452111790168e-02, 2.580608794123521e+00, 1.013014240277649e+00, -2.088657940599352e-02, 3.014109000000000e+05, 1.941041256540627e-03, 5.141291217618719e+02, 5.003154275230298e-01, 5.002966868951266e-01
803, 3.075822192057524e-02, 1.282452111794170e-02, 2.581113718312055e+00, 9.993880686467663e-01, -2.309977456591239e-02, 3.014109000000000e+05, 1.916659579541840e-03, 5.461312432802679e+02, 5.003395514159765e-01, 5.002917321477623e-01
804, 3.240483236334330e-02, 1.282452111797771e-02, 2.582280324782875e+00, 9.847815529684705e-01, -2.605866715953167e-02, 3.014109000000000e+05, 1.899764295163015e-03, 5.783133958486100e+02, 5.003646354811072e-01, 5.002515986415832e-01
805, 3.388678174290927e-02, 1.282452111801012e-02, 2.584032226578304e+00, 9.691312265082873e-01, -2.968403749702105e-02, 3.014108999999999e+05, 1.885175347879379e-03, 6.109469049960560e+02, 5.003979009705852e-01, 5.001494590925075e-01
806, 3.522053618759903e-02, 1.282452111803929e-02, 2.586277683577722e+00, 9.523948101482642e-01, -3.387491736808550e-02, 3.014109000000000e+05, 1.871845177901101e-03, 6.441393524215916e+02, 5.004499255896230e-01, 4.999402660920258e-01
807, 3.642091519658954e-02, 1.282452111806554e-02, 2.588911477196685e+00, 9.345734875430449e-01, -3.851159649565045e-02, 3.014109000000000e+05, 1.859203164902035e-03, 6.778332307244842e+02, 5.005356403534331e-01, 4.995559040981641e-01
808, 3.750125632346975e-02, 1.282452111808917e-02, 2.591825768223437e+00, 9.157181768123223e-01, -4.346033417290301e-02, 3.014109000000000e+05, 1.846729571647589e-03, 7.118333404110972e+02, 5.006747319559811e-01, 4.989026638831904e-01
809, 3.847356335223570e-02, 1.282452111811044e-02, 2.594913486606147e+00, 8.959288713002640e-01, -4.858137908345465e-02, 3.014109000000000e+05, 1.833855249454169e-03, 7.458554344326460e+02, 5.008911290017144e-01, 4.978629325719421e-01
810, 3.934863965296360e-02, 1.282452111812957e-02, 2.598074242944576e+00, 8.753547607963572e-01, -5.373878577416969e-02, 3.014109000000000e+05, 1.820196108531455e-03, 7.795329032613778e+02, 5.012114775313284e-01, 4.963024065070424e-01
811, 4.013620832892711e-02, 1.282452111814680e-02, 2.601224719703956e+00, 8.541825613853635e-01, -5.880866177117218e-02, 3.014109000000000e+05, 1.805618329053458e-03, 8.124639541859937e+02, 5.016626556154566e-01, 4.940827782174735e-01
812, 4.084502015879025e-02, 1.282452111816230e-02, 2.604299214709979e+00, 8.326215706899217e-01, -6.368509963469059e-02, 3.014109000000000e+05, 1.790122712184637e-03, 8.442618384069252e+02, 5.022685686796736e-01, 4.910784282597128e-01
813, 4.148295081265469e-02, 1.282452111817625e-02, 2.607247388711837e+00, 8.108914471892164e-01, -6.828376132466389e-02, 3.014109000000000e+05, 1.773804218853396e-03, 8.745804995096139e+02, 5.030466974005490e-01, 4.871947565373380e-01
814, 4.205708839714935e-02, 1.282452111818881e-02, 2.610034355572634e+00, 7.892108468170824e-01, -7.254255460571574e-02, 3.014109000000001e+05, 1.756822451004660e-03, 9.031334347498860e+02, 5.040049383866693e-01, 4.823853352893072e-01
815, 4.257381220999778e-02, 1.282452111820011e-02, 2.612638707388024e+00, 7.677874128996297e-01, -7.642161149131904e-02, 3.014109000000001e+05, 1.739372893893985e-03, 9.297055890340782e+02, 5.051392136363717e-01, 4.766649872720828e-01
816, 4.303886363109227e-02, 1.282452111821028e-02, 2.615050037246187e+00, 7.468090909537939e-01, -7.990138894267085e-02, 3.014109000000000e+05, 1.721668222856123e-03, 9.541562199161069e+02, 5.064323494940570e-01, 4.701161489318978e-01
817, 4.345740992923019e-02, 1.282452111821944e-02, 2.617268495349744e+00, 7.264378930761438e-01, -8.297817065287742e-02, 3.014109000000000e+05, 1.703920954317767e-03, 9.764156640915102e+02, 5.078547326841338e-01, 4.628860147150385e-01
818, 4.383410160741694e-02, 1.282452111822768e-02, 2.619301542212294e+00, 7.068063997027823e-01, -8.566076410310076e-02, 3.014109000000000e+05, 1.686331579288748e-03, 9.964781916551951e+02, 5.093670105081120e-01, 4.551728109712582e-01
819, 4.417312410719867e-02, 1.282452111823509e-02, 2.621161866545404e+00, 6.880164651398497e-01, -8.796747774949421e-02, 3.014109000000000e+05, 1.669083506109051e-03, 1.014391829800288e+03, 5.109247646597743e-01, 4.472018503742153e-01
820, 4.447824434785645e-02, 1.282452111824176e-02, 2.622861839047880e+00, 6.701398992182610e-01, -8.992360236640175e-02, 3.014109000000000e+05, 1.652358533257583e-03, 1.030237532484739e+03, 5.124843056967143e-01, 4.391957727011589e-01
821, 4.475285257492179e-02, 1.282452111824777e-02, 2.624420901781127e+00, 6.532246055282039e-01, -9.156227827189062e-02, 3.014109000000000e+05, 1.636546408749744e-03, 1.043993381069102e+03, 5.140082483991791e-01, 4.313471514713711e-01
822, 4.722432618582876e-03, 1.311621321762142e-02, 2.631256247856252e+00, 1.048704598996653e+00, -4.162200468724852e-02, 3.014109000000000e+05, 3.191841598228541e-03, 2.167062821402682e+02, 4.996811451421619e-01, 4.996811446709618e-01
823, 8.972621980075578e-03, 1.311621321769862e-02, 2.607493257244682e+00, 1.059372366243000e+00, -3.472355919791177e-02, 3.014109000000000e+05, 2.677666936249474e-03, 3.468222237785154e+02, 4.996438593104521e-01, 4.996438568490665e-01
824, 1.279779239468724e-02, 1.311621321776810e-02, 2.595754413534449e+00, 1.056162506258545e+00, -2.786275683526683e-02, 3.014109000000000e+05, 2.295657428519502e-03, 4.415016328618836e+02, 4.998487273292235e-01, 4.998487155419316e-01
825, 1.624044578712717e-02, 1.311621321783063e-02, 2.590060807527417e+00, 1.044927440169664e+00, -2.289113601264376e-02, 3.014109000000000e+05, 2.044452209838230e-03, 5.120974880039570e+02, 5.000536264788319e-01, 5.000535751702322e-01
826, 1.933883384074290e-02, 1.311621321788691e-02, 2.586226188891265e+00, 1.029720828138900e+00, -1.966810163283148e-02, 3.014109000000000e+05, 1.890120456657152e-03, 5.687947868099862e+02, 5.001841300281460e-01, 5.001839269902731e-01
827, 2.212738308337739e-02, 1.311621321793756e-02, 2.583656062875773e+00, 1.012660614530656e+00, -1.785059039309866e-02, 3.014109000000000e+05, 1.799786239996603e-03, 6.171761022993940e+02, 5.002631544279506e-01, 5.002624222517018e-01
828, 2.463707741526037e-02, 1.311621321798315e-02, 2.581984314275221e+00, 9.948559160327648e-01, -1.715826128190903e-02, 3.014109000000000e+05, 1.747758841768542e-03, 6.599583221547090e+02, 5.003112650983681e-01, 5.003088519830597e-01
829, 2.689580231902518e-02, 1.311621321802417e-02, 2.581132524761361e+00, 9.767302618927305e-01, -1.741093285503459e-02, 3.014109000000000e+05, 1.717245844868571e-03, 6.987520168128381e+02, 5.003428480087486e-01, 5.003355566257323e-01
830, 2.892865472586773e-02, 1.311621321806111e-02, 2.581053262893160e+00, 9.583258347825597e-01, -1.849233841524218e-02, 3.014109000000000e+05, 1.695038332997266e-03, 7.347638831081129e+02, 5.003658618296029e-01, 5.003455987532620e-01
831, 3.075822192041714e-02, 1.311621321809434e-02, 2.581710485463023e+00, 9.394975721558574e-01, -2.031619534361067e-02, 3.014109000000000e+05, 1.676853193534823e-03, 7.689577859238409e+02, 5.003856861546233e-01, 5.003337208708168e-01
832, 3.240483236320841e-02, 1.311621321812425e-02, 2.583049818022180e+00, 9.200459408030056e-01, -2.280337952011828e-02, 3.014109000000000e+05, 1.660768202504230e-03, 8.020643421910382e+02, 5.004077421600417e-01, 5.002843334356856e-01
833, 3.388678174279476e-02, 1.311621321815117e-02, 2.584990042616647e+00, 8.997929669721642e-01, -2.586525519435404e-02, 3.014109000000000e+05, 1.644833877793553e-03, 8.346088681047465e+02, 5.004396376943571e-01, 5.001672484706514e-01
834, 3.522053618750205e-02, 1.311621321817539e-02, 2.587428497452393e+00, 8.786378982564180e-01, -2.939768831593925e-02, 3.014109000000000e+05, 1.628072938512736e-03, 8.668083765355694e+02, 5.004928298486558e-01, 4.999319077920060e-01
835, 3.642091519650766e-02, 1.311621321819720e-02, 2.590254886061688e+00, 8.565581218116153e-01, -3.328199566851894e-02, 3.014109000000000e+05, 1.609995876750219e-03, 8.986746668169811e+02, 5.005837747969651e-01, 4.995018268489620e-01
836, 3.750125632339708e-02, 1.311621321821682e-02, 2.593353915968421e+00, 8.336069610885807e-01, -3.738968563188502e-02, 3.014109000000000e+05, 1.590379408884847e-03, 9.300524914283791e+02, 5.007343661726118e-01, 4.987715685459563e-01
837, 3.847356335217827e-02, 1.311621321823448e-02, 2.596613526947261e+00, 8.099059540350193e-01, -4.159113353316755e-02, 3.014109000000000e+05, 1.569158205910698e-03, 9.606686638511438e+02, 5.009713929268050e-01, 4.976084998679818e-01
838, 3.934863965291594e-02, 1.311621321825037e-02, 2.599931222367471e+00, 7.856321460577569e-01, -4.576468190930583e-02, 3.014109000000000e+05, 1.546401989198345e-03, 9.901846857224634e+02, 5.013248284057222e-01, 4.958607036206986e-01
839, 4.013620832888778e-02, 1.311621321826468e-02, 2.603219752501790e+00, 7.610019725903793e-01, -4.980272927215314e-02, 3.014108999999999e+05, 1.522288777016078e-03, 1.018245673420868e+03, 5.018250425285656e-01, 4.933709641527069e-01
840, 4.084502015875626e-02, 1.311621321827756e-02, 2.606409393272519e+00, 7.362541261199821e-01, -5.361675426164152e-02, 3.014109000000000e+05, 1.497042935276753e-03, 1.044522111727328e+03, 5.024992829715127e-01, 4.899951805795521e-01
841, 4.148295081262859e-02, 1.311621321828915e-02, 2.609447752172156e+00, 7.116330575988957e-01, -5.714019409690695e-02, 3.014109000000000e+05, 1.470950815398253e-03, 1.068741733204521e+03, 5.033679180882343e-01, 4.856225215598916e-01
842, 4.205708839712841e-02, 1.311621321829957e-02, 2.612299358417438e+00, 6.873747706211708e-01, -6.032814214088428e-02, 3.014109000000000e+05, 1.444338433930081e-03, 1.090707503479335e+03, 5.044409686526932e-01, 4.801943754462341e-01
843, 4.257381220998138e-02, 1.311621321830896e-02, 2.614943179933245e+00, 6.636953458557967e-01, -6.315609322520056e-02, 3.014109000000000e+05, 1.417542405732392e-03, 1.110304845494239e+03, 5.057153518648309e-01, 4.737194181251457e-01
844, 4.303886363107959e-02, 1.311621321831740e-02, 2.617370132231226e+00, 6.407821147976404e-01, -6.561705122093585e-02, 3.014109000000000e+05, 1.390884634826429e-03, 1.127499142843792e+03, 5.071732729846914e-01, 4.662825958034164e-01
845, 4.345740992922018e-02, 1.311621321832501e-02, 2.619582088786839e+00, 6.187882719646678e-01, -6.771680596805009e-02, 3.014109000000000e+05, 1.364655511837632e-03, 1.142326701477862e+03, 5.087822243723082e-01, 4.580457007281004e-01
846, 4.383410160741011e-02, 1.311621321833185e-02, 2.621588685096146e+00, 5.978306235294972e-01, -6.947011693640522e-02, 3.014109000000000e+05, 1.339105290655342e-03, 1.154881865133410e+03, 5.104970451029751e-01, 4.492368426837606e-01
847, 4.417312410719402e-02, 1.311621321833801e-02, 2.623405294092062e+00, 5.779897227329561e-01, -7.089757240616029e-02, 3.014109000000000e+05, 1.314444869263533e-03, 1.165302423488005e+03, 5.122644995507643e-01, 4.401268342689549e-01
848, 4.447824434785367e-02, 1.311621321834355e-02, 2.625047728071112e+00, 5.593119070149114e-01, -7.202377321114201e-02, 3.014109000000000e+05, 1.290876458395653e-03, 1.173750259208612e+03, 5.140301078424286e-01, 4.309939115240328e-01
849, 4.475285257492053e-02, 1.311621321834854e-02, 2.626537997634843e+00, 5.418161017646291e-01, -7.288147575275927e-02, 3.014109000000000e+05, 1.268863458499988e-03, 1.180346275999661e+03, 5.157458934113085e-01, 4.220848427975302e-01
850, 4.722432618019186e-03, 1.337873610961526e-02, 2.630986019324171e+00, 1.046955594543114e+00, -4.278854032464637e-02, 3.014109000000000e+05, 2.883852877006941e-03, 3.679365569167028e+02, 4.995624666906608e-01, 4.995624662130926e-01
851, 8.972621979608655e-03, 1.337873610967898e-02, 2.606968581485188e+00, 1.047848422888973e+00, -3.453238271938244e-02, 3.014109000000000e+05, 2.277864607268245e-03, 5.553022770352367e+02, 4.996457913746236e-01, 4.996457888529542e-01
852, 1.279779239428194e-02, 1.337873610973633e-02, 2.595355377868046e+00, 1.032657030864202e+00, -2.682228451577100e-02, 3.014109000000000e+05, 1.894029548246977e-03, 6.774337675755612e+02, 4.999142453612099e-01, 4.999142331740985e-01
853, 1.624044578677593e-02, 1.337873610978795e-02, 2.589881207959888e+00, 1.009323733060243e+00, -2.131388892005281e-02, 3.014109000000000e+05, 1.676032276239379e-03, 7.635936197697389e+02, 5.001357939922279e-01, 5.001357405353040e-01
854, 1.933883384043889e-02, 1.337873610983441e-02, 2.586193835658489e+00, 9.832613214587250e-01, -1.775061064925769e-02, 3.014109000000000e+05, 1.560199020139445e-03, 8.298822529757048e+02, 5.002613096447063e-01, 5.002610967086507e-01
855, 2.212738308311470e-02, 1.337873610987622e-02, 2.583726968340290e+00, 9.571080232958232e-01, -1.569885714517908e-02, 3.014109000000000e+05, 1.501230251828553e-03, 8.831613744939455e+02, 5.003293901982360e-01, 5.003286178447549e-01
856, 2.463707741502166e-02, 1.337873610991385e-02, 2.582136071314462e+00, 9.319347883486512e-01, -1.480897187742519e-02, 3.014109000000000e+05, 1.467506230081562e-03, 9.268503886329066e+02, 5.003664717762525e-01, 5.003639128068155e-01
857, 2.689580231883092e-02, 1.337873610994771e-02, 2.581364333350016e+00, 9.078516218519952e-01, -1.484657759456420e-02, 3.014109000000000e+05, 1.443764840189906e-03, 9.635121808982784e+02, 5.003888060446786e-01, 5.003810365485355e-01
858, 2.892865472569203e-02, 1.337873610997820e-02, 2.581372412494852e+00, 8.845272664811014e-01, -1.565855166262722e-02, 3.014109000000000e+05, 1.424021546088673e-03, 9.953716602381634e+02, 5.004045153669051e-01, 5.003828273391616e-01
859, 3.075822192027486e-02, 1.337873611000563e-02, 2.582123398278483e+00, 8.615128432706806e-01, -1.713546660927401e-02, 3.014109000000000e+05, 1.405179578531322e-03, 1.024144771356527e+03, 5.004186988270648e-01, 5.003628512150217e-01
860, 3.240483236308701e-02, 1.337873611003031e-02, 2.583563824867152e+00, 8.383831202716563e-01, -1.918377699560922e-02, 3.014109000000000e+05, 1.385742400857864e-03, 1.051084571842728e+03, 5.004366118480910e-01, 5.003034867225806e-01
861, 3.388678174269168e-02, 1.337873611005253e-02, 2.585614641398368e+00, 8.148083448181881e-01, -2.170946005325849e-02, 3.014109000000000e+05, 1.364810402996243e-03, 1.076989134159997e+03, 5.004661116109315e-01, 5.001712831385370e-01
862, 3.522053618741477e-02, 1.337873611007253e-02, 2.588173167471429e+00, 7.905859203266804e-01, -2.461036984568400e-02, 3.014109000000000e+05, 1.341952599165528e-03, 1.102243416925294e+03, 5.005194341831269e-01, 4.999104776250039e-01
863, 3.642091519643397e-02, 1.337873611009053e-02, 2.591122432295445e+00, 7.656425704149334e-01, -2.777425926527696e-02, 3.014109000000000e+05, 1.317052257991678e-03, 1.126908132345746e+03, 5.006144056147851e-01, 4.994367109535359e-01
864, 3.750125632333165e-02, 1.337873611010673e-02, 2.594340102129106e+00, 7.400203340084954e-01, -3.108359655322138e-02, 3.014109000000000e+05, 1.290204142039654e-03, 1.150815904467140e+03, 5.007749391153545e-01, 4.986335909904884e-01
865, 3.847356335212659e-02, 1.337873611012131e-02, 2.597707524017118e+00, 7.138541290027240e-01, -3.442329256281712e-02, 3.014109000000000e+05, 1.261646600131735e-03, 1.173663322336436e+03, 5.010304255831908e-01, 4.973545157290457e-01
866, 3.934863965287307e-02, 1.337873611013443e-02, 2.601116660753839e+00, 6.873457580832210e-01, -3.768866275042704e-02, 3.014109000000000e+05, 1.231715135528893e-03, 1.195091354613825e+03, 5.014138478643222e-01, 4.954312733310426e-01
867, 4.013620832885238e-02, 1.337873611014624e-02, 2.604476841253359e+00, 6.607381642446697e-01, -4.079058488604090e-02, 3.014109000000000e+05, 1.200765372631323e-03, 1.214748800108752e+03, 5.019587702169562e-01, 4.926892721498396e-01
868, 4.084502015872566e-02, 1.337873611015686e-02, 2.607717414082836e+00, 6.342919206048030e-01, -4.365918431880923e-02, 3.014109000000000e+05, 1.169045758815393e-03, 1.232337834177229e+03, 5.026955481119323e-01, 4.889673986043773e-01
869, 4.148295081260511e-02, 1.337873611016643e-02, 2.610786662865285e+00, 6.082644608130128e-01, -4.624564600821326e-02, 3.014109000000000e+05, 1.136956150682312e-03, 1.247647557256792e+03, 5.036473276678760e-01, 4.841394748356806e-01
870, 4.205708839710957e-02, 1.337873611017503e-02, 2.613649921926438e+00, 5.828953923465731e-01, -4.852129603872317e-02, 3.014109000000000e+05, 1.104927760120744e-03, 1.260562405381193e+03, 5.048263975381735e-01, 4.781342363672155e-01
871, 4.257381220996657e-02, 1.337873611018278e-02, 2.616287683872978e+00, 5.583951973217697e-01, -5.047533693239831e-02, 3.014109000000000e+05, 1.073364621279655e-03, 1.271062056033482e+03, 5.062312626349410e-01, 4.709514400226393e-01
872, 4.303886363106822e-02, 1.337873611018976e-02, 2.618692678306980e+00, 5.349377550173735e-01, -5.211122094178658e-02, 3.014109000000000e+05, 1.042615462382738e-03, 1.279210466096125e+03, 5.078446978282655e-01, 4.626726997469650e-01
873, 4.345740992921117e-02, 1.337873611019603e-02, 2.620868223045485e+00, 5.126566732690296e-01, -5.344177339405570e-02, 3.014109000000001e+05, 1.012962743478604e-03, 1.285138642885546e+03, 5.096330338942063e-01, 4.534657581417401e-01
874, 4.383410160740394e-02, 1.337873611020168e-02, 2.622825352549767e+00, 4.916447959472360e-01, -5.448513152759607e-02, 3.014109000000000e+05, 9.846224529914632e-04, 1.289024305841603e+03, 5.115471066855934e-01, 4.435796272869665e-01
875, 4.417312410718986e-02, 1.337873611020677e-02, 2.624581059281277e+00, 4.719560286160617e-01, -5.526157744716412e-02, 3.014109000000000e+05, 9.577545920826333e-04, 1.291069783479166e+03, 5.135257933458034e-01, 4.333261884916957e-01
876, 4.447824434785116e-02, 1.337873611021134e-02, 2.626153220916700e+00, 4.536085943360972e-01, -5.579209641420665e-02, 3.014109000000000e+05, 9.325029381545905e-04, 1.291476420559713e+03, 5.155029358016987e-01, 4.230441772703596e-01
877, 4.475285257491941e-02, 1.337873611021546e-02, 2.627564851686787e+00, 4.365919565220863e-01, -5.610613172044991e-02, 3.014109000000000e+05, 9.091705198526391e-04, 1.290435690744244e+03, 5.174172845582381e-01, 4.130486244122717e-01
878, 4.722432617511864e-03, 1.361500671957358e-02, 2.630665692215027e+00, 1.039727656843948e+00, -4.329261862444506e-02, 3.014109000000000e+05, 2.507115685992991e-03, 6.144402220935274e+02, 4.994439568363966e-01, 4.994439563530610e-01
879, 8.972621979188425e-03, 1.361500671962858e-02, 2.606522112877353e+00, 1.024387019496536e+00, -3.352366597509010e-02, 3.014109000000000e+05, 1.853993896374988e-03, 8.605608408673496e+02, 4.996665126863634e-01, 4.996665101093123e-01
880, 1.279779239391717e-02, 1.361500671967808e-02, 2.595062512767258e+00, 9.921523272767220e-01, -2.494114740047840e-02, 3.014109000000000e+05, 1.500287006565996e-03, 1.003068904150569e+03, 4.999938393568584e-01, 4.999938268017006e-01
881, 1.624044578645981e-02, 1.361500671972263e-02, 2.589775294857330e+00, 9.538226909179310e-01, -1.897759621988631e-02, 3.014109000000000e+05, 1.324214198348778e-03, 1.096215550564699e+03, 5.002226290091210e-01, 5.002225735775754e-01
882, 1.933883384016528e-02, 1.361500671976273e-02, 2.586186641747493e+00, 9.160545179480976e-01, -1.521215522856921e-02, 3.014109000000000e+05, 1.240178436538095e-03, 1.161440172303715e+03, 5.003352897852930e-01, 5.003350677735591e-01
883, 2.212738308287829e-02, 1.361500671979881e-02, 2.583774725639796e+00, 8.814159394472855e-01, -1.307494649922365e-02, 3.014109000000000e+05, 1.198201990484859e-03, 1.207496188514752e+03, 5.003872420910556e-01, 5.003864329848533e-01
884, 2.463707741480683e-02, 1.361500671983129e-02, 2.582221561267251e+00, 8.502997770082691e-01, -1.211962830160143e-02, 3.014109000000000e+05, 1.170260000971783e-03, 1.240131541853852e+03, 5.004103522458013e-01, 5.004076600999883e-01
885, 2.689580231865608e-02, 1.361500671986052e-02, 2.581483145836164e+00, 8.220588977367973e-01, -1.204886527250194e-02, 3.014109000000000e+05, 1.147634823437239e-03, 1.264068840295294e+03, 5.004220023780045e-01, 5.004137969078756e-01
886, 2.892865472553391e-02, 1.361500671988682e-02, 2.581532202893293e+00, 7.957424741076125e-01, -1.267426110970874e-02, 3.014109000000000e+05, 1.126231613881523e-03, 1.282978663922927e+03, 5.004298770352212e-01, 5.004068908865491e-01
887, 3.075822192014680e-02, 1.361500671991050e-02, 2.582340550809704e+00, 7.704393569281234e-01, -1.386917548003446e-02, 3.014109000000000e+05, 1.104180100420231e-03, 1.299408485849302e+03, 5.004383977121957e-01, 5.003790157108751e-01
888, 3.240483236297775e-02, 1.361500671993181e-02, 2.583852584546100e+00, 7.454289432777189e-01, -1.553358816300447e-02, 3.014109000000000e+05, 1.080677380507281e-03, 1.314879345190451e+03, 5.004523695555052e-01, 5.003104037252942e-01
889, 3.388678174259894e-02, 1.361500671995098e-02, 2.585983134692702e+00, 7.202187226063439e-01, -1.757486257328942e-02, 3.014109000000000e+05, 1.055375977972529e-03, 1.330125122765431e+03, 5.004796376912866e-01, 5.001644042640380e-01
890, 3.522053618733620e-02, 1.361500671996825e-02, 2.588622913391175e+00, 6.945313032947349e-01, -1.989832418545390e-02, 3.014109000000000e+05, 1.028197591057241e-03, 1.345334070354166e+03, 5.005329841745628e-01, 4.998803803434499e-01
891, 3.642091519636764e-02, 1.361500671998378e-02, 2.591649878972126e+00, 6.682729998098087e-01, -2.240411007205578e-02, 3.014109000000000e+05, 9.992609813411020e-04, 1.360346066756534e+03, 5.006314345042759e-01, 4.993668247679292e-01
892, 3.750125632327279e-02, 1.361500671999776e-02, 2.594937331558876e+00, 6.414965043526548e-01, -2.499060381162427e-02, 3.014109000000000e+05, 9.688354391577960e-04, 1.374803547908095e+03, 5.008007203685798e-01, 4.984975013561787e-01
893, 3.847356335208009e-02, 1.361500672001034e-02, 2.598363233432790e+00, 6.143618101688951e-01, -2.756091082299828e-02, 3.014109000000000e+05, 9.372967602652632e-04, 1.388266681761321e+03, 5.010725756370931e-01, 4.971133433356466e-01
894, 3.934863965283448e-02, 1.361500672002166e-02, 2.601817452759895e+00, 5.870985501360068e-01, -3.002953732077044e-02, 3.014109000000000e+05, 9.050799650102187e-04, 1.400299135229107e+03, 5.014826786918711e-01, 4.950317015556618e-01
895, 4.013620832882053e-02, 1.361500672003185e-02, 2.605208279070416e+00, 5.599725165367467e-01, -3.232647046550732e-02, 3.014109000000000e+05, 8.724876617876938e-04, 1.410527966470243e+03, 5.020674310529566e-01, 4.920626707752559e-01
896, 4.084502015869813e-02, 1.361500672004103e-02, 2.608464399115516e+00, 5.332579103085635e-01, -3.439977427830843e-02, 3.014109000000000e+05, 8.393476547295370e-04, 1.418680753146728e+03, 5.028599474113065e-01, 4.880301181291816e-01
897, 4.148295081258395e-02, 1.361500672004928e-02, 2.611534540196697e+00, 5.072156700575232e-01, -3.621669347434087e-02, 3.014109000000000e+05, 8.063949099576044e-04, 1.424602806791054e+03, 5.038859081889649e-01, 4.827939947970774e-01
898, 4.205708839709262e-02, 1.361500672005671e-02, 2.614385641394571e+00, 4.820780532335399e-01, -3.776226097485369e-02, 3.014109000000000e+05, 7.741684120481757e-04, 1.428257941506128e+03, 5.051598773694018e-01, 4.762706037753178e-01
899, 4.257381220995329e-02, 1.361500672006340e-02, 2.617000021596711e+00, 4.580388134210537e-01, -3.903648124857741e-02, 3.014109000000000e+05, 7.430727407590858e-04, 1.429716641374470e+03, 5.066824098947018e-01, 4.684486573448858e-01
900, 4.303886363105795e-02, 1.361500672006942e-02, 2.619372200853412e+00, 4.352483631770425e-01, -4.005042642960761e-02, 3.014109000000000e+05, 7.134026813572334e-04, 1.429134135484881e+03, 5.084380204560337e-01, 4.594006486501828e-01
901, 4.345740992920307e-02, 1.361500672007483e-02, 2.621506690401295e+00, 4.138130537325413e-01, -4.082144461270532e-02, 3.014109000000000e+05, 6.853588991347550e-04, 1.426723475051391e+03, 5.103939246555595e-01, 4.492899454393131e-01
902, 4.383410160739842e-02, 1.361500672007971e-02, 2.623415198903678e+00, 3.937972744507243e-01, -4.136905499897222e-02, 3.014109000000000e+05, 6.590637850084383e-04, 1.422725698431168e+03, 5.124996447373789e-01, 4.383728296036902e-01
903, 4.417312410718612e-02, 1.361500672008410e-02, 2.625115274300358e+00, 3.752272462847233e-01, -4.171177510256380e-02, 3.014109000000000e+05, 6.345850499880548e-04, 1.417370893479656e+03, 5.146884738711732e-01, 4.269906561138131e-01
904, 4.447824434784890e-02, 1.361500672008805e-02, 2.626624994657626e+00, 3.580951259608965e-01, -4.186561005777744e-02, 3.014109000000000e+05, 6.119953409984048e-04, 1.410806893613852e+03, 5.168827700588402e-01, 4.155419510426415e-01
905, 4.475285257491837e-02, 1.361500672009160e-02, 2.627967677270496e+00, 3.423656050791756e-01, -4.185563449844717e-02, 3.014109000000000e+05, 5.916251864726206e-04, 1.403035933883376e+03, 5.190050335031154e-01, 4.044257363998690e-01
906, 4.722432617055275e-03, 1.382765027086705e-02, 2.630348662556989e+00, 1.024504376195148e+00, -4.289498584293438e-02, 3.014109000000000e+05, 2.081905031599093e-03, 9.982883558182915e+02, 4.993280508893613e-01, 4.993280504008688e-01
907, 8.972621978810220e-03, 1.382765027090926e-02, 2.606177351197490e+00, 9.854092850696985e-01, -3.153875024759095e-02, 3.014109000000000e+05, 1.432748564803484e-03, 1.291229526404409e+03, 4.997057401115450e-01, 4.997057374843197e-01
908, 1.279779239358887e-02, 1.382765027094725e-02, 2.594868053173506e+00, 9.318374818458642e-01, -2.220028822667789e-02, 3.014109000000000e+05, 1.127715366864549e-03, 1.437149702964379e+03, 5.000836877111080e-01, 5.000836748229593e-01
909, 1.624044578617532e-02, 1.382765027098145e-02, 2.589709994821336e+00, 8.775952465441588e-01, -1.600446936175038e-02, 3.014109000000000e+05, 9.895130340046667e-04, 1.519302761900851e+03, 5.003088406002605e-01, 5.003087833906524e-01
910, 1.933883383991903e-02, 1.382765027101222e-02, 2.586162458031976e+00, 8.295662567887911e-01, -1.227689479573556e-02, 3.014109000000000e+05, 9.249949320958131e-04, 1.565062969116093e+03, 5.004011982170198e-01, 5.004009680748146e-01
911, 2.212738308266552e-02, 1.382765027103992e-02, 2.583760098755358e+00, 7.890363970279293e-01, -1.025730397351550e-02, 3.014109000000000e+05, 8.901235825133247e-04, 1.587842839849570e+03, 5.004333505153380e-01, 5.004325086281551e-01
912, 2.463707741461347e-02, 1.382765027106484e-02, 2.582214232998056e+00, 7.548581754645933e-01, -9.387315896102713e-03, 3.014109000000000e+05, 8.645754325348691e-04, 1.597510583990598e+03, 5.004414391798594e-01, 5.004386286514145e-01
913, 2.689580231849873e-02, 1.382765027108728e-02, 2.581496331451432e+00, 7.251609969745255e-01, -9.314080073942443e-03, 3.014109000000000e+05, 8.414282722660162e-04, 1.601078337046933e+03, 5.004428269195429e-01, 5.004342348620522e-01
914, 2.892865472539159e-02, 1.382765027110748e-02, 2.581581951777908e+00, 6.981911297205924e-01, -9.827024250023578e-03, 3.014109000000000e+05, 8.183494041901124e-04, 1.602844715387041e+03, 5.004438897706298e-01, 5.004197545799614e-01
915, 3.075822192003154e-02, 1.382765027112565e-02, 2.582437105282269e+00, 6.725903443227290e-01, -1.079548074448099e-02, 3.014109000000000e+05, 7.945006398399108e-04, 1.605002166857072e+03, 5.004478168867588e-01, 5.003853105293133e-01
916, 3.240483236287942e-02, 1.382765027114200e-02, 2.584001262341725e+00, 6.474256871924131e-01, -1.212527204532890e-02, 3.014109000000000e+05, 7.695490383139811e-04, 1.608387315795787e+03, 5.004587136940311e-01, 5.003089415259315e-01
917, 3.388678174251546e-02, 1.382765027115672e-02, 2.586185159733403e+00, 6.221281719184550e-01, -1.373464273516312e-02, 3.014109000000000e+05, 7.433757889596993e-04, 1.613057703956639e+03, 5.004843079656339e-01, 5.001510767665663e-01
918, 3.522053618726549e-02, 1.382765027116997e-02, 2.588875899515582e+00, 5.964146877942069e-01, -1.554296137962507e-02, 3.014109000000000e+05, 7.160201564871421e-04, 1.618657187181588e+03, 5.005378458910642e-01, 4.998467908904167e-01
919, 3.642091519630793e-02, 1.382765027118189e-02, 2.591948134784931e+00, 5.702182313720321e-01, -1.746698952336870e-02, 3.014109000000000e+05, 6.876658553985772e-04, 1.624633051375772e+03, 5.006394157050383e-01, 4.992983482043975e-01
920, 3.750125632321980e-02, 1.382765027119262e-02, 2.595272621817951e+00, 5.436290376897446e-01, -1.942363485169639e-02, 3.014109000000000e+05, 6.586148771761908e-04, 1.630370532125810e+03, 5.008163568978924e-01, 4.983709863459979e-01
921, 3.847356335203823e-02, 1.382765027120228e-02, 2.598725653348740e+00, 5.168433311737209e-01, -2.133538068577302e-02, 3.014109000000000e+05, 6.292467228707501e-04, 1.635282763359869e+03, 5.011024537290965e-01, 4.968949075010967e-01
922, 3.934863965279976e-02, 1.382765027121097e-02, 2.602196473253934e+00, 4.901186204958393e-01, -2.313577617298954e-02, 3.014109000000000e+05, 5.999711117569086e-04, 1.638871763355682e+03, 5.015357192783297e-01, 4.946751241639150e-01
923, 4.013620832879185e-02, 1.382765027121879e-02, 2.605593591182247e+00, 4.637365197979524e-01, -2.477264947710845e-02, 3.014109000000000e+05, 5.711444501322069e-04, 1.640766825303873e+03, 5.021549893779675e-01, 4.915087329550472e-01
924, 4.084502015867333e-02, 1.382765027122583e-02, 2.608845930667075e+00, 4.379741857853088e-01, -2.620999369502871e-02, 3.014109000000000e+05, 5.429511075235996e-04, 1.640744112076056e+03, 5.029957416917480e-01, 4.872068659567220e-01
925, 4.148295081256492e-02, 1.382765027123217e-02, 2.611902983567783e+00, 4.130841394259488e-01, -2.742836060159021e-02, 3.014109000000000e+05, 5.157046325176277e-04, 1.638719270343884e+03, 5.040858750259808e-01, 4.816174742446289e-01
926, 4.205708839707735e-02, 1.382765027123787e-02, 2.614733650358152e+00, 3.892792952315229e-01, -2.842302999604232e-02, 3.014109000000000e+05, 4.896882178672332e-04, 1.634741311148583e+03, 5.054421103963533e-01, 4.746452856014791e-01
927, 4.257381220994132e-02, 1.382765027124301e-02, 2.617322030876314e+00, 3.667261785935784e-01, -2.920129422838869e-02, 3.014109000000000e+05, 4.651156047946413e-04, 1.628967409479822e+03, 5.070673154289802e-01, 4.662668263824516e-01
928, 4.303886363104872e-02, 1.382765027124762e-02, 2.619664079737769e+00, 3.455437667755661e-01, -2.977883000122257e-02, 3.014109000000000e+05, 4.421244098925085e-04, 1.621631928190985e+03, 5.089486860148628e-01, 4.565407769002102e-01
929, 4.345740992919578e-02, 1.382765027125178e-02, 2.621764992311475e+00, 3.258064085890161e-01, -3.017532960886237e-02, 3.014109000000000e+05, 4.207828308365262e-04, 1.613012637381934e+03, 5.110563235490857e-01, 4.456159358209470e-01
930, 4.383410160739344e-02, 1.382765027125552e-02, 2.623636414563334e+00, 3.075488792365348e-01, -3.041057715016302e-02, 3.014109000000000e+05, 4.011037301083424e-04, 1.603390697952164e+03, 5.133416861741072e-01, 4.337392216205022e-01
931, 4.417312410718272e-02, 1.382765027125889e-02, 2.625295572693904e+00, 2.907721148407171e-01, -3.050121259387268e-02, 3.014109000000000e+05, 3.830704628066537e-04, 1.592970961851518e+03, 5.157362955496593e-01, 4.212619823330568e-01
932, 4.447824434784687e-02, 1.382765027126192e-02, 2.626759204297657e+00, 2.754475703804381e-01, -3.045850340052177e-02, 3.014109000000000e+05, 3.667031272965409e-04, 1.581636389118702e+03, 5.181531324921721e-01, 4.086319093380427e-01
933, 4.475285257491747e-02, 1.382765027126465e-02, 2.628051812745018e+00, 2.615230010739803e-01, -3.030372660288976e-02, 3.014109000000000e+05, 3.522732947179121e-04, 1.568426818348409e+03, 5.204959138752530e-01, 3.963454809270162e-01
934, 4.722432616644347e-03, 1.401902946570260e-02, 2.630080277891329e+00, 9.985220707940623e-01, -4.137168247235758e-02, 3.014109000000000e+05, 1.637068023933132e-03, 1.580876154614463e+03, 4.992172511479691e-01, 4.992172506549207e-01
935, 8.972621978469833e-03, 1.401902946573639e-02, 2.605944731963768e+00, 9.281147379057172e-01, -2.851476432306729e-02, 3.014109000000000e+05, 1.038369829336124e-03, 1.890934111320669e+03, 4.997620943522630e-01, 4.997620916803023e-01
936, 1.279779239329340e-02, 1.401902946576680e-02, 2.594746995597357e+00, 8.510333021215775e-01, -1.872679395213447e-02, 3.014109000000000e+05, 7.892400339867585e-04, 2.010620686795720e+03, 5.001790110841863e-01, 5.001789979008721e-01
937, 1.624044578591926e-02, 1.401902946579417e-02, 2.589645603036612e+00, 7.828173643660893e-01, -1.265612422836961e-02, 3.014109000000000e+05, 6.817095448746694e-04, 2.055019086752664e+03, 5.003892991238440e-01, 5.003892403512288e-01
938, 1.933883383969740e-02, 1.401902946581880e-02, 2.586091802285878e+00, 7.283387804823794e-01, -9.260801416870711e-03, 3.014109000000000e+05, 6.291666555048549e-04, 2.060979099039338e+03, 5.004556587623864e-01, 5.004554215272691e-01
939, 2.212738308247403e-02, 1.401902946584098e-02, 2.583681312121520e+00, 6.859232462012734e-01, -7.556534061088503e-03, 3.014109000000000e+05, 5.974845279284105e-04, 2.048908352694073e+03, 5.004667687005954e-01, 5.004658983853824e-01
940, 2.463707741443946e-02, 1.401902946586093e-02, 2.582145847489067e+00, 6.520871660442733e-01, -6.887568640296637e-03, 3.014109000000000e+05, 5.731756014102866e-04, 2.031506412609524e+03, 5.004609271269685e-01, 5.004580143765170e-01
941, 2.689580231835712e-02, 1.401902946587889e-02, 2.581455066334149e+00, 6.235642677025863e-01, -6.874945785640183e-03, 3.014109000000000e+05, 5.515005303044696e-04, 2.015258631340637e+03, 5.004538795214309e-01, 5.004449546500646e-01
942, 2.892865472526351e-02, 1.401902946589505e-02, 2.581576014739828e+00, 5.979397088730410e-01, -7.313351345847035e-03, 3.014109000000000e+05, 5.307248921005322e-04, 2.002585708427954e+03, 5.004498664690378e-01, 5.004247441640859e-01
943, 3.075822191992782e-02, 1.401902946590959e-02, 2.582468721800533e+00, 5.736183447740345e-01, -8.087774176493166e-03, 3.014109000000000e+05, 5.100786626979515e-04, 1.993822797568369e+03, 5.004505635269157e-01, 5.003853774472257e-01
944, 3.240483236279091e-02, 1.401902946592269e-02, 2.584068976963815e+00, 5.496307529021428e-01, -9.121498396366324e-03, 3.014109000000000e+05, 4.891681975896571e-04, 1.988421881708961e+03, 5.004593319548070e-01, 5.003028737223489e-01
945, 3.388678174244034e-02, 1.401902946593447e-02, 2.586285492249022e+00, 5.254490466284347e-01, -1.034995333232715e-02, 3.014109000000000e+05, 4.678202212576768e-04, 1.985533449057596e+03, 5.004838029432699e-01, 5.001351780000758e-01
946, 3.522053618720187e-02, 1.401902946594507e-02, 2.589004051545695e+00, 5.008521127096865e-01, -1.170974300368536e-02, 3.014109000000000e+05, 4.460330293863929e-04, 1.984249960813723e+03, 5.005376702817138e-01, 4.998137766707829e-01
947, 3.642091519625422e-02, 1.401902946595462e-02, 2.592098184071598e+00, 4.758326734434798e-01, -1.313562978494640e-02, 3.014109000000000e+05, 4.239421404678449e-04, 1.983704443885129e+03, 5.006419745377968e-01, 4.992357208811173e-01
948, 3.750125632317212e-02, 1.401902946596320e-02, 2.595437750090677e+00, 4.505295902866199e-01, -1.456317384637278e-02, 3.014109000000000e+05, 4.017787584475679e-04, 1.983121892407809e+03, 5.008254474082025e-01, 4.982591190722084e-01
949, 3.847356335200056e-02, 1.401902946597093e-02, 2.598898464989750e+00, 4.251734081623122e-01, -1.593337787188445e-02, 3.014109000000000e+05, 3.798245459372311e-04, 1.981856092535472e+03, 5.011236120482415e-01, 4.967052409506620e-01
950, 3.934863965276850e-02, 1.401902946597789e-02, 2.602369408758491e+00, 4.000407794190414e-01, -1.719710609121390e-02, 3.014109000000000e+05, 3.583691789674884e-04, 1.979415607210873e+03, 5.015764331446738e-01, 4.943689030158277e-01
951, 4.013620832876605e-02, 1.401902946598415e-02, 2.605759415132890e+00, 3.754175987898074e-01, -1.831749834295468e-02, 3.014109000000000e+05, 3.376645998928376e-04, 1.975476156211706e+03, 5.022247596833758e-01, 4.910365460460561e-01
952, 4.084502015865105e-02, 1.401902946598979e-02, 2.608998902827108e+00, 3.515713141059997e-01, -1.927132579162451e-02, 3.014109000000000e+05, 3.178758418165591e-04, 1.969880849497810e+03, 5.031060206128343e-01, 4.865088997132425e-01
953, 4.148295081254778e-02, 1.401902946599486e-02, 2.612039103607956e+00, 3.287320152665603e-01, -2.004881274916864e-02, 3.014109000000000e+05, 2.991533621642700e-04, 1.962624825971632e+03, 5.042499803178461e-01, 4.806239488616888e-01
954, 4.205708839706362e-02, 1.401902946599943e-02, 2.614850219400651e+00, 3.070819590938253e-01, -2.065174703918334e-02, 3.014109000000000e+05, 2.816158283573002e-04, 1.953830812294261e+03, 5.056752921932532e-01, 4.732761831359324e-01
955, 4.257381220993055e-02, 1.401902946600353e-02, 2.617417613263879e+00, 2.867525390488052e-01, -2.109130121852750e-02, 3.014109000000000e+05, 2.653375864877562e-04, 1.943719861051974e+03, 5.073871777266267e-01, 4.644298785198983e-01
956, 4.303886363104040e-02, 1.401902946600723e-02, 2.619738198175957e+00, 2.678268416185396e-01, -2.138506576126041e-02, 3.014109000000000e+05, 2.503466734060560e-04, 1.932579669694984e+03, 5.093760905012601e-01, 4.541270319837080e-01
957, 4.345740992918921e-02, 1.401902946601056e-02, 2.621817544075638e+00, 2.503459326844511e-01, -2.155342713363314e-02, 3.014109000000000e+05, 2.366304469286756e-04, 1.920730882886667e+03, 5.116166250436721e-01, 4.424936511529232e-01
958, 4.383410160738895e-02, 1.401902946601355e-02, 2.623667020731317e+00, 2.343165835434658e-01, -2.161605673238961e-02, 3.014109000000000e+05, 2.241470144657933e-04, 1.908476804502636e+03, 5.140654587260833e-01, 4.297504173524797e-01
959, 4.417312410717970e-02, 1.401902946601625e-02, 2.625303354584927e+00, 2.197186842353750e-01, -2.158856461284299e-02, 3.014109000000000e+05, 2.128493102146174e-04, 1.895937313575381e+03, 5.166574221326674e-01, 4.162325710741563e-01
960, 4.447824434784506e-02, 1.401902946601868e-02, 2.626741342483857e+00, 2.065095261789671e-01, -2.147899711219963e-02, 3.014108999999999e+05, 2.027519632050423e-04, 1.882325876703158e+03, 5.193009674751923e-01, 4.024121300250543e-01
961, 4.475285257491665e-02, 1.401902946602086e-02, 2.628007671570347e+00, 1.946288352608071e-01, -2.130654897729818e-02, 3.014109000000000e+05, 1.941117482113756e-04, 1.863774094463207e+03, 5.218804805608909e-01, 3.888861477801699e-01
962, 4.722432616274507e-03, 1.419127073665460e-02, 2.629899720601657e+00, 9.587489240297231e-01, -3.855301080842368e-02, 3.014109000000000e+05, 1.204865816856642e-03, 2.466123807253969e+03, 4.991145811905784e-01, 4.991145806935540e-01
963, 8.972621978163484e-03, 1.419127073668119e-02, 2.605818246740675e+00, 8.508863962776039e-01, -2.452290388337589e-02, 3.014109000000000e+05, 6.928985130407861e-04, 2.741760424031617e+03, 4.998328551349936e-01, 4.998328524239053e-01
964, 1.279779239302748e-02, 1.419127073670513e-02, 2.594660765775282e+00, 7.515364252989784e-01, -1.479180552355838e-02, 3.014109000000000e+05, 5.016961424116624e-04, 2.793924236129569e+03, 5.002741588191714e-01, 5.002741453805691e-01
965, 1.624044578568880e-02, 1.419127073672668e-02, 2.589549294901582e+00, 6.743689701598740e-01, -9.279305244521805e-03, 3.014109000000000e+05, 4.214901660516698e-04, 2.773628305798880e+03, 5.004595152152751e-01, 5.004594551067262e-01
966, 1.933883383949794e-02, 1.419127073674606e-02, 2.585973042049090e+00, 6.188786075008771e-01, -6.483907237210281e-03, 3.014109000000000e+05, 3.808864438103526e-04, 2.729292087015510e+03, 5.004970832898649e-01, 5.004968400497358e-01
967, 2.212738308230169e-02, 1.419127073676351e-02, 2.583567642093834e+00, 5.788491476887453e-01, -5.220912461007305e-03, 3.014109000000000e+05, 3.555378402474049e-04, 2.683969691203864e+03, 5.004885187969667e-01, 5.004876245765743e-01
968, 2.463707741428284e-02, 1.419127073677922e-02, 2.582058385140401e+00, 5.482520037031922e-01, -4.795393041948938e-03, 3.014109000000000e+05, 3.365095417431413e-04, 2.646635514686480e+03, 5.004713829225366e-01, 5.004683846041648e-01
969, 2.689580231822966e-02, 1.419127073679335e-02, 2.581400370088878e+00, 5.227923862228064e-01, -4.852176667206730e-03, 3.014109000000000e+05, 3.203387449461932e-04, 2.618730229131677e+03, 5.004583161419183e-01, 5.004491135258642e-01
970, 2.892865472514823e-02, 1.419127073680608e-02, 2.581551937731454e+00, 4.998160085409369e-01, -5.221815687881665e-03, 3.014109000000000e+05, 3.054998942786310e-04, 2.598865099561542e+03, 5.004509944523617e-01, 5.004250501258661e-01
971, 3.075822191983446e-02, 1.419127073681752e-02, 2.582470050883898e+00, 4.777906813327124e-01, -5.819465353933825e-03, 3.014109000000000e+05, 2.912184039825243e-04, 2.585104007262128e+03, 5.004496260836686e-01, 5.003822121811107e-01
972, 3.240483236271127e-02, 1.419127073682783e-02, 2.584090427856865e+00, 4.558809197953061e-01, -6.591306054719429e-03, 3.014109000000000e+05, 2.770883899673285e-04, 2.575706993981958e+03, 5.004569842015913e-01, 5.002949757216847e-01
973, 3.388678174237270e-02, 1.419127073683710e-02, 2.586322422353987e+00, 4.336816115945136e-01, -7.491196402866680e-03, 3.014109000000000e+05, 2.629304110994515e-04, 2.569248905146045e+03, 5.004807084420684e-01, 5.001193241002666e-01
974, 3.522053618714460e-02, 1.419127073684545e-02, 2.589052190844972e+00, 4.110646657274833e-01, -8.472522518180210e-03, 3.014109000000000e+05, 2.487195933226082e-04, 2.564567302990290e+03, 5.005349401204843e-01, 4.997838724041263e-01
975, 3.642091519620585e-02, 1.419127073685296e-02, 2.592153217009306e+00, 3.880872017946779e-01, -9.486815409468673e-03, 3.014109000000000e+05, 2.345362593401724e-04, 2.560702281304309e+03, 5.006415520706117e-01, 4.991814565821437e-01
976, 3.750125632312921e-02, 1.419127073685972e-02, 2.595495237998622e+00, 3.649283189062275e-01, -1.048652856945442e-02, 3.014109000000000e+05, 2.205236974188782e-04, 2.556870483254717e+03, 5.008304403735319e-01, 4.981644135895946e-01
977, 3.847356335196665e-02, 1.419127073686581e-02, 2.598954019691186e+00, 3.418384586056296e-01, -1.142894942933954e-02, 3.014109000000000e+05, 2.068516724707669e-04, 2.552463736081944e+03, 5.011385516409698e-01, 4.965468138225766e-01
978, 3.934863965274038e-02, 1.419127073687128e-02, 2.602419025410095e+00, 3.190969436862183e-01, -1.227959915380501e-02, 3.014109000000000e+05, 1.936870102281230e-04, 2.547053051141632e+03, 5.016074261841375e-01, 4.941153189005593e-01
979, 4.013620832874282e-02, 1.419127073687621e-02, 2.605799734952503e+00, 2.969780321043459e-01, -1.301386095324990e-02, 3.014109000000000e+05, 1.811688718065281e-04, 2.540384163237541e+03, 5.022795192828867e-01, 4.906479187894360e-01
980, 4.084502015863095e-02, 1.419127073688065e-02, 2.609027323728429e+00, 2.757261860541683e-01, -1.361774182163281e-02, 3.014109000000000e+05, 1.693873279555721e-04, 2.532364896061683e+03, 5.031938036410982e-01, 4.859371260405653e-01
981, 4.148295081253239e-02, 1.419127073688464e-02, 2.612053974807743e+00, 2.555403559990112e-01, -1.408752754798923e-02, 3.014109000000000e+05, 1.584042627805784e-04, 2.523043478139475e+03, 5.043815409800469e-01, 4.798129539215066e-01
982, 4.205708839705126e-02, 1.419127073688823e-02, 2.614850984075677e+00, 2.365670333269325e-01, -1.442824254043603e-02, 3.014109000000000e+05, 1.482561874908945e-04, 2.512581011225726e+03, 5.058630277032740e-01, 4.721612713042238e-01
983, 4.257381220992085e-02, 1.419127073689147e-02, 2.617404707095444e+00, 2.189006056639106e-01, -1.465208708505204e-02, 3.014109000000000e+05, 1.389535455559120e-04, 2.501225622933989e+03, 5.076456904291688e-01, 4.629349827752035e-01
984, 4.303886363103294e-02, 1.419127073689437e-02, 2.619712784388448e+00, 2.025889557211437e-01, -1.477638583082853e-02, 3.014109000000000e+05, 1.304821863248707e-04, 2.489288827790624e+03, 5.097234144881236e-01, 4.521585829954205e-01
985, 4.345740992918332e-02, 1.419127073689700e-02, 2.621781060016108e+00, 1.876423923719196e-01, -1.482096043943551e-02, 3.014109000000000e+05, 1.228077685550216e-04, 2.477120077901459e+03, 5.120762550162338e-01, 4.399303388996982e-01
986, 4.383410160738492e-02, 1.419127073689935e-02, 2.623620638524419e+00, 1.740435234527671e-01, -1.480527382464630e-02, 3.014109000000000e+05, 1.158837626457712e-04, 2.465049532498811e+03, 5.146688206540684e-01, 4.264307198812963e-01
987, 4.417312410717695e-02, 1.419127073690147e-02, 2.625247781548441e+00, 1.617561685917487e-01, -1.474504632301016e-02, 3.014109000000000e+05, 1.096712540981675e-04, 2.453088156682384e+03, 5.174448863205970e-01, 4.119498226361428e-01
988, 4.447824434784340e-02, 1.419127073690338e-02, 2.626675130034594e+00, 1.507297404911521e-01, -1.464725260080509e-02, 3.014109000000000e+05, 1.042015167510311e-04, 2.439239140917792e+03, 5.203163705722389e-01, 3.969428571832464e-01
989, 4.475285257491590e-02, 1.419127073690510e-02, 2.627932610915483e+00, 1.409043354510868e-01, -1.453153397111177e-02, 3.014109000000000e+05, 9.974325487349901e-05, 2.412812941281603e+03, 5.231522203839141e-01, 3.820876038304000e-01
990, 4.722432615941655e-03, 1.434628787702208e-02, 2.629835097335704e+00, 9.018290964008460e-01, -3.436101512234135e-02, 3.014109000000000e+05, 8.153361827759296e-04, 3.857345710980534e+03, 4.990234916789973e-01, 4.990234911785510e-01
991, 8.972621977887771e-03, 1.434628787704258e-02, 2.605772840515418e+00, 7.536574425247647e-01, -1.978753916376802e-02, 3.014109000000000e+05, 4.147297348844032e-04, 4.023581717353652e+03, 4.999134768310553e-01, 4.999134740865497e-01
992, 1.279779239278815e-02, 1.434628787706103e-02, 2.594565689430114e+00, 6.375706536116674e-01, -1.077050221930747e-02, 3.014109000000000e+05, 2.815667498494258e-04, 3.965848515292598e+03, 5.003628429049555e-01, 5.003628292520268e-01
993, 1.624044578548140e-02, 1.434628787707764e-02, 2.589406583045975e+00, 5.588914787662794e-01, -6.222354648056250e-03, 3.014109000000000e+05, 2.283319068923390e-04, 3.869994263135768e+03, 5.005161173145656e-01, 5.005160561009794e-01
994, 1.933883383931843e-02, 1.434628787709258e-02, 2.585825796091759e+00, 5.080926342493814e-01, -4.185136133207876e-03, 3.014109000000000e+05, 2.017613558451525e-04, 3.784818269278224e+03, 5.005255993319477e-01, 5.005253511769687e-01
995, 2.212738308214657e-02, 1.434628787710603e-02, 2.583452394818817e+00, 4.738268962532156e-01, -3.380982749537578e-03, 3.014109000000000e+05, 1.855312946888197e-04, 3.721943251613419e+03, 5.005008279302006e-01, 5.004999142776270e-01
996, 2.463707741414190e-02, 1.434628787711813e-02, 2.581982547260412e+00, 4.482268075626813e-01, -3.168452241390158e-03, 3.014109000000000e+05, 1.738180252626514e-04, 3.678792252177813e+03, 5.004757105032293e-01, 5.004726429242166e-01
997, 2.689580231811495e-02, 1.434628787712903e-02, 2.581355625459171e+00, 4.267662328192937e-01, -3.266073446338976e-03, 3.014109000000000e+05, 1.642361042572893e-04, 3.649753683346559e+03, 5.004589172369427e-01, 5.004494904260014e-01
998, 2.892865472504449e-02, 1.434628787713883e-02, 2.581527623569944e+00, 4.070578498678965e-01, -3.558644484677446e-03, 3.014109000000000e+05, 1.556801896263212e-04, 3.630150173956936e+03, 5.004496653701326e-01, 5.004230588038052e-01
999, 3.075822191975044e-02, 1.434628787714766e-02, 2.582458298623162e+00, 3.878734696268897e-01, -3.994660834651273e-03, 3.014109000000000e+05, 1.475934594249689e-04, 3.616797953381074e+03, 5.004470276578585e-01, 5.003778218236623e-01
1000, 3.240483236263959e-02, 1.434628787715560e-02, 2.584086277791238e+00, 3.686000164310638e-01, -4.541202422032310e-03, 3.014109000000000e+05, 1.396965898469130e-04, 3.607593935905482e+03, 5.004534366731963e-01, 5.002869705636482e-01
1001, 3.388678174231185e-02, 1.434628787716274e-02, 2.586322590719015e+00, 3.489744183689631e-01, -5.167671341407422e-03, 3.014109000000000e+05, 1.318707202307575e-04, 3.601075754622941e+03, 5.004766435351155e-01, 5.001050275190847e-01
1002, 3.522053618709305e-02, 1.434628787716918e-02, 2.589054046089985e+00, 3.289541566412401e-01, -5.841568995490083e-03, 3.014109000000000e+05, 1.240964433723258e-04, 3.596146310777163e+03, 5.005312094682454e-01, 4.997583882262360e-01
1003, 3.642091519616233e-02, 1.434628787717497e-02, 2.592154255660189e+00, 3.086441584580552e-01, -6.528669951384736e-03, 3.014109000000000e+05, 1.164158705328769e-04, 3.591935342116694e+03, 5.006396996576729e-01, 4.991365849116495e-01
1004, 3.750125632309056e-02, 1.434628787718018e-02, 2.595493017611910e+00, 2.882446155478738e-01, -7.195687053616122e-03, 3.014109000000000e+05, 1.089044128506587e-04, 3.587750612719156e+03, 5.008329428801683e-01, 4.980874277471290e-01
1005, 3.847356335193613e-02, 1.434628787718487e-02, 2.598946294843613e+00, 2.680069409264912e-01, -7.813335913298556e-03, 3.014109000000000e+05, 1.016488811826627e-04, 3.583069571643054e+03, 5.011490057621539e-01, 4.964193686756228e-01
1006, 3.934863965271505e-02, 1.434628787718909e-02, 2.602403941389458e+00, 2.481961291393823e-01, -8.358756466095480e-03, 3.014109000000000e+05, 9.473127072429115e-05, 3.577538851115832e+03, 5.016306528110051e-01, 4.939127550951325e-01
1007, 4.013620832872191e-02, 1.434628787719289e-02, 2.605775944326434e+00, 2.290611020460764e-01, -8.816467425914982e-03, 3.014109000000000e+05, 8.821685395476199e-05, 3.570963617301734e+03, 5.023215732973976e-01, 4.903390915519776e-01
1008, 4.084502015861290e-02, 1.434628787719630e-02, 2.608994090165796e+00, 2.108140151270964e-01, -9.178698185784075e-03, 3.014109000000000e+05, 8.214528903769221e-05, 3.563290824886829e+03, 5.032619186742113e-01, 4.854846215257448e-01
1009, 4.148295081251851e-02, 1.434628787719938e-02, 2.612011221554157e+00, 1.936181679101623e-01, -9.444994144702951e-03, 3.014109000000000e+05, 7.653788811871269e-05, 3.554587325612145e+03, 5.044841066120010e-01, 4.791732224863270e-01
1010, 4.205708839704013e-02, 1.434628787720215e-02, 2.614799287211445e+00, 1.775840263015850e-01, -9.621109638681116e-03, 3.014109000000000e+05, 7.140134356509670e-05, 3.545015853378826e+03, 5.060097606235119e-01, 4.712838443141473e-01
1011, 4.257381220991212e-02, 1.434628787720464e-02, 2.617345299813088e+00, 1.627718167566985e-01, -9.718142908162992e-03, 3.014109000000000e+05, 6.672920892648639e-05, 3.534819571242945e+03, 5.078482273424816e-01, 4.617595609594286e-01
1012, 4.303886363102621e-02, 1.434628787720689e-02, 2.619647458706450e+00, 1.491987840794745e-01, -9.751472652669639e-03, 3.014109000000000e+05, 6.250348939368554e-05, 3.524313637638316e+03, 5.099966409832817e-01, 4.506083617088149e-01
1013, 4.345740992917801e-02, 1.434628787720890e-02, 2.621711907158134e+00, 1.368494848646750e-01, -9.739264723427227e-03, 3.014109000000000e+05, 5.869722559083097e-05, 3.513876599079648e+03, 5.124407624786561e-01, 4.378995337129079e-01
1014, 4.383410160738130e-02, 1.434628787721072e-02, 2.623549635848711e+00, 1.256870019494755e-01, -9.700526649742518e-03, 3.014109000000000e+05, 5.527924782308349e-05, 3.503899481481989e+03, 5.151547803096090e-01, 4.237648241469547e-01
1015, 4.417312410717449e-02, 1.434628787721236e-02, 2.625176551367913e+00, 1.156632769718349e-01, -9.651953099970908e-03, 3.014109000000000e+05, 5.222836742179355e-05, 3.494358784593185e+03, 5.180965329140547e-01, 4.084227752952965e-01
1016, 4.447824434784194e-02, 1.434628787721383e-02, 2.626603119621970e+00, 1.067243319017059e-01, -9.601668826208380e-03, 3.014109000000000e+05, 4.958532217811227e-05, 3.481738703142224e+03, 5.211920504705791e-01, 3.922569598513302e-01
1017, 4.475285257491524e-02, 1.434628787721515e-02, 2.627862890538766e+00, 9.881694811034381e-02, -9.572682625451421e-03, 3.014109000000000e+05, 4.761102177148123e-05, 3.442721955472368e+03, 5.243061773258989e-01, 3.759676260465213e-01
1018, 4.722432615642086e-03, 1.448580330973636e-02, 2.629916833081935e+00, 8.239799613527898e-01, -2.884506127770363e-02, 3.014109000000000e+05, 4.925830482726299e-04, 6.208500334016029e+03, 4.989472891925150e-01, 4.989472886891758e-01
1019, 8.972621977639629e-03, 1.448580330975259e-02, 2.605763752765040e+00, 6.382340325788732e-01, -1.468096094634259e-02, 3.014109000000000e+05, 2.147070148411560e-04, 6.174895152608980e+03, 4.999971635806580e-01, 4.999971608084734e-01
1020, 1.279779239257276e-02, 1.448580330976721e-02, 2.594424068360620e+00, 5.153188006457289e-01, -7.070375141442937e-03, 3.014109000000000e+05, 1.352976567080420e-04, 5.986675871135332e+03, 5.004387647493053e-01, 5.004387509229283e-01
1021, 1.624044578529474e-02, 1.448580330978036e-02, 2.589227705284790e+00, 4.434308535469353e-01, -3.749433546083379e-03, 3.014109000000000e+05, 1.060956534034124e-04, 5.834458253380318e+03, 5.005573869632296e-01, 5.005573248704286e-01
1022, 1.933883383915686e-02, 1.448580330979220e-02, 2.585684404191466e+00, 4.017576697810292e-01, -2.472329750112966e-03, 3.014109000000000e+05, 9.217913936856142e-05, 5.735824323827179e+03, 5.005428460398356e-01, 5.005425940157393e-01
1023, 2.212738308200697e-02, 1.448580330980285e-02, 2.583364608271788e+00, 3.749748219884620e-01, -2.046481330038732e-03, 3.014109000000000e+05, 8.396787377994956e-05, 5.676166762235193e+03, 5.005064587125639e-01, 5.005055298566380e-01
1024, 2.463707741401503e-02, 1.448580330981243e-02, 2.581932635271059e+00, 3.548777459429979e-01, -1.974641214820067e-03, 3.014109000000000e+05, 7.821151306125081e-05, 5.639990933225692e+03, 5.004764789990118e-01, 5.004733574274218e-01
1025, 2.689580231801171e-02, 1.448580330982106e-02, 2.581325230703359e+00, 3.375847974051533e-01, -2.075064532842490e-03, 3.014109000000000e+05, 7.359859895864974e-05, 5.617302930108426e+03, 5.004576736343285e-01, 5.004480724534933e-01
1026, 2.892865472495112e-02, 1.448580330982883e-02, 2.581505362026280e+00, 3.213181850997592e-01, -2.285595338605201e-03, 3.014109000000000e+05, 6.953188753211483e-05, 5.602590219441242e+03, 5.004473631415821e-01, 5.004202423884150e-01
1027, 3.075822191967482e-02, 1.448580330983582e-02, 2.582438662257190e+00, 3.052358100376762e-01, -2.580796698325293e-03, 3.014109000000000e+05, 6.571949506985684e-05, 5.592886592626182e+03, 5.004439230000371e-01, 5.003733279011323e-01
1028, 3.240483236257507e-02, 1.448580330984211e-02, 2.584066682109700e+00, 2.889397574409090e-01, -2.942456156735496e-03, 3.014109000000000e+05, 6.201981147792287e-05, 5.586465812462305e+03, 5.004496610582165e-01, 5.002797440331789e-01
1029, 3.388678174225707e-02, 1.448580330984777e-02, 2.586301475662048e+00, 2.722821305773870e-01, -3.351284513685153e-03, 3.014109000000000e+05, 5.837425172493331e-05, 5.582175185538550e+03, 5.004724894881428e-01, 5.000929648282468e-01
1030, 3.522053618704667e-02, 1.448580330985286e-02, 2.589030094553278e+00, 2.552791877670713e-01, -3.785803220555691e-03, 3.014109000000000e+05, 5.477325122895065e-05, 5.579141821778786e+03, 5.005273271866865e-01, 4.997377202689992e-01
1031, 3.642091519612316e-02, 1.448580330985745e-02, 2.592126203190584e+00, 2.380599607735102e-01, -4.223269405293382e-03, 3.014109000000000e+05, 5.123617122025885e-05, 5.576655929898446e+03, 5.006372832695674e-01, 4.991010370878350e-01
1032, 3.750125632305582e-02, 1.448580330986158e-02, 2.595459733296181e+00, 2.208249237859564e-01, -4.641838709213295e-03, 3.014109000000000e+05, 4.779713430193577e-05, 5.574143068462005e+03, 5.008339007187027e-01, 4.980272969221398e-01
1033, 3.847356335190869e-02, 1.448580330986529e-02, 2.598906910729558e+00, 2.038086561045083e-01, -5.022727343417996e-03, 3.014109000000000e+05, 4.449453655133587e-05, 5.571167668214424e+03, 5.011560926069791e-01, 4.963207205831991e-01
1034, 3.934863965269226e-02, 1.448580330986864e-02, 2.602357950267200e+00, 1.872476583038241e-01, -5.351785047545696e-03, 3.014109000000000e+05, 4.136362529575830e-05, 5.567437760482042e+03, 5.016475386216863e-01, 4.937569381402653e-01
1035, 4.013620832870309e-02, 1.448580330987164e-02, 2.605723208555227e+00, 1.713557079995538e-01, -5.619951073765931e-03, 3.014109000000000e+05, 3.843145257712310e-05, 5.562794769555425e+03, 5.023528405769121e-01, 4.901026524220894e-01
1036, 4.084502015859664e-02, 1.448580330987435e-02, 2.608934816215263e+00, 1.563076286109041e-01, -5.823310925963329e-03, 3.014109000000000e+05, 3.571345109313727e-05, 5.557198425197786e+03, 5.033130151765507e-01, 4.851394966885509e-01
1037, 4.148295081250602e-02, 1.448580330987679e-02, 2.611945940411198e+00, 1.422307316100078e-01, -5.962729605803707e-03, 3.014109000000000e+05, 3.321616600780925e-05, 5.550708566747709e+03, 5.045613350972304e-01, 4.786868113254893e-01
1038, 4.205708839703012e-02, 1.448580330987898e-02, 2.614728864080194e+00, 1.292030998680600e-01, -6.043128965464917e-03, 3.014109000000000e+05, 3.093935081801037e-05, 5.543466893518023e+03, 5.061204422738961e-01, 4.706182595944735e-01
1039, 4.257381220990427e-02, 1.448580330988095e-02, 2.617271017799814e+00, 1.172571269438145e-01, -6.073191134067511e-03, 3.014109000000000e+05, 2.887701314651525e-05, 5.535693771025946e+03, 5.080012449541043e-01, 4.608689679508335e-01
1040, 4.303886363102015e-02, 1.448580330988273e-02, 2.619571100537121e+00, 1.063867450878615e-01, -6.065156725814625e-03, 3.014109000000000e+05, 2.701827828071150e-05, 5.527697864654536e+03, 5.102036878877041e-01, 4.494327087212394e-01
1041, 4.345740992917323e-02, 1.448580330988433e-02, 2.621635712266863e+00, 9.655737577275832e-02, -6.034455296300797e-03, 3.014109000000000e+05, 2.534857953061913e-05, 5.519891716188456e+03, 5.127188403973814e-01, 4.363518545376067e-01
1042, 4.383410160737802e-02, 1.448580330988577e-02, 2.623476020205948e+00, 8.771726657080250e-02, -5.998906401996708e-03, 3.014109000000000e+05, 2.385205105925432e-05, 5.512770997437843e+03, 5.155308241994254e-01, 4.217076030722930e-01
1043, 4.417312410717229e-02, 1.448580330988706e-02, 2.625107753706481e+00, 7.980899592091176e-02, -5.976271841901017e-03, 3.014109000000000e+05, 2.252005435337287e-05, 5.506462247852903e+03, 5.186150063808002e-01, 4.056290708555638e-01
1044, 4.447824434784060e-02, 1.448580330988823e-02, 2.626539220331964e+00, 7.277660254040021e-02, -5.977519310045848e-03, 3.014109000000000e+05, 2.138704915812867e-05, 5.496408604534909e+03, 5.219231152159169e-01, 3.883685359281604e-01
1045, 4.475285257491465e-02, 1.448580330988928e-02, 2.627807197112912e+00, 6.657609823281257e-02, -6.031843667977176e-03, 3.014109000000000e+05, 2.066315028706833e-05, 5.441472717957146e+03, 5.253371698016701e-01, 3.705392474606093e-01
1046, 4.722432615372475e-03, 1.461136720246754e-02, 2.630102704746614e+00, 7.209092188435113e-01, -2.223692815615849e-02, 3.014109000000000e+05, 2.524394566878329e-04, 1.068947696452445e+04, 4.988878406005940e-01, 4.988878400948697e-01
1047, 8.972621977416301e-03, 1.461136720247862e-02, 2.605718137018803e+00, 5.085927619210378e-01, -9.692071689958668e-03, 3.014109000000000e+05, 9.125439330583539e-05, 1.038037321762288e+04, 5.000749263853943e-01, 5.000749235912110e-01
1048, 1.279779239237890e-02, 1.461136720248860e-02, 2.594216313893289e+00, 3.920629548269326e-01, -4.042984315932009e-03, 3.014109000000000e+05, 5.354729072376219e-05, 1.008891390775832e+04, 5.004967330845449e-01, 5.004967191242531e-01
1049, 1.624044578512674e-02, 1.461136720249758e-02, 2.589044092376974e+00, 3.340225391700033e-01, -1.981572872537423e-03, 3.014109000000000e+05, 4.101416441705896e-05, 9.925590393091501e+03, 5.005836547593558e-01, 5.005835919997313e-01
1050, 1.933883383901145e-02, 1.461136720250566e-02, 2.585578814358131e+00, 3.035516105283787e-01, -1.322032315649368e-03, 3.014109000000000e+05, 3.530615943006964e-05, 9.842966533592886e+03, 5.005514857285793e-01, 5.005512307982514e-01
1051, 2.212738308188134e-02, 1.461136720251293e-02, 2.583312891460297e+00, 2.842770784625612e-01, -1.143585350478853e-03, 3.014109000000000e+05, 3.201749951235651e-05, 9.800512674579051e+03, 5.005080345047914e-01, 5.005070942866158e-01
1052, 2.463707741390086e-02, 1.461136720251948e-02, 2.581903665163711e+00, 2.693195585417753e-01, -1.138343856939750e-03, 3.014109000000000e+05, 2.974503003248520e-05, 9.777119646176741e+03, 5.004755476524521e-01, 5.004723858436023e-01
1053, 2.689580231791880e-02, 1.461136720252537e-02, 2.581302020766158e+00, 2.559752317940069e-01, -1.215591152047938e-03, 3.014109000000000e+05, 2.793934814817878e-05, 9.763250173418242e+03, 5.004557751432019e-01, 5.004460442577547e-01
1054, 2.892865472486708e-02, 1.461136720253067e-02, 2.581481546935603e+00, 2.431315443221681e-01, -1.350039640625499e-03, 3.014109000000000e+05, 2.635518893385805e-05, 9.754754089447579e+03, 5.004448729738940e-01, 5.004173703107482e-01
1055, 3.075822191960677e-02, 1.461136720253544e-02, 2.582412259902865e+00, 2.302734734306836e-01, -1.531317332432556e-03, 3.014109000000000e+05, 2.487479800107113e-05, 9.749691025027241e+03, 5.004408885772065e-01, 5.003692630261065e-01
1056, 3.240483236251700e-02, 1.461136720253974e-02, 2.584036860269807e+00, 2.171606484092306e-01, -1.749862266122479e-03, 3.014109000000000e+05, 2.344193336608614e-05, 9.746960718777935e+03, 5.004461305315132e-01, 5.002736574875496e-01
1057, 3.388678174220779e-02, 1.461136720254360e-02, 2.586267541381816e+00, 2.037207548779554e-01, -1.994165983898180e-03, 3.014109000000000e+05, 2.203365760289707e-05, 9.745781716749658e+03, 5.004686681157924e-01, 5.000832946497296e-01
1058, 3.522053618700491e-02, 1.461136720254709e-02, 2.588991374392628e+00, 1.900009962432694e-01, -2.251092173943575e-03, 3.014109000000000e+05, 2.064631297428188e-05, 9.745512893304685e+03, 5.005236980737432e-01, 4.997216983998657e-01
1059, 3.642091519608792e-02, 1.461136720255021e-02, 2.592082136931662e+00, 1.761326540564860e-01, -2.506779758256730e-03, 3.014109000000000e+05, 1.928738583439319e-05, 9.745597801673663e+03, 5.006347331764821e-01, 4.990740722121127e-01
1060, 3.750125632302451e-02, 1.461136720255303e-02, 2.595409989631730e+00, 1.622983942510460e-01, -2.748113548330042e-03, 3.014109000000000e+05, 1.796987691290398e-05, 9.745567470262187e+03, 5.008338379636719e-01, 4.979823102845942e-01
1061, 3.847356335188395e-02, 1.461136720255556e-02, 2.598851455079708e+00, 1.487014905352016e-01, -2.964076681419920e-03, 3.014109000000000e+05, 1.670821634266069e-05, 9.745057874353488e+03, 5.011605374091447e-01, 4.962475819303778e-01
1062, 3.934863965267176e-02, 1.461136720255785e-02, 2.602297057104343e+00, 1.355395568373064e-01, -3.146673588322730e-03, 3.014109000000000e+05, 1.551543725215080e-05, 9.743821790843707e+03, 5.016591662835850e-01, 4.936421414032433e-01
1063, 4.013620832868617e-02, 1.461136720255990e-02, 2.605657403492594e+00, 1.229852475106696e-01, -3.291081310969972e-03, 3.014109000000000e+05, 1.440133157182177e-05, 9.741721521923690e+03, 5.023749725795960e-01, 4.899292856752765e-01
1064, 4.084502015858201e-02, 1.461136720256175e-02, 2.608864787286721e+00, 1.111744811766883e-01, -3.395576662820381e-03, 3.014109000000000e+05, 1.337126430842166e-05, 9.738717740538310e+03, 5.033495803132105e-01, 4.848874019544526e-01
1065, 4.148295081249479e-02, 1.461136720256341e-02, 2.611872449582873e+00, 1.002010745331176e-01, -3.461231173996151e-03, 3.014109000000000e+05, 1.242713624058784e-05, 9.734855389441989e+03, 5.046168642274048e-01, 4.783326272962593e-01
1066, 4.205708839702112e-02, 1.461136720256491e-02, 2.614652715211112e+00, 9.011664157456943e-02, -3.491451840102758e-03, 3.014109000000000e+05, 1.156824703432738e-05, 9.730249520813031e+03, 5.062002039431456e-01, 4.701347975723896e-01
1067, 4.257381220989721e-02, 1.461136720256626e-02, 2.617193171287364e+00, 8.093406331470847e-02, -3.492000370631318e-03, 3.014109000000000e+05, 1.079174902410888e-05, 9.725091325910887e+03, 5.081116913247242e-01, 4.602230360020584e-01
1068, 4.303886363101470e-02, 1.461136720256747e-02, 2.619492925678847e+00, 7.263319431936985e-02, -3.471326591870583e-03, 3.014109000000000e+05, 1.009298590588956e-05, 9.719673388499690e+03, 5.103535031880172e-01, 4.485798683645995e-01
1069, 4.345740992916892e-02, 1.461136720256856e-02, 2.621559249768473e+00, 6.516854941862084e-02, -3.441080471909441e-03, 3.014109000000000e+05, 9.465933957960408e-06, 9.714432814832166e+03, 5.129211625500941e-01, 4.352251518361917e-01
1070, 4.383410160737507e-02, 1.461136720256954e-02, 2.623404000307330e+00, 5.847881946255837e-02, -3.416534637152719e-03, 3.014109000000000e+05, 8.904189933244176e-06, 9.709984738073324e+03, 5.158078586522717e-01, 4.201940003751297e-01
1071, 4.417312410717029e-02, 1.461136720257043e-02, 2.625043225151578e+00, 5.249837320176320e-02, -3.415403840714423e-03, 3.014109000000000e+05, 8.405032768923600e-06, 9.706794492270215e+03, 5.190074710886805e-01, 4.035210721176764e-01
1072, 4.447824434783941e-02, 1.461136720257122e-02, 2.626483371951334e+00, 4.716687957029820e-02, -3.451860161931236e-03, 3.014109000000000e+05, 7.988676713151077e-06, 9.700656382072559e+03, 5.225071566310036e-01, 3.852773491140494e-01
1073, 4.475285257491410e-02, 1.461136720257194e-02, 2.627762647214285e+00, 4.244617164276309e-02, -3.563249797238033e-03, 3.014109000000000e+05, 7.785772525902202e-06, 9.633404783226748e+03, 5.262374675966619e-01, 3.658277410380150e-01
1074, 4.722432615129826e-03, 1.472437470239649e-02, 2.630527723345919e+00, 5.880491371214228e-01, -1.496593175005102e-02, 3.014109000000000e+05, 9.980444884321362e-05, 2.093076872561604e+04, 4.988451188459947e-01, 4.988451183383809e-01
1075, 8.972621977215309e-03, 1.472437470240397e-02, 2.605563589455789e+00, 3.711302059585886e-01, -5.357859263862792e-03, 3.014109000000000e+05, 2.923916989887538e-05, 2.034835395510743e+04, 5.001367850641483e-01, 5.001367822534928e-01
1076, 1.279779239220444e-02, 1.472437470241069e-02, 2.593958989256246e+00, 2.749878198702095e-01, -1.898685921509579e-03, 3.014109000000000e+05, 1.626656351363691e-05, 2.003308383027632e+04, 5.005341129345562e-01, 5.005340988773135e-01
1077, 1.624044578497554e-02, 1.472437470241675e-02, 2.588899855480445e+00, 2.346098751681092e-01, -8.840382384396765e-04, 3.014109000000000e+05, 1.231117837066351e-05, 1.990412368847896e+04, 5.005973068497825e-01, 5.005972436155679e-01
1078, 1.933883383888058e-02, 1.472437470242220e-02, 2.585523816003561e+00, 2.148995487630856e-01, -6.223132528009118e-04, 3.014109000000000e+05, 1.055766363257010e-05, 1.985230924290342e+04, 5.005545446075339e-01, 5.005542876250444e-01
1079, 2.212738308176827e-02, 1.472437470242711e-02, 2.583290455627342e+00, 2.020688066285963e-01, -5.673936288795322e-04, 3.014109000000000e+05, 9.558227556850378e-06, 1.982932097978131e+04, 5.005076117396652e-01, 5.005066635284244e-01
1080, 2.463707741379810e-02, 1.472437470243152e-02, 2.581886140860173e+00, 1.915700610429694e-01, -5.792157365889905e-04, 3.014109000000000e+05, 8.871356979972574e-06, 1.981770998925736e+04, 5.004740536404960e-01, 5.004708635859486e-01
1081, 2.689580231783518e-02, 1.472437470243549e-02, 2.581281798430288e+00, 1.818795257953734e-01, -6.254251290480545e-04, 3.014109000000000e+05, 8.327183276557884e-06, 1.981138362374842e+04, 5.004538383383964e-01, 5.004440165416860e-01
1082, 2.892865472479145e-02, 1.472437470243907e-02, 2.581457569171116e+00, 1.723905496333359e-01, -6.987093689614969e-04, 3.014109000000000e+05, 7.850561278876510e-06, 1.980816112406764e+04, 5.004425726546141e-01, 5.004148026597657e-01
1083, 3.075822191954553e-02, 1.472437470244229e-02, 2.582384430601959e+00, 1.628058637314192e-01, -7.953007886938694e-04, 3.014109000000000e+05, 7.405650472289474e-06, 1.980708876706138e+04, 5.004381967886535e-01, 5.003658508674066e-01
1084, 3.240483236246475e-02, 1.472437470244518e-02, 2.584004864959010e+00, 1.529854056333431e-01, -9.104413364825887e-04, 3.014109000000000e+05, 6.975428055709468e-06, 1.980756843387973e+04, 5.004430638912619e-01, 5.002688064173487e-01
1085, 3.388678174216341e-02, 1.472437470244779e-02, 2.586230928515786e+00, 1.429006943400241e-01, -1.037977916490824e-03, 3.014109000000000e+05, 6.552991289169616e-06, 1.980910184727225e+04, 5.004653675610035e-01, 5.000759169655845e-01
1086, 3.522053618696734e-02, 1.472437470245013e-02, 2.588949772610444e+00, 1.326079603333410e-01, -1.170872723914146e-03, 3.014109000000000e+05, 6.137254801062013e-06, 1.981122979433049e+04, 5.005205031260210e-01, 4.997098788821658e-01
1087, 3.642091519605619e-02, 1.472437470245224e-02, 2.592035381762430e+00, 1.222230458747881e-01, -1.301755693585635e-03, 3.014109000000000e+05, 5.730469335085819e-06, 1.981352273772367e+04, 5.006322648331389e-01, 4.990546436836991e-01
1088, 3.750125632299637e-02, 1.472437470245415e-02, 2.595358180434391e+00, 1.118963563750457e-01, -1.423756494505639e-03, 3.014109000000000e+05, 5.336514886094191e-06, 1.981560323356688e+04, 5.008330767163082e-01, 4.979504037413055e-01
1089, 3.847356335186172e-02, 1.472437470245586e-02, 2.598794960914942e+00, 1.017890374906588e-01, -1.531231585996056e-03, 3.014109000000000e+05, 4.959672345097736e-06, 1.981717116923799e+04, 5.011628817248556e-01, 4.961962525873115e-01
1090, 3.934863965265331e-02, 1.472437470245740e-02, 2.602236486078835e+00, 9.205302419994855e-02, -1.620240266174310e-03, 3.014109000000000e+05, 4.603781429036523e-06, 1.981802034945887e+04, 5.016664578592455e-01, 4.935621649173110e-01
1091, 4.013620832867092e-02, 1.472437470245878e-02, 2.605593531371587e+00, 8.281705981897418e-02, -1.688552823248365e-03, 3.014109000000000e+05, 4.271701179967198e-06, 1.981803374523474e+04, 5.023894855584023e-01, 4.898091574705715e-01
1092, 4.084502015856883e-02, 1.472437470246003e-02, 2.608798457807284e+00, 7.417895370133988e-02, -1.735559184643410e-03, 3.014109000000000e+05, 3.964971461752383e-06, 1.981717595189928e+04, 5.033739910553001e-01, 4.847134608438687e-01
1093, 4.148295081248467e-02, 1.472437470246115e-02, 2.611804450422153e+00, 6.620283192801753e-02, -1.762053623221644e-03, 3.014109000000000e+05, 3.684090780088845e-06, 1.981548176558396e+04, 5.046542471837299e-01, 4.780890827106487e-01
1094, 4.205708839701301e-02, 1.472437470246216e-02, 2.614583663806597e+00, 5.892016845121432e-02, -1.769938926123298e-03, 3.014109000000000e+05, 3.428780969989411e-06, 1.981304294393750e+04, 5.062541308247428e-01, 4.698032660736636e-01
1095, 4.257381220989084e-02, 1.472437470246307e-02, 2.617123524106626e+00, 5.233281439667203e-02, -1.762305282626189e-03, 3.014109000000000e+05, 3.198127910033998e-06, 1.981001751193463e+04, 5.081865597547691e-01, 4.597809364159047e-01
1096, 4.303886363100980e-02, 1.472437470246389e-02, 2.619423248196451e+00, 4.641659859508064e-02, -1.743862345776497e-03, 3.014109000000000e+05, 2.990681632851738e-06, 1.980666296913676e+04, 5.104553254962257e-01, 4.479964916530089e-01
1097, 4.345740992916505e-02, 1.472437470246462e-02, 2.621490805170577e+00, 4.112538360376466e-02, -1.721804548806604e-03, 3.014109000000000e+05, 2.804583996312503e-06, 1.980340204599168e+04, 5.130593109051396e-01, 4.344528493176867e-01
1098, 4.383410160737244e-02, 1.472437470246529e-02, 2.623339407532024e+00, 3.639623594344649e-02, -1.707113297371897e-03, 3.014109000000000e+05, 2.637879586984613e-06, 1.980091885978309e+04, 5.159990083753412e-01, 4.191481080441075e-01
1099, 4.417312410716848e-02, 1.472437470246589e-02, 2.624986560803694e+00, 3.215771156421260e-02, -1.714906885868649e-03, 3.014109000000000e+05, 2.489927828723168e-06, 1.980003066329555e+04, 5.192850923799034e-01, 4.020313960595265e-01
1100, 4.447824434783832e-02, 1.472437470246642e-02, 2.626437676578801e+00, 2.833988687599609e-02, -1.760610931082637e-03, 3.014109000000000e+05, 2.368750963566527e-06, 1.979832468421090e+04, 5.229448205034035e-01, 3.829685969459209e-01
1101, 4.475285257491361e-02, 1.472437470246690e-02, 2.627732152698830e+00, 2.489930704950108e-02, -1.888894880569487e-03, 3.014109000000000e+05, 2.331781424671792e-06, 1.973266768407268e+04, 5.269941598241550e-01, 3.618866496487449e-01
1102, 4.722432614911440e-03, 1.482608144928359e-02, 2.630157799566651e+00, 4.215651702456512e-01, -7.919318020462958e-03, 3.014109000000000e+05, 2.498099314469836e-05, 5.165020665260409e+04, 4.988131717051911e-01, 4.988131711961867e-01
1103, 8.972621977034415e-03, 1.482608144928808e-02, 2.605104591968074e+00, 2.345740335323515e-01, -2.178070454549474e-03, 3.014109000000000e+05, 5.955010898667321e-06, 5.097693655718046e+04, 5.001740606906526e-01, 5.001740578687910e-01
1104, 1.279779239204741e-02, 1.482608144929213e-02, 2.593688227776606e+00, 1.697019800757905e-01, -6.535255370001829e-04, 3.014109000000000e+05, 3.223012413356637e-06, 5.073445487918002e+04, 5.005520086059105e-01, 5.005519944850501e-01
1105, 1.624044578483947e-02, 1.482608144929577e-02, 2.588811244721845e+00, 1.465816948749294e-01, -3.082641888305595e-04, 3.014109000000000e+05, 2.429269206842881e-06, 5.065901698063782e+04, 5.006021396065512e-01, 5.006020760654297e-01
1106, 1.933883383876280e-02, 1.482608144929905e-02, 2.585494477131010e+00, 1.355161320230847e-01, -2.371295077900999e-04, 3.014109000000000e+05, 2.080887134714454e-06, 5.063486128687422e+04, 5.005546776139363e-01, 5.005544193119141e-01
1107, 2.212738308166650e-02, 1.482608144930200e-02, 2.583265498453150e+00, 1.278043915019580e-01, -2.256246084556039e-04, 3.014109000000000e+05, 1.883001162890491e-06, 5.062559844571260e+04, 5.005064772830399e-01, 5.005055239457022e-01
1108, 2.463707741370562e-02, 1.482608144930465e-02, 2.581854997849471e+00, 1.211631516574450e-01, -2.338484682125666e-04, 3.014109000000000e+05, 1.747222042593886e-06, 5.062150168853822e+04, 5.004725416341705e-01, 5.004693334945144e-01
1109, 2.689580231775992e-02, 1.482608144930704e-02, 2.581244448101824e+00, 1.148866249346656e-01, -2.542266962860715e-04, 3.014109000000000e+05, 1.639746634792774e-06, 5.061982584589448e+04, 5.004521041369862e-01, 5.004422242073719e-01
1110, 2.892865472472338e-02, 1.482608144930920e-02, 2.581414197187808e+00, 1.086712237596091e-01, -2.852351010925308e-04, 3.014109000000000e+05, 1.545660202568427e-06, 5.061975779156816e+04, 5.004405875883398e-01, 5.004126468560607e-01
1111, 3.075822191949040e-02, 1.482608144931113e-02, 2.582334383236882e+00, 1.023530138907186e-01, -3.255711640832972e-04, 3.014109000000000e+05, 1.457861858136541e-06, 5.062092268198756e+04, 5.004359178604163e-01, 5.003631124256155e-01
1112, 3.240483236241771e-02, 1.482608144931287e-02, 2.583947260662450e+00, 9.585595507159587e-02, -3.732494098360474e-04, 3.014109000000000e+05, 1.372983996116179e-06, 5.062302215715832e+04, 5.004404925826988e-01, 5.002650983521126e-01
1113, 3.388678174212349e-02, 1.482608144931444e-02, 2.586165106110209e+00, 8.917428692098311e-02, -4.256595261635678e-04, 3.014109000000000e+05, 1.289663100070843e-06, 5.062575477518430e+04, 5.004625906573440e-01, 5.000705465349840e-01
1114, 3.522053618693351e-02, 1.482608144931585e-02, 2.588875491906327e+00, 8.235683847286336e-02, -4.798449895333209e-04, 3.014109000000000e+05, 1.207685332589023e-06, 5.062881410546618e+04, 5.005177373157209e-01, 4.997016356579866e-01
1115, 3.642091519602764e-02, 1.482608144931712e-02, 2.591952880952746e+00, 7.549017713163911e-02, -5.327285303792996e-04, 3.014109000000000e+05, 1.127494766384423e-06, 5.063189665015185e+04, 5.006299075661349e-01, 4.990415340856880e-01
1116, 3.750125632297102e-02, 1.482608144931826e-02, 2.595268153186222e+00, 6.868147821322707e-02, -5.814796107730180e-04, 3.014109000000000e+05, 1.049855606279463e-06, 5.063472862974099e+04, 5.008317534512899e-01, 4.979293727852348e-01
1117, 3.847356335184170e-02, 1.482608144931929e-02, 2.598698477329872e+00, 6.204224944562971e-02, -6.238189386461615e-04, 3.014109000000000e+05, 9.756097312806418e-07, 5.063708958908555e+04, 5.011634802593739e-01, 4.961629570531516e-01
1118, 3.934863965263669e-02, 1.482608144932022e-02, 2.602134883823313e+00, 5.567493778308410e-02, -6.582171412762143e-04, 3.014109000000000e+05, 9.055108670223646e-07, 5.063882879381166e+04, 5.016701412019442e-01, 4.935108562113633e-01
1119, 4.013620832865721e-02, 1.482608144932105e-02, 2.605488296541937e+00, 4.966397909830007e-02, -6.838639594435025e-04, 3.014109000000000e+05, 8.401189323351567e-07, 5.063986144325734e+04, 5.023976819877805e-01, 4.897326924164750e-01
1120, 4.084502015855699e-02, 1.482608144932180e-02, 2.608691108063539e+00, 4.407137593602050e-02, -7.006163184612073e-04, 3.014109000000000e+05, 7.797342943609351e-07, 5.064016404254883e+04, 5.033883725317115e-01, 4.846033874986951e-01
1121, 4.148295081247557e-02, 1.482608144932247e-02, 2.611696404711495e+00, 3.893571528638872e-02, -7.088892015684021e-04, 3.014109000000000e+05, 7.244517542532902e-07, 5.063976534976473e+04, 5.046767253230783e-01, 4.779356584290759e-01
1122, 4.205708839700571e-02, 1.482608144932308e-02, 2.614476064917788e+00, 3.427373943922087e-02, -7.094899194338607e-04, 3.014109000000000e+05, 6.742130520695960e-07, 5.063873308483036e+04, 5.062869197069486e-01, 4.695951540570777e-01
1123, 4.257381220988511e-02, 1.482608144932362e-02, 2.617017015658524e+00, 3.008296272589317e-02, -7.036437652923537e-04, 3.014109000000000e+05, 6.288348435354139e-07, 5.063718074041614e+04, 5.082323880525734e-01, 4.595041568759412e-01
1124, 4.303886363100538e-02, 1.482608144932412e-02, 2.619317847587950e+00, 2.634384227406966e-02, -6.932153747829556e-04, 3.014109000000000e+05, 5.880283290415678e-07, 5.063529667265096e+04, 5.105179552626224e-01, 4.476318281881055e-01
1125, 4.345740992916155e-02, 1.482608144932456e-02, 2.621386273530493e+00, 2.302082265538442e-02, -6.812906534606129e-04, 3.014109000000000e+05, 5.514242106405168e-07, 5.063341459956828e+04, 5.131447240908311e-01, 4.339698730543581e-01
1126, 4.383410160737006e-02, 1.482608144932496e-02, 2.623236713541802e+00, 2.006213374698976e-02, -6.733933537977128e-04, 3.014109000000000e+05, 5.186361720601727e-07, 5.063215287679742e+04, 5.161182599490138e-01, 4.184907298280415e-01
1127, 4.417312410716687e-02, 1.482608144932532e-02, 2.624890408641546e+00, 1.740027047573612e-02, -6.784830148235034e-04, 3.014109000000000e+05, 4.895647691178337e-07, 5.063238850217815e+04, 5.194620799418564e-01, 4.010783820327266e-01
1128, 4.447824434783735e-02, 1.482608144932564e-02, 2.626356026914687e+00, 1.495374147329088e-02, -7.077725165282907e-04, 3.014109000000000e+05, 4.660771281059064e-07, 5.063342559771885e+04, 5.232406881514342e-01, 3.814087475393487e-01
1129, 4.475285257491319e-02, 1.482608144932594e-02, 2.627664236886524e+00, 1.265039185384963e-02, -8.089670772121947e-04, 3.014109000000000e+05, 4.631232272399188e-07, 5.058862284046457e+04, 5.275863308081111e-01, 3.588119998728211e-01
1130, 4.722432614714891e-03, 1.491761752497305e-02, 2.631520800397198e+00, 2.219855361437353e-01, -1.697329231437163e-03, 3.014109000000000e+05, 2.474134869482222e-06, 1.952217309495007e+05, 4.987943048710125e-01, 4.987943043611263e-01
1131, 8.972621976871608e-03, 1.491761752497508e-02, 2.604601758139111e+00, 1.086793599877023e-01, -3.652774296707391e-04, 3.014109000000000e+05, 5.140535342986774e-07, 1.947681853562144e+05, 5.001853889056004e-01, 5.001853860774037e-01
1132, 1.279779239190609e-02, 1.491761752497691e-02, 2.593553974253622e+00, 7.862997268303570e-02, -1.075696026953946e-04, 3.014109000000000e+05, 2.765027758971286e-07, 1.946506833472906e+05, 5.005559399153282e-01, 5.005559257597578e-01
1133, 1.624044578471700e-02, 1.491761752497855e-02, 2.588820903445208e+00, 6.907170330453655e-02, -5.320433473347062e-05, 3.014109000000000e+05, 2.082671509438497e-07, 1.946205232355965e+05, 5.006024873365588e-01, 5.006024236297759e-01
1134, 1.933883383865680e-02, 1.491761752498003e-02, 2.585506423788832e+00, 6.427829283727539e-02, -4.332724852131835e-05, 3.014109000000000e+05, 1.783687209791738e-07, 1.946127034286861e+05, 5.005539264938593e-01, 5.005536674822105e-01
1135, 2.212738308157491e-02, 1.491761752498137e-02, 2.583266533381665e+00, 6.069117210929183e-02, -4.143887724868075e-05, 3.014109000000000e+05, 1.613956320550570e-07, 1.946100988398149e+05, 5.005054788511919e-01, 5.005045227621671e-01
1136, 2.463707741362239e-02, 1.491761752498257e-02, 2.581850740596200e+00, 5.750476766064797e-02, -4.308019622224937e-05, 3.014109000000000e+05, 1.497527109390810e-07, 1.946092866567856e+05, 5.004714380100959e-01, 5.004682201753037e-01
1137, 2.689580231769219e-02, 1.491761752498364e-02, 2.581238047187759e+00, 5.445377700919982e-02, -4.690827569726388e-05, 3.014109000000000e+05, 1.405382594460811e-07, 1.946093577475368e+05, 5.004508865438843e-01, 5.004409754868289e-01
1138, 2.892865472466212e-02, 1.491761752498461e-02, 2.581406422803744e+00, 5.141009347795963e-02, -5.271281068795990e-05, 3.014109000000000e+05, 1.324724478408489e-07, 1.946100910607851e+05, 5.004392142594785e-01, 5.004111822103527e-01
1139, 3.075822191944078e-02, 1.491761752498549e-02, 2.582325267155389e+00, 4.830076473773986e-02, -6.023163650485962e-05, 3.014109000000000e+05, 1.249461122549822e-07, 1.946113630921544e+05, 5.004343562371811e-01, 5.003613053311575e-01
1140, 3.240483236237538e-02, 1.491761752498628e-02, 2.583936680657840e+00, 4.509391907380483e-02, -6.908908723337298e-05, 3.014109000000000e+05, 1.176704065484430e-07, 1.946130511167244e+05, 5.004387385415779e-01, 5.002627378450069e-01
1141, 3.388678174208756e-02, 1.491761752498698e-02, 2.586152972670909e+00, 4.179202233732448e-02, -7.879317496513976e-05, 3.014109000000000e+05, 1.105283904745459e-07, 1.946150140257690e+05, 5.004606880659904e-01, 5.000672622592619e-01
1142, 3.522053618690309e-02, 1.491761752498762e-02, 2.588861804575056e+00, 3.842406962103095e-02, -8.879591572030159e-05, 3.014109000000000e+05, 1.035017118567765e-07, 1.946171011742406e+05, 5.005158013091764e-01, 4.996967861922437e-01
1143, 3.642091519600196e-02, 1.491761752498819e-02, 2.591937733540876e+00, 3.503697120531837e-02, -9.852203199000333e-05, 3.014109000000000e+05, 9.662842381548738e-08, 1.946191581710472e+05, 5.006281508756122e-01, 4.990340680261307e-01
1144, 3.750125632294821e-02, 1.491761752498871e-02, 2.595251721979567e+00, 3.168686718257770e-02, -1.074481549560213e-04, 3.014109000000000e+05, 8.997401543584717e-08, 1.946210447467641e+05, 5.008305103861564e-01, 4.979176845238381e-01
1145, 3.847356335182366e-02, 1.491761752498917e-02, 2.598681007489934e+00, 2.843085401168565e-02, -1.151545261625433e-04, 3.014109000000000e+05, 8.361062609431765e-08, 1.946226477670294e+05, 5.011632235691351e-01, 4.961447714437119e-01
1146, 3.934863965262173e-02, 1.491761752498959e-02, 2.602116671774314e+00, 2.532025509630121e-02, -1.213683714565989e-04, 3.014109000000000e+05, 7.760283059837239e-08, 1.946238916655005e+05, 5.016714873092987e-01, 4.934831722577206e-01
1147, 4.013620832864486e-02, 1.491761752498997e-02, 2.605469664792339e+00, 2.239632910347797e-02, -1.259467993254445e-04, 3.014109000000000e+05, 7.199858899891692e-08, 1.946247350573215e+05, 5.024013840429461e-01, 4.896917944003619e-01
1148, 4.084502015854630e-02, 1.491761752499031e-02, 2.608672391856063e+00, 1.968840843951014e-02, -1.288711644631867e-04, 3.014109000000000e+05, 6.682362566995023e-08, 1.946251690146015e+05, 5.033953076222751e-01, 4.845448944219934e-01
1149, 4.148295081246738e-02, 1.491761752499061e-02, 2.611677950058563e+00, 1.721374503361189e-02, -1.302284684999629e-04, 3.014109000000000e+05, 6.208604010980765e-08, 1.946252122658553e+05, 5.046878914174207e-01, 4.778545352980771e-01
1150, 4.205708839699913e-02, 1.491761752499089e-02, 2.614458196581276e+00, 1.497870592934055e-02, -1.301691803428429e-04, 3.014109000000000e+05, 5.778080905987896e-08, 1.946249014405521e+05, 5.063034681031240e-01, 4.694855499439398e-01
1151, 4.257381220987997e-02, 1.491761752499113e-02, 2.616999897587366e+00, 1.298051365428200e-02, -1.289130291533478e-04, 3.014109000000000e+05, 5.389218668040042e-08, 1.946242929847196e+05, 5.082557348511597e-01, 4.593588432648124e-01
1152, 4.303886363100141e-02, 1.491761752499135e-02, 2.619301073679887e+00, 1.120865200509000e-02, -1.267811847359983e-04, 3.014109000000000e+05, 5.039538721690880e-08, 1.946234750123075e+05, 5.105500565099482e-01, 4.474408020988400e-01
1153, 4.345740992915841e-02, 1.491761752499155e-02, 2.621368114081355e+00, 9.645343584424667e-03, -1.243112086752110e-04, 3.014109000000000e+05, 4.725873072196686e-08, 1.946226082689977e+05, 5.131887178126433e-01, 4.337170895972832e-01
1154, 4.383410160736791e-02, 1.491761752499173e-02, 2.623213482044901e+00, 8.264006937326315e-03, -1.226226188549644e-04, 3.014109000000000e+05, 4.444917987431480e-08, 1.946220422751900e+05, 5.161800776956804e-01, 4.181459167057118e-01
1155, 4.417312410716542e-02, 1.491761752499189e-02, 2.624859461938627e+00, 7.025250139340051e-03, -1.229123626308823e-04, 3.014109000000000e+05, 4.195929568060487e-08, 1.946222558683240e+05, 5.195552740415528e-01, 4.005726901657481e-01
1156, 4.447824434783649e-02, 1.491761752499204e-02, 2.626332901152888e+00, 5.867408811462787e-03, -1.227939636111361e-04, 3.014109000000000e+05, 3.995996474235532e-08, 1.946228645071636e+05, 5.234051452887601e-01, 3.805399451375709e-01
1157, 4.475285257491279e-02, 1.491761752499217e-02, 2.627704998881620e+00, 4.701112095943850e-03, -1.512218594134118e-04, 3.014109000000000e+05, 3.994927760241537e-08, 1.946092307506432e+05, 5.279836400679541e-01, 3.567542889574000e-01
1158, 4.511186909569986e-02, 1.524714742502375e-02, 2.632431310685847e+00, -5.069909797513897e-04, 3.526669476313574e-04, 3.014109000000000e+05, 7.056760064417425e-08, 1.030398159288121e+05, 5.434590258305253e-01, 2.774096498416013e-01
1159, 4.525326631994317e-02, 1.524714742502435e-02, 2.632494735600648e+00, -2.614633218889406e-03, 3.399530298444010e-03, 3.014109000000000e+05, 9.460054001056756e-07, 2.395445571985944e+04, 5.441131724958570e-01, 2.738969163028358e-01
1160, 4.543117918309771e-02, 1.524714742502511e-02, 2.632159998831846e+00, -5.882374142202040e-03, 9.251882356641769e-03, 3.014109000000000e+05, 5.704527206508903e-06, 7.972121026909466e+03, 5.451280881061954e-01, 2.683864243005922e-01
1161, 4.565376817936306e-02, 1.524714742502607e-02, 2.631798083423736e+00, -1.023687264179542e-02, 1.703394910131894e-02, 3.014109000000000e+05, 2.193230853284988e-05, 3.198259011642038e+03, 5.464910384949853e-01, 2.609525157693798e-01
1162, 4.593027877977813e-02, 1.524714742502725e-02, 2.631224535933739e+00, -1.478354300050932e-02, 2.479575161288304e-02, 3.014109000000000e+05, 6.279322656831441e-05, 1.467920424847209e+03, 5.482444328130979e-01, 2.514750335061953e-01
1163, 4.627075502212507e-02, 1.524714742502871e-02, 2.630554582211468e+00, -1.716219652936979e-02, 2.745438528370165e-02, 3.014109000000000e+05, 1.480588010253013e-04, 8.070740933960586e+02, 5.505306405978969e-01, 2.395982011141538e-01
1164, 4.668546732231473e-02, 1.524714742503049e-02, 2.630470376362364e+00, -1.240530116018420e-02, 1.421259277511114e-02, 3.014109000000000e+05, 3.225346084640421e-04, 5.843779521900567e+02, 5.536413694319544e-01, 2.247404998117168e-01
1165, 4.718397379352933e-02, 1.524714742503263e-02, 2.632879608348673e+00, 8.046559730735805e-03, -3.280536241471811e-02, 3.014109000000000e+05, 7.658781734238108e-04, 6.060457341637223e+02, 5.580317772176534e-01, 2.061374244603775e-01
1166, 4.777377890011732e-02, 1.524714742503516e-02, 2.639137217121429e+00, 5.525274412722974e-02, -1.330479962350707e-01, 3.014109000000000e+05, 1.542278434105193e-03, 7.678390403550206e+02, 5.639929441159731e-01, 1.834962800186923e-01
1167, 4.845865296751629e-02, 1.524714742503810e-02, 2.644802813639195e+00, 1.371431371608851e-01, -2.920090977980728e-01, 3.014109000000000e+05, 2.546954048572231e-03, 8.399632073525647e+02, 5.711517259630613e-01, 1.572771533438957e-01
1168, 4.923683328541789e-02, 1.524714742504144e-02, 2.638018062958734e+00, 2.506035293632070e-01, -4.911367115923990e-01, 3.014108999999998e+05, 3.417213715783873e-03, 7.915130634711413e+02, 5.782327373062501e-01, 1.292064011404937e-01
1169, 5.009950913791694e-02, 1.524714742504514e-02, 2.605633652498195e+00, 3.790411592058629e-01, -6.957266880037960e-01, 3.014108999999999e+05, 3.991282146001007e-03, 6.540030010516396e+02, 5.838281772167224e-01, 1.019407124838140e-01
1170, 5.103011681556947e-02, 1.524714742504913e-02, 2.541584585107778e+00, 4.998460282645384e-01, -8.751370997116769e-01, 3.014109000000000e+05, 4.444881597075037e-03, 4.890550657904004e+02, 5.874970778887201e-01, 7.786923571268688e-02
1171, 5.200492176990332e-02, 1.524714742505331e-02, 2.448401604041814e+00, 5.963716568500333e-01, -1.017839605617360e+00, 3.014109000000000e+05, 5.159137719782670e-03, 3.447374022836436e+02, 5.898524424230580e-01, 5.819148037790004e-02
1172, 5.299507823016077e-02, 1.524714742505755e-02, 2.331112123675391e+00, 6.643591568471151e-01, -1.130816853599903e+00, 3.014109000000000e+05, 6.523514758883073e-03, 2.423501887702536e+02, 5.917029826180744e-01, 4.297103777675979e-02
1173, 5.396988318448732e-02, 1.524714742506174e-02, 2.192324684811767e+00, 7.089904777091297e-01, -1.228783999107986e+00, 3.014108999999999e+05, 8.314795675133109e-03, 1.819175342497226e+02, 5.934075881040257e-01, 3.164840645232548e-02
1174, 5.490049086213150e-02, 1.524714742506574e-02, 2.033482617006836e+00, 7.378716594679612e-01, -1.324834753533154e+00, 3.014109000000000e+05, 9.274302718294230e-03, 1.514892338286598e+02, 5.949385796669575e-01, 2.340657162265427e-02
1175, 5.576316671462186e-02, 1.524714742506943e-02, 1.855932272233958e+00, 7.562050918106981e-01, -1.426951438708487e+00, 3.014108999999998e+05, 9.681304081766616e-03, 1.441432793456348e+02, 5.961747633533492e-01, 1.744483196356527e-02
1176, 5.654134703251515e-02, 1.524714742507277e-02, 1.660797903637435e+00, 7.660335301204338e-01, -1.538509448532683e+00, 3.014109000000000e+05, 9.957662781826887e-03, 1.557190512024466e+02, 5.970541301582848e-01, 1.314823907597077e-02
1177, 5.722622109990647e-02, 1.524714742507571e-02, 1.449023400721759e+00, 7.673220062715965e-01, -1.660044421336049e+00, 3.014109000000000e+05, 1.022532079416410e-02, 1.863824080967001e+02, 5.975802456406301e-01, 1.007905934721435e-02
1178, 5.781602620648798e-02, 1.524714742507824e-02, 1.221319904013434e+00, 7.589640514957994e-01, -1.790253152375769e+00, 3.014109000000000e+05, 1.041280518290894e-02, 2.419816022773232e+02, 5.977711656918501e-01, 7.929626692763462e-03
1179, 5.831453267769762e-02, 1.524714742508038e-02, 9.784227394125258e-01, 7.389336595180627e-01, -1.925853907303188e+00, 3.014109000000000e+05, 1.028770156512014e-02, 3.377380954829422e+02, 5.976277132054002e-01, 6.482564211020323e-03
1180, 5.872924497788375e-02, 1.524714742508216e-02, 7.221243513073671e-01, 7.038544797203732e-01, -2.061170127021021e+00, 3.014108999999999e+05, 9.457368176655224e-03, 5.108129959187289e+02, 5.971409136962661e-01, 5.583288746286589e-03
1181, 5.906972122022792e-02, 1.524714742508362e-02, 4.573971155191230e-01, 6.483366646343431e-01, -2.187869847384214e+00, 3.014108999999999e+05, 7.274072501464322e-03, 8.714253184608561e+02, 5.962892900349349e-01, 5.118321294295849e-03
1182, 5.934623182064071e-02, 1.524714742508480e-02, 1.966332995734931e-01, 5.644873480290726e-01, -2.291658846213460e+00, 3.014108999999999e+05, 4.608844138606925e-03, 1.827193589731816e+03, 5.949783146582981e-01, 4.995875473520130e-03
1183, 5.956882081690447e-02, 1.524714742508575e-02, -4.196449705616943e-02, 4.410223114691249e-01, -2.337299317797636e+00, 3.014109000000000e+05, 2.399588118152884e-03, 5.118316950216682e+03, 5.930026706743493e-01, 5.124932857455702e-03
1184, 5.974673368005799e-02, 1.524714742508652e-02, -2.472890822848196e-01, 2.669523079909785e-01, -2.226647339837212e+00, 3.014109000000000e+05, 8.974001336117614e-04, 1.930320965882474e+04, 5.904023470105046e-01, 5.400226400431978e-03
1185, 5.988813090430058e-02, 1.524714742508713e-02, -4.312779906334950e-01, 5.318543996658858e-02, -1.633873573636335e+00, 3.014109000000000e+05, 1.341511241704320e-04, 9.838627600050881e+04, 5.879855065466274e-01, 5.695606764988941e-03
1186, 4.511186909569987e-02, 1.552175565202254e-02, 2.632164306041242e+00, -4.140029828087905e-04, 3.328118530354141e-03, 3.014109000000000e+05, 6.635740907998752e-08, 1.025811575744971e+05, 5.488895810166745e-01, 2.500566539833513e-01
1187, 4.525326631994316e-02, 1.552175565202389e-02, 2.632143004199623e+00, -2.461737710814051e-03, 8.105982593730708e-03, 3.014109000000000e+05, 8.912965549091858e-07, 2.378550669253451e+04, 5.491764319353656e-01, 2.484598494078985e-01
1188, 4.543117918309770e-02, 1.552175565202558e-02, 2.631776899556919e+00, -5.596955697286275e-03, 1.461905018139318e-02, 3.014109000000000e+05, 5.431371128349124e-06, 7.964472008617083e+03, 5.497579758604211e-01, 2.452422772011739e-01
1189, 4.565376817936303e-02, 1.552175565202770e-02, 2.631384718007577e+00, -9.554461638207950e-03, 2.205178608416490e-02, 3.014109000000000e+05, 2.127141587803172e-05, 3.239139399658828e+03, 5.507134635169970e-01, 2.400218505346882e-01
1190, 4.593027877977810e-02, 1.552175565203034e-02, 2.630756859176696e+00, -1.321770477788863e-02, 2.801933457259844e-02, 3.014109000000000e+05, 6.215737388100471e-05, 1.497209881216952e+03, 5.521357955814856e-01, 2.324499874901198e-01
1191, 4.627075502212501e-02, 1.552175565203359e-02, 2.629983225033571e+00, -1.404638474499536e-02, 2.681273445361248e-02, 3.014109000000000e+05, 1.491544403366434e-04, 8.154451266058886e+02, 5.541848359766651e-01, 2.221178877343717e-01
1192, 4.668546732231466e-02, 1.552175565203753e-02, 2.629763634529974e+00, -7.053894037483466e-03, 6.922690442912121e-03, 3.014109000000000e+05, 3.320015496929261e-04, 5.916003023761230e+02, 5.571484267326582e-01, 2.084745324724954e-01
1193, 4.718397379352923e-02, 1.552175565204228e-02, 2.632147198088749e+00, 1.604415678498082e-02, -4.976818286020376e-02, 3.014109000000000e+05, 7.801134851447175e-04, 6.415248376878586e+02, 5.614415003895101e-01, 1.908685111559091e-01
1194, 4.777377890011718e-02, 1.552175565204790e-02, 2.638232795666410e+00, 6.553275687710824e-02, -1.612757390637364e-01, 3.014109000000000e+05, 1.548416645285514e-03, 8.014023001486402e+02, 5.672581971460194e-01, 1.691825215422807e-01
1195, 4.845865296751609e-02, 1.552175565205443e-02, 2.643203964307232e+00, 1.480558814423015e-01, -3.295969922644662e-01, 3.014109000000000e+05, 2.525327771326235e-03, 8.513122341335155e+02, 5.741112485748984e-01, 1.440748690328150e-01
1196, 4.923683328541766e-02, 1.552175565206184e-02, 2.635161051279803e+00, 2.592086858181820e-01, -5.325029430967441e-01, 3.014108999999999e+05, 3.343365975230835e-03, 7.805464522194995e+02, 5.806880300445542e-01, 1.174449296619348e-01
1197, 5.009950913791665e-02, 1.552175565207006e-02, 2.601626778319107e+00, 3.819167195907110e-01, -7.340630549822493e-01, 3.014109000000000e+05, 3.877613906313522e-03, 6.295872172760294e+02, 5.856982329927877e-01, 9.193087071470815e-02
1198, 5.103011681556911e-02, 1.552175565207893e-02, 2.537592394260587e+00, 4.944297071045609e-01, -9.056527898131882e-01, 3.014109000000000e+05, 4.326413287867308e-03, 4.615215978886083e+02, 5.888794105767069e-01, 6.971210698072088e-02
1199, 5.200492176990291e-02, 1.552175565208821e-02, 2.446206884008511e+00, 5.819546926298561e-01, -1.039360491542089e+00, 3.014109000000000e+05, 5.066425351255990e-03, 3.206050087413347e+02, 5.909281298823345e-01, 5.175552186925673e-02
1200, 5.299507823016036e-02, 1.552175565209764e-02, 2.332314527967419e+00, 6.419023673223673e-01, -1.144965624616323e+00, 3.014109000000000e+05, 6.455826562655735e-03, 2.238016976247392e+02, 5.926078080330303e-01, 3.799366904691803e-02
1201, 5.396988318448698e-02, 1.552175565210693e-02, 2.198254578692337e+00, 6.799795664247429e-01, -1.238006335973401e+00, 3.014108999999998e+05, 8.161351157351684e-03, 1.678382640652129e+02, 5.941924491147597e-01, 2.783408603333183e-02
1202, 5.490049086213121e-02, 1.552175565211580e-02, 2.045608121058739e+00, 7.031730632499947e-01, -1.330928464457968e+00, 3.014108999999998e+05, 8.974178722743713e-03, 1.406340244691932e+02, 5.956088771614618e-01, 2.048110859629023e-02
1203, 5.576316671462163e-02, 1.552175565212402e-02, 1.876224893261809e+00, 7.156311124712208e-01, -1.430571303990792e+00, 3.014108999999998e+05, 9.327011023611829e-03, 1.351383642919320e+02, 5.967321513006582e-01, 1.518887669339662e-02
1204, 5.654134703251495e-02, 1.552175565213144e-02, 1.692124202444364e+00, 7.184461450696958e-01, -1.539284847559800e+00, 3.014109000000000e+05, 9.567759398159749e-03, 1.473497126708747e+02, 5.975127884772151e-01, 1.139458623173684e-02
1205, 5.722622109990633e-02, 1.552175565213796e-02, 1.495577956509393e+00, 7.108718120965744e-01, -1.656735306857088e+00, 3.014109000000000e+05, 9.775670141484290e-03, 1.778256120800442e+02, 5.979636795360028e-01, 8.699769200906064e-03
1206, 5.781602620648788e-02, 1.552175565214358e-02, 1.289360530122182e+00, 6.912082580997911e-01, -1.780565433065804e+00, 3.014109000000000e+05, 9.839601216490542e-03, 2.330893080228705e+02, 5.981038907582346e-01, 6.824097092088323e-03
1207, 5.831453267769754e-02, 1.552175565214832e-02, 1.077424127615973e+00, 6.568787264826997e-01, -1.905705602328376e+00, 3.014108999999998e+05, 9.476854244829807e-03, 3.299177505453482e+02, 5.979260966766883e-01, 5.568007664832584e-03
1208, 5.872924497788370e-02, 1.552175565215228e-02, 8.661135989339890e-01, 6.043002717711526e-01, -2.023371481080291e+00, 3.014108999999999e+05, 8.235468813711141e-03, 5.096315753534936e+02, 5.974003547206885e-01, 4.786307204699627e-03
1209, 5.906972122022788e-02, 1.552175565215552e-02, 6.648409099900475e-01, 5.294251231068913e-01, -2.120371344290093e+00, 3.014108999999999e+05, 5.840317096482891e-03, 8.963343349256646e+02, 5.964731961507677e-01, 4.366825681347210e-03
1210, 5.934623182064069e-02, 1.552175565215816e-02, 4.871178703473133e-01, 4.298409619128493e-01, -2.175431743650483e+00, 3.014109000000000e+05, 3.493811208515119e-03, 1.949468135883220e+03, 5.950789667549247e-01, 4.212458000808670e-03
1211, 5.956882081690447e-02, 1.552175565216027e-02, 3.434315445100494e-01, 3.064643605256472e-01, -2.144240790500332e+00, 3.014109000000000e+05, 1.717230415978679e-03, 5.567237658190338e+03, 5.932309604660583e-01, 4.227957769929839e-03
1212, 5.974673368005798e-02, 1.552175565216197e-02, 2.528074796957088e-01, 1.690251171877819e-01, -1.928860554640164e+00, 3.014109000000001e+05, 5.784475663665323e-04, 2.050442631818042e+04, 5.914061287370288e-01, 4.322406278001983e-03
1213, 5.988813090430058e-02, 1.552175565216332e-02, 1.509222658924891e-01, 2.599180626011883e-02, -1.331832774971819e+00, 3.014109000000000e+05, 7.217197244051727e-05, 9.993349088769121e+04, 5.901477693286223e-01, 4.418019562464565e-03
1214, 4.511186909569985e-02, 1.582687589259972e-02, 2.631713313454625e+00, -3.102904178166238e-04, 6.026938446942167e-03, 3.014109000000000e+05, 5.881022298172445e-08, 1.025900865652788e+05, 5.539406810516716e-01, 2.248437170037343e-01
1215, 4.525326631994317e-02, 1.582687589260196e-02, 2.631559484904152e+00, -1.826414525435099e-03, 1.256583713675944e-02, 3.014109000000000e+05, 7.920841409642228e-07, 2.380097143917816e+04, 5.541025230520423e-01, 2.239123134141584e-01
1216, 4.543117918309769e-02, 1.582687589260479e-02, 2.631174144471737e+00, -4.216448968132305e-03, 1.965393865457999e-02, 3.014109000000000e+05, 4.865890277921493e-06, 7.992284866034283e+03, 5.544750763105022e-01, 2.218357444237282e-01
1217, 4.565376817936301e-02, 1.582687589260832e-02, 2.630755285830058e+00, -7.132255289300908e-03, 2.645021829331411e-02, 3.014109000000000e+05, 1.935016844059200e-05, 3.277145719029658e+03, 5.551701609352206e-01, 2.180852202056028e-01
1218, 4.593027877977805e-02, 1.582687589261271e-02, 2.630095475742092e+00, -9.384624056479159e-03, 3.016763290013573e-02, 3.014109000000000e+05, 5.789404488748402e-05, 1.532795581745872e+03, 5.563289896136528e-01, 2.120892685187823e-01
1219, 4.627075502212495e-02, 1.582687589261812e-02, 2.629264877430614e+00, -8.401421763025279e-03, 2.449755450782833e-02, 3.014109000000000e+05, 1.436628429741814e-04, 8.412113774211059e+02, 5.581532343416362e-01, 2.032449304158634e-01
1220, 4.668546732231457e-02, 1.582687589262470e-02, 2.629012091640044e+00, 7.339896299617906e-04, -2.771137807467649e-03, 3.014109000000000e+05, 3.389803986977187e-04, 6.232400861775961e+02, 5.609513261470915e-01, 1.908895539003552e-01
1221, 4.718397379352909e-02, 1.582687589263261e-02, 2.631436941678299e+00, 2.605050420884156e-02, -6.993183004610817e-02, 3.014109000000000e+05, 7.877427061120042e-04, 6.921941504183244e+02, 5.650939208853322e-01, 1.744738331771505e-01
1222, 4.777377890011702e-02, 1.582687589264196e-02, 2.637283647672978e+00, 7.718171759719419e-02, -1.932619432692350e-01, 3.014109000000000e+05, 1.563791469235039e-03, 8.376848378333457e+02, 5.706971507066847e-01, 1.539622323012532e-01
1223, 4.845865296751588e-02, 1.582687589265284e-02, 2.641313680996497e+00, 1.595839542267762e-01, -3.708874080487312e-01, 3.014109000000000e+05, 2.510818319324622e-03, 8.611055529163667e+02, 5.771631294468355e-01, 1.302213539490294e-01
1224, 4.923683328541738e-02, 1.582687589266519e-02, 2.631672362302597e+00, 2.675658753316220e-01, -5.767553329051754e-01, 3.014108999999999e+05, 3.271378522887883e-03, 7.659881589883030e+02, 5.831631301210879e-01, 1.052927799840177e-01
1225, 5.009950913791631e-02, 1.582687589267888e-02, 2.596811320825105e+00, 3.835937437731795e-01, -7.739941499003442e-01, 3.014109000000001e+05, 3.764960996325529e-03, 6.017397643723825e+02, 5.875480380771040e-01, 8.174852838568053e-02
1226, 5.103011681556872e-02, 1.582687589269365e-02, 2.532962794761808e+00, 4.869629547058207e-01, -9.365463106472406e-01, 3.014108999999999e+05, 4.211460282941015e-03, 4.316370989213349e+02, 5.902377770140190e-01, 6.153047240941686e-02
1227, 5.200492176990248e-02, 1.582687589270913e-02, 2.443836075884330e+00, 5.649542701619872e-01, -1.060509222696333e+00, 3.014109000000000e+05, 4.978897354067035e-03, 2.951569530784604e+02, 5.919934394016212e-01, 4.537865130253049e-02
1228, 5.299507823015993e-02, 1.582687589272484e-02, 2.333933185972212e+00, 6.166653589964881e-01, -1.158434624698371e+00, 3.014109000000000e+05, 6.387366349908940e-03, 2.045377734135704e+02, 5.935106593943544e-01, 3.311517487117890e-02
1229, 5.396988318448659e-02, 1.582687589274031e-02, 2.205316542122238e+00, 6.481457048894682e-01, -1.246376344549172e+00, 3.014108999999998e+05, 7.971225693418385e-03, 1.533021237417402e+02, 5.949711493371957e-01, 2.413203796243719e-02
1230, 5.490049086213089e-02, 1.582687589275508e-02, 2.059783016569590e+00, 6.655682977712393e-01, -1.335823841684583e+00, 3.014108999999998e+05, 8.649700028463865e-03, 1.294518928669971e+02, 5.962609532792500e-01, 1.766794027068418e-02
1231, 5.576316671462135e-02, 1.582687589276877e-02, 1.899818017323950e+00, 6.719985375480714e-01, -1.432283321840677e+00, 3.014108999999998e+05, 8.952535238424144e-03, 1.257614587375981e+02, 5.972569126566482e-01, 1.303963715769659e-02
1232, 5.654134703251473e-02, 1.582687589278112e-02, 1.728513586150013e+00, 6.676899436486191e-01, -1.536956004405743e+00, 3.014108999999999e+05, 9.155203065520118e-03, 1.385016443508674e+02, 5.979225262401309e-01, 9.739449904562826e-03
1233, 5.722622109990616e-02, 1.582687589279200e-02, 1.549641619841312e+00, 6.514354664849055e-01, -1.648482834127769e+00, 3.014108999999999e+05, 9.294402116621204e-03, 1.687071485360756e+02, 5.982749538171352e-01, 7.409717140696806e-03
1234, 5.781602620648776e-02, 1.582687589280136e-02, 1.368049185541732e+00, 6.214345463436329e-01, -1.763203782183508e+00, 3.014108999999998e+05, 9.216173138655512e-03, 2.237599795902031e+02, 5.983252319790423e-01, 5.798521379870351e-03
1235, 5.831453267769747e-02, 1.582687589280927e-02, 1.190119148083956e+00, 5.755531543110605e-01, -1.874002156619680e+00, 3.014109000000000e+05, 8.586060280957195e-03, 3.224540404121406e+02, 5.980501051731117e-01, 4.725319838272265e-03
1236, 5.872924497788364e-02, 1.582687589281585e-02, 1.023865700778800e+00, 5.117156563139932e-01, -1.969260434713110e+00, 3.014109000000000e+05, 6.901109413124411e-03, 5.112106184516484e+02, 5.974119321201197e-01, 4.056588884851308e-03
1237, 5.906972122022786e-02, 1.582687589282125e-02, 8.783486672681182e-01, 4.292644725241632e-01, -2.033114789223732e+00, 3.014108999999999e+05, 4.622048755276767e-03, 9.296827465474719e+02, 5.964014926228275e-01, 3.687061095323695e-03
1238, 5.934623182064067e-02, 1.582687589282564e-02, 7.629194133354223e-01, 3.309568370896813e-01, -2.043595523849823e+00, 3.014109000000000e+05, 2.681128290116999e-03, 2.087378411114879e+03, 5.950992315999650e-01, 3.525792398973446e-03
1239, 5.956882081690444e-02, 1.582687589282918e-02, 6.803275068567104e-01, 2.231647038746847e-01, -1.959968804666028e+00, 3.014109000000000e+05, 1.269882458893092e-03, 5.998700250774927e+03, 5.937190589540203e-01, 3.491089947098263e-03
1240, 5.974673368005796e-02, 1.582687589283199e-02, 6.440098497933661e-01, 1.188641286363921e-01, -1.695950956451566e+00, 3.014109000000000e+05, 3.927503904476303e-04, 2.143432411667534e+04, 5.927324620073924e-01, 3.516574281594607e-03
1241, 5.988813090430059e-02, 1.582687589283424e-02, 5.956360914688358e-01, 2.340336759926296e-02, -1.114415430645407e+00, 3.014109000000000e+05, 4.433085627207355e-05, 1.009031099716820e+05, 5.922587733747121e-01, 3.553538072597827e-03
1242, 4.511186909569984e-02, 1.616589839228459e-02, 2.630968708140093e+00, -1.830591888218273e-04, 8.028427510924903e-03, 3.014109000000000e+05, 4.957729982469770e-08, 1.026067572918373e+05, 5.588349380493255e-01, 2.006779086794762e-01
1243, 4.525326631994315e-02, 1.616589839228791e-02, 2.630782839849889e+00, -1.094857441958416e-03, 1.602587874671531e-02, 3.014109000000000e+05, 6.697916865873783e-07, 2.383034898208211e+04, 5.589468848016804e-01, 2.000345311538290e-01
1244, 4.543117918309765e-02, 1.616589839229209e-02, 2.630410683756720e+00, -2.571532577388002e-03, 2.356154411492093e-02, 3.014109000000000e+05, 4.153575449513488e-06, 8.030973393126878e+03, 5.592190643456951e-01, 1.985427343032601e-01
1245, 4.565376817936297e-02, 1.616589839229732e-02, 2.629984976741763e+00, -4.242109940085094e-03, 2.952731527684690e-02, 3.014109000000000e+05, 1.683811419634627e-05, 3.320845660989050e+03, 5.597628804459006e-01, 1.956979368941640e-01
1246, 4.593027877977800e-02, 1.616589839230380e-02, 2.629328879518765e+00, -4.919029423289906e-03, 3.069104638521232e-02, 3.014109000000000e+05, 5.211035773403427e-05, 1.575158019812151e+03, 5.607374537468767e-01, 1.908617372101399e-01
1247, 4.627075502212487e-02, 1.616589839231181e-02, 2.628503800783994e+00, -2.058181361136815e-03, 2.010336683078942e-02, 3.014109000000000e+05, 1.370178868219571e-04, 8.779723814968021e+02, 5.623734287474489e-01, 1.832969137341900e-01
1248, 4.668546732231448e-02, 1.616589839232154e-02, 2.628331370578390e+00, 9.179767533686612e-03, -1.520137111417249e-02, 3.014109000000000e+05, 3.429753851469322e-04, 6.768902988486045e+02, 5.649990822069677e-01, 1.722202273346912e-01
1249, 4.718397379352897e-02, 1.616589839233324e-02, 2.630848627393359e+00, 3.659916038086411e-02, -9.360876671632862e-02, 3.014109000000000e+05, 8.039303877279248e-04, 7.533902570743132e+02, 5.689509814130632e-01, 1.571107507875910e-01
1250, 4.777377890011685e-02, 1.616589839234710e-02, 2.636377128083010e+00, 8.916981845602340e-02, -2.292678369476674e-01, 3.014109000000000e+05, 1.593696835138199e-03, 8.750964469240040e+02, 5.742712077712401e-01, 1.379848494483507e-01
1251, 4.845865296751563e-02, 1.616589839236318e-02, 2.639157422862107e+00, 1.710678866982170e-01, -4.159558905483605e-01, 3.014109000000000e+05, 2.504353414572832e-03, 8.678856304726686e+02, 5.802649840566357e-01, 1.158755226931097e-01
1252, 4.923683328541708e-02, 1.616589839238145e-02, 2.627537417796353e+00, 2.752021506446544e-01, -6.236752256692627e-01, 3.014109000000000e+05, 3.202747343042965e-03, 7.472864423624803e+02, 5.856165379444949e-01, 9.291106045004241e-02
1253, 5.009950913791594e-02, 1.616589839240171e-02, 2.591211765702816e+00, 3.836644463502726e-01, -8.150555266356680e-01, 3.014109000000000e+05, 3.656813991686977e-03, 5.707260091717834e+02, 5.893450986975644e-01, 7.154019918050482e-02
1254, 5.103011681556828e-02, 1.616589839242357e-02, 2.527805778329490e+00, 4.771130399114398e-01, -9.672855288681470e-01, 3.014109000000001e+05, 4.104497645917772e-03, 4.000747751668391e+02, 5.915515819368423e-01, 5.344513262735007e-02
1255, 5.200492176990199e-02, 1.616589839244646e-02, 2.441467045464925e+00, 5.451646822285654e-01, -1.080840489346196e+00, 3.014109000000001e+05, 4.900003872702278e-03, 2.691466072941815e+02, 5.930351576907651e-01, 3.915430535185183e-02
1256, 5.299507823015943e-02, 1.616589839246971e-02, 2.336184552345055e+00, 5.885730393373751e-01, -1.170889745249055e+00, 3.014108999999999e+05, 6.318238651306071e-03, 1.852117974164959e+02, 5.943993846190891e-01, 2.840519511396323e-02
1257, 5.396988318448614e-02, 1.616589839249261e-02, 2.213747584504997e+00, 6.135090232508394e-01, -1.253591984028695e+00, 3.014108999999999e+05, 7.737763751694954e-03, 1.388732893197245e+02, 5.957296637315378e-01, 2.059268290379602e-02
1258, 5.490049086213050e-02, 1.616589839251445e-02, 2.076274114255209e+00, 6.251822309647432e-01, -1.339150858594642e+00, 3.014108999999997e+05, 8.313532006545625e-03, 1.183716371822895e+02, 5.968790521896867e-01, 1.500355771353989e-02
1259, 5.576316671462104e-02, 1.616589839253472e-02, 1.927007264552749e+00, 6.256090713303684e-01, -1.431587237593636e+00, 3.014108999999998e+05, 8.572357428563897e-03, 1.163716796462677e+02, 5.977323117932162e-01, 1.102304864298856e-02
1260, 5.654134703251448e-02, 1.616589839255300e-02, 1.770168995324268e+00, 6.144190972108665e-01, -1.530888023245117e+00, 3.014109000000000e+05, 8.734324637486650e-03, 1.295377683397419e+02, 5.982658537982208e-01, 8.200774267893099e-03
1261, 5.722622109990598e-02, 1.616589839256908e-02, 1.610931751010694e+00, 5.903295106133329e-01, -1.634623141838679e+00, 3.014109000000000e+05, 8.795525511530511e-03, 1.595161011864625e+02, 5.984981788136612e-01, 6.220939264077450e-03
1262, 5.781602620648763e-02, 1.616589839258293e-02, 1.455648817810602e+00, 5.520408587936031e-01, -1.737854417045464e+00, 3.014109000000000e+05, 8.556861192218788e-03, 2.148589646797314e+02, 5.984330794945992e-01, 4.860933815166705e-03
1263, 5.831453267769736e-02, 1.616589839259464e-02, 1.311559388275575e+00, 4.986346264511950e-01, -1.831770090689540e+00, 3.014108999999999e+05, 7.634316036150081e-03, 3.170632436907304e+02, 5.980463481197495e-01, 3.960598674978786e-03
1264, 5.872924497788355e-02, 1.616589839260437e-02, 1.185739467302813e+00, 4.301129028638816e-01, -1.903115154592792e+00, 3.014108999999999e+05, 5.685934408844811e-03, 5.185826551814582e+02, 5.973322919322458e-01, 3.400699412625858e-03
1265, 5.906972122022779e-02, 1.616589839261237e-02, 1.084473319028645e+00, 3.485978802403452e-01, -1.935826440517760e+00, 3.014108999999999e+05, 3.683894407147373e-03, 9.746574785845684e+02, 5.963657480005186e-01, 3.087015907164554e-03
1266, 5.934623182064064e-02, 1.616589839261886e-02, 1.011938018055060e+00, 2.590331615188030e-01, -1.910265901009586e+00, 3.014108999999999e+05, 2.109675524877436e-03, 2.236776893078848e+03, 5.953196145357702e-01, 2.939605295617477e-03
1267, 5.956882081690444e-02, 1.616589839262409e-02, 9.647535070977703e-01, 1.680925301808804e-01, -1.791623575514134e+00, 3.014109000000000e+05, 9.696803965452683e-04, 6.387822693003111e+03, 5.944103530684566e-01, 2.891712661921474e-03
1268, 5.974673368005796e-02, 1.616589839262827e-02, 9.493082761263506e-01, 8.614655105313063e-02, -1.506148342088589e+00, 3.014109000000000e+05, 2.778275751791037e-04, 2.212461882561516e+04, 5.939245632377033e-01, 2.893386215049412e-03
1269, 5.988813090430058e-02, 1.616589839263158e-02, 9.230015513758746e-01, 1.705244105888912e-02, -9.480846555310418e-01, 3.014109000000000e+05, 2.869989026530295e-05, 1.015172809299202e+05, 5.937633022255756e-01, 2.909620732291617e-03
1270, 4.511186909569985e-02, 1.654259007033225e-02, 2.630079972945221e+00, -7.735002590987967e-05, 9.203855032296569e-03, 3.014109000000000e+05, 4.192269914504143e-08, 1.026208923864589e+05, 5.636681271896936e-01, 1.771171884578220e-01
1271, 4.525326631994313e-02, 1.654259007033711e-02, 2.629915942518555e+00, -4.791233083931015e-04, 1.816190826585609e-02, 3.014109000000000e+05, 5.680429777366765e-07, 2.385720785040368e+04, 5.637574734189365e-01, 1.766244013396643e-01
1272, 4.543117918309764e-02, 1.654259007034324e-02, 2.629587877436888e+00, -1.119599971281020e-03, 2.590475812864329e-02, 3.014109000000000e+05, 3.557781552571675e-06, 8.067718663979877e+03, 5.639787190571295e-01, 1.754608989124815e-01
1273, 4.565376817936295e-02, 1.654259007035090e-02, 2.629166764717271e+00, -1.607725450000015e-03, 3.083457582741333e-02, 3.014109000000000e+05, 1.475623251234302e-05, 3.363074667887250e+03, 5.644350516539104e-01, 1.731808588211848e-01
1274, 4.593027877977796e-02, 1.654259007036042e-02, 2.628523452266768e+00, -7.692932584273870e-04, 2.916809309496272e-02, 3.014109000000000e+05, 4.779550054329244e-05, 1.616612340198780e+03, 5.652860799235212e-01, 1.691659177386649e-01
1275, 4.627075502212483e-02, 1.654259007037214e-02, 2.627746409929878e+00, 3.925244507100831e-03, 1.321026265271989e-02, 3.014109000000000e+05, 1.342841322282221e-04, 9.252874594515849e+02, 5.667721397431981e-01, 1.626424931506409e-01
1276, 4.668546732231437e-02, 1.654259007038641e-02, 2.627729903741700e+00, 1.727937578749382e-02, -3.084551805854723e-02, 3.014109000000000e+05, 3.498669627850814e-04, 7.451075596665229e+02, 5.692266257900847e-01, 1.527728100169006e-01
1277, 4.718397379352882e-02, 1.654259007040357e-02, 2.630380170462927e+00, 4.688091944750665e-02, -1.213116650867115e-01, 3.014109000000000e+05, 8.362347575853778e-04, 8.191825357168450e+02, 5.729557798672587e-01, 1.390302794233072e-01
1278, 4.777377890011662e-02, 1.654259007042387e-02, 2.635471151571763e+00, 1.009213808282088e-01, -2.696936009389603e-01, 3.014109000000000e+05, 1.637632971852666e-03, 9.112051594804140e+02, 5.779248193117595e-01, 1.214788497239391e-01
1279, 4.845865296751537e-02, 1.654259007044744e-02, 2.636658090461994e+00, 1.820636817342328e-01, -4.648758427656788e-01, 3.014109000000000e+05, 2.503220478914570e-03, 8.700556535853868e+02, 5.833614118509626e-01, 1.012569150696028e-01
1280, 4.923683328541674e-02, 1.654259007047423e-02, 2.622707770531888e+00, 2.816793524669367e-01, -6.729208963104171e-01, 3.014108999999999e+05, 3.136509680860693e-03, 7.237451909466599e+02, 5.880000081922917e-01, 8.050206862143559e-02
1281, 5.009950913791553e-02, 1.654259007050392e-02, 2.584879380315688e+00, 3.816895723023520e-01, -8.566328745766781e-01, 3.014109000000000e+05, 3.554574277055181e-03, 5.365287140118388e+02, 5.910559614355038e-01, 6.147646821792475e-02
1282, 5.103011681556780e-02, 1.654259007053595e-02, 2.522278811794519e+00, 4.645394910946490e-01, -9.972392522477366e-01, 3.014109000000000e+05, 4.007985714514508e-03, 3.671331464233207e+02, 5.928015974006102e-01, 4.558893584565606e-02
1283, 5.200492176990144e-02, 1.654259007056950e-02, 2.439308063245855e+00, 5.224239046545975e-01, -1.099870095777198e+00, 3.014108999999999e+05, 4.831204721914644e-03, 2.429220688732816e+02, 5.940405185279215e-01, 3.318081386507078e-02
1284, 5.299507823015891e-02, 1.654259007060359e-02, 2.339285184632216e+00, 5.576363360946075e-01, -1.181982967864891e+00, 3.014108999999999e+05, 6.246701654713664e-03, 1.660851916100295e+02, 5.952606923794163e-01, 2.393420380665412e-02
1285, 5.396988318448567e-02, 1.654259007063714e-02, 2.223752574713758e+00, 5.762094848029303e-01, -1.259335788973932e+00, 3.014108999999999e+05, 7.484045761884846e-03, 1.247946227016183e+02, 5.964524498251765e-01, 1.726540297320668e-02
1286, 5.490049086213011e-02, 1.654259007066917e-02, 2.095276420479844e+00, 5.822967368059536e-01, -1.340529330026456e+00, 3.014108999999999e+05, 7.973697105569612e-03, 1.075789163478133e+02, 5.974471197058737e-01, 1.252225991567924e-02
1287, 5.576316671462071e-02, 1.654259007069887e-02, 1.957912067815580e+00, 5.769843566086841e-01, -1.428016540042353e+00, 3.014108999999999e+05, 8.191421555567719e-03, 1.071437605979231e+02, 5.981440133828869e-01, 9.162276605826860e-03
1288, 5.654134703251423e-02, 1.654259007072565e-02, 1.816896042792503e+00, 5.595749562712239e-01, -1.520608842723333e+00, 3.014109000000000e+05, 8.308826495291041e-03, 1.206938768048729e+02, 5.985333210984365e-01, 6.793600182976854e-03
1289, 5.722622109990576e-02, 1.654259007074922e-02, 1.678418977429145e+00, 5.291155034475481e-01, -1.614930507839038e+00, 3.014108999999998e+05, 8.281514008787415e-03, 1.506706312136158e+02, 5.986366817177557e-01, 5.142678416025734e-03
1290, 5.781602620648748e-02, 1.654259007076952e-02, 1.549411200803473e+00, 4.852380771777843e-01, -1.705068172254381e+00, 3.014108999999998e+05, 7.862508156070773e-03, 2.071886406231933e+02, 5.984595665268414e-01, 4.016688911723692e-03
1291, 5.831453267769726e-02, 1.654259007078668e-02, 1.436271646054860e+00, 4.284322322823233e-01, -1.781178059005853e+00, 3.014108999999998e+05, 6.619081936334015e-03, 3.151074654000308e+02, 5.979933810891447e-01, 3.276810800952185e-03
1292, 5.872924497788349e-02, 1.654259007080095e-02, 1.343655524904149e+00, 3.603856094932188e-01, -1.829545605073733e+00, 3.014108999999998e+05, 4.665464856007210e-03, 5.332577290197364e+02, 5.972779564679120e-01, 2.819731712840924e-03
1293, 5.906972122022774e-02, 1.654259007081268e-02, 1.274431537514649e+00, 2.845827143967194e-01, -1.835274199524967e+00, 3.014109000000000e+05, 2.983823553028779e-03, 1.030742531686087e+03, 5.964426050474421e-01, 2.563590576935619e-03
1294, 5.934623182064060e-02, 1.654259007082219e-02, 1.228757410856580e+00, 2.060931306558940e-01, -1.781591422220680e+00, 3.014109000000000e+05, 1.701729692045661e-03, 2.390544356019448e+03, 5.956646470402637e-01, 2.440097269568979e-03
1295, 5.956882081690441e-02, 1.654259007082985e-02, 1.200548633993783e+00, 1.302933898205113e-01, -1.638588802370939e+00, 3.014109000000000e+05, 7.593738558238057e-04, 6.724121997196919e+03, 5.950875445751114e-01, 2.395099790137089e-03
1296, 5.974673368005795e-02, 1.654259007083598e-02, 1.192581962770634e+00, 6.458133349619538e-02, -1.343935823625795e+00, 3.014109000000000e+05, 2.031525123972021e-04, 2.261163890558171e+04, 5.948591280910317e-01, 2.389795328630084e-03
1297, 5.988813090430057e-02, 1.654259007084084e-02, 1.178061303621773e+00, 1.237286570823079e-02, -8.160376963668976e-01, 3.014109000000000e+05, 1.959494026724041e-05, 1.018975886791663e+05, 5.948428974337319e-01, 2.397810727241888e-03
1298, 4.511186909569985e-02, 1.696113636835458e-02, 2.629113709214249e+00, -6.610345448378714e-06, 9.650231668904049e-03, 3.014109000000000e+05, 3.795829705599193e-08, 1.026305896196890e+05, 5.684649115258336e-01, 1.540472759344541e-01
1299, 4.525326631994314e-02, 1.696113636836074e-02, 2.628988750068876e+00, -5.116075645352536e-05, 1.899158056644711e-02, 3.014109000000000e+05, 5.156648682407900e-07, 2.387708326907215e+04, 5.685428494840981e-01, 1.536443784863659e-01
1300, 4.543117918309763e-02, 1.696113636836848e-02, 2.628718232715606e+00, -4.073325129900875e-05, 2.656736350466068e-02, 3.014109000000000e+05, 3.261744648807570e-06, 8.094468501473079e+03, 5.687359492345552e-01, 1.526840582242820e-01
1301, 4.565376817936292e-02, 1.696113636837817e-02, 2.628311266911636e+00, 4.638732198539022e-04, 3.014946491537365e-02, 3.014109000000000e+05, 1.384225490940886e-05, 3.394805848720538e+03, 5.691387645831940e-01, 1.507756999466534e-01
1302, 4.593027877977791e-02, 1.696113636839020e-02, 2.627690138533641e+00, 2.658325146019270e-03, 2.526646094533461e-02, 3.014109000000000e+05, 4.642603104263944e-05, 1.660618541634338e+03, 5.699045514794125e-01, 1.473519683443345e-01
1303, 4.627075502212472e-02, 1.696113636840502e-02, 2.627002104999313e+00, 9.111663689046406e-03, 3.329133626583156e-03, 3.014109000000000e+05, 1.355851680729150e-04, 9.889294859996106e+02, 5.712703659329045e-01, 1.416680815123062e-01
1304, 4.668546732231426e-02, 1.696113636842306e-02, 2.627207444461499e+00, 2.464265811897924e-02, -5.035669440088563e-02, 3.014109000000000e+05, 3.680059869996400e-04, 8.205061401913894e+02, 5.735570446992864e-01, 1.329142313930120e-01
1305, 4.718397379352866e-02, 1.696113636844476e-02, 2.630020941638711e+00, 5.658743076231108e-02, -1.537479077913393e-01, 3.014109000000000e+05, 8.861060998255413e-04, 8.859794613186443e+02, 5.770339670822757e-01, 1.205729567577831e-01
1306, 4.777377890011640e-02, 1.696113636847044e-02, 2.634508209886505e+00, 1.121545224841927e-01, -3.150257734907567e-01, 3.014109000000000e+05, 1.691891322311641e-03, 9.435350282814945e+02, 5.815861107100985e-01, 1.047555341777615e-01
1307, 4.845865296751507e-02, 1.696113636850024e-02, 2.633735075132552e+00, 1.922035959123163e-01, -5.176410918344803e-01, 3.014109000000000e+05, 2.503693710993568e-03, 8.660052484844500e+02, 5.863861881149054e-01, 8.664687080366498e-02
1308, 4.923683328541636e-02, 1.696113636853411e-02, 2.617169527238472e+00, 2.865119339106414e-01, -7.239704466491076e-01, 3.014109000000000e+05, 3.071742708665103e-03, 6.947766147672675e+02, 5.902620833751275e-01, 6.830574494546691e-02
1309, 5.009950913791508e-02, 1.696113636857165e-02, 2.577932914911815e+00, 3.771831498788500e-01, -8.979499039734041e-01, 3.014109000000001e+05, 3.459821556205146e-03, 4.992395934844105e+02, 5.926492234181199e-01, 5.174605262167380e-02
1310, 5.103011681556727e-02, 1.696113636861216e-02, 2.516607924474065e+00, 4.489228354011717e-01, -1.025699268430394e+00, 3.014109000000000e+05, 3.924193118611599e-03, 3.331656650520704e+02, 5.939713023916416e-01, 3.810088029756338e-02
1311, 5.200492176990085e-02, 1.696113636865458e-02, 2.437607036868953e+00, 4.966553206565242e-01, -1.117105657770952e+00, 3.014109000000000e+05, 4.773159622684776e-03, 2.168252634881669e+02, 5.949972643843349e-01, 2.755657166558901e-02
1312, 5.299507823015830e-02, 1.696113636869767e-02, 2.343451297090195e+00, 5.239887726475735e-01, -1.191377519933519e+00, 3.014109000000000e+05, 6.169523647351353e-03, 1.473871859676174e+02, 5.960800735222122e-01, 1.976995713200355e-02
1313, 5.396988318448514e-02, 1.696113636874010e-02, 2.235508637249844e+00, 5.365408117901195e-01, -1.263296599422389e+00, 3.014108999999998e+05, 7.225168959841808e-03, 1.112811644739671e+02, 5.971231928206431e-01, 1.419607563999580e-02
1314, 5.490049086212965e-02, 1.696113636878060e-02, 2.116900262469234e+00, 5.373776250081155e-01, -1.339603715198666e+00, 3.014108999999998e+05, 7.634785275543379e-03, 9.724265095694828e+01, 5.979506631807837e-01, 1.025419097786087e-02
1315, 5.576316671462032e-02, 1.696113636881814e-02, 1.992436921994049e+00, 5.268623685847922e-01, -1.421206221020775e+00, 3.014108999999998e+05, 7.812268078201389e-03, 9.825398320414672e+01, 5.984830261831210e-01, 7.476352132752435e-03
1316, 5.654134703251392e-02, 1.696113636885201e-02, 1.868090818038467e+00, 5.042904513023596e-01, -1.505908046442266e+00, 3.014109000000000e+05, 7.880203196327039e-03, 1.122280392910663e+02, 5.987264076874860e-01, 5.529172139341942e-03
1317, 5.722622109990555e-02, 1.696113636888182e-02, 1.750484982942310e+00, 4.693423942978828e-01, -1.589673441217913e+00, 3.014108999999999e+05, 7.752359612904900e-03, 1.426066739544569e+02, 5.987101147898468e-01, 4.180831934497624e-03
1318, 5.781602620648731e-02, 1.696113636890749e-02, 1.646109074083064e+00, 4.227088929629793e-01, -1.666059315892382e+00, 3.014108999999999e+05, 7.130698777647887e-03, 2.014661261837560e+02, 5.984489891664309e-01, 3.268119087905344e-03
1319, 5.831453267769715e-02, 1.696113636892918e-02, 1.559324742041239e+00, 3.660124845542432e-01, -1.724794915426864e+00, 3.014109000000000e+05, 5.590096039902366e-03, 3.175090157216703e+02, 5.979535742702503e-01, 2.673783497721490e-03
1320, 5.872924497788340e-02, 1.696113636894724e-02, 1.492137192720419e+00, 3.018371826750250e-01, -1.752416819540704e+00, 3.014108999999999e+05, 3.843742988211999e-03, 5.556352039763138e+02, 5.972954438186168e-01, 2.310708131455758e-03
1321, 5.906972122022770e-02, 1.696113636896205e-02, 1.444835196111280e+00, 2.338179290198996e-01, -1.735550561410839e+00, 3.014109000000000e+05, 2.465887584544534e-03, 1.096229809991901e+03, 5.966158025571956e-01, 2.109080186327023e-03
1322, 5.934623182064055e-02, 1.696113636897409e-02, 1.415393483378467e+00, 1.662308722793234e-01, -1.659894492382130e+00, 3.014109000000000e+05, 1.403508185463105e-03, 2.543901575138785e+03, 5.960544073850319e-01, 2.011729972163497e-03
1323, 5.956882081690439e-02, 1.696113636898378e-02, 1.397605431582632e+00, 1.031019673198535e-01, -1.499273391856276e+00, 3.014109000000000e+05, 6.064806605722077e-04, 7.011860344810215e+03, 5.956900419737319e-01, 1.975128839090778e-03
1324, 5.974673368005794e-02, 1.696113636899152e-02, 1.393098176663302e+00, 4.979109576340665e-02, -1.201745183920586e+00, 3.014109000000000e+05, 1.524660138283225e-04, 2.295936197812342e+04, 5.955972912383862e-01, 1.969048552807170e-03
1325, 5.988813090430057e-02, 1.696113636899767e-02, 1.385260045687073e+00, 9.331992222040503e-03, -7.074514180094095e-01, 3.014109000000000e+05, 1.396068272696267e-05, 1.021272604022596e+05, 5.956529090553458e-01, 1.973578671865092e-03
1326, 4.511186909569985e-02, 1.742618778928585e-02, 2.628075937534729e+00, 3.436035151236040e-05, 9.554257708471386e-03, 3.014109000000000e+05, 3.775542724101154e-08, 1.026386446775746e+05, 5.732027991505365e-01, 1.315511021070060e-01
1327, 4.525326631994311e-02, 1.742618778929382e-02, 2.627982471239974e+00, 2.087993668874849e-04, 1.871079236569083e-02, 3.014109000000000e+05, 5.133538126908623e-07, 2.389464861313014e+04, 5.732739322856601e-01, 1.312081793776372e-01
1328, 4.543117918309760e-02, 1.742618778930385e-02, 2.627766217369945e+00, 6.795665799344991e-04, 2.561948796081848e-02, 3.014109000000000e+05, 3.258691848286016e-06, 8.122367380540538e+03, 5.734491818600408e-01, 1.303871523563325e-01
1329, 4.565376817936287e-02, 1.742618778931640e-02, 2.627381536350417e+00, 1.971546464361635e-03, 2.736833778949194e-02, 3.014109000000000e+05, 1.395938830728055e-05, 3.433583803309483e+03, 5.738152769398648e-01, 1.287448009271534e-01
1330, 4.593027877977782e-02, 1.742618778933199e-02, 2.626798766949371e+00, 5.357500850885925e-03, 1.866216906713098e-02, 3.014109000000000e+05, 4.777670419414630e-05, 1.711791899466926e+03, 5.745169660758916e-01, 1.257717745787195e-01
1331, 4.627075502212463e-02, 1.742618778935118e-02, 2.626238931625153e+00, 1.350773082816936e-02, -1.012391503245504e-02, 3.014109000000000e+05, 1.441249081292432e-04, 1.058310544069293e+03, 5.757818153231861e-01, 1.207810511779102e-01
1332, 4.668546732231413e-02, 1.742618778937455e-02, 2.626735551075055e+00, 3.129023704963727e-02, -7.454585442851609e-02, 3.014109000000000e+05, 4.000024396536870e-04, 8.981827319124948e+02, 5.778988964556080e-01, 1.130752845646926e-01
1333, 4.718397379352847e-02, 1.742618778940266e-02, 2.629706620669077e+00, 6.569917901143940e-02, -1.917321759659579e-01, 3.014109000000000e+05, 9.511086481551172e-04, 9.510271573129781e+02, 5.810939803987119e-01, 1.021581730082851e-01
1334, 4.777377890011615e-02, 1.742618778943592e-02, 2.633367088806160e+00, 1.226949015116083e-01, -3.657036946713315e-01, 3.014109000000000e+05, 1.751408823556148e-03, 9.696057231890319e+02, 5.851676701660633e-01, 8.820018214903434e-02
1335, 4.845865296751473e-02, 1.742618778947452e-02, 2.630275248033799e+00, 2.010803285379206e-01, -5.740454048322934e-01, 3.014109000000000e+05, 2.502253522141180e-03, 8.542205392410481e+02, 5.892648211430099e-01, 7.237901974636794e-02
1336, 4.923683328541595e-02, 1.742618778951838e-02, 2.610934676717552e+00, 2.891393311030918e-01, -7.760650457423102e-01, 3.014109000000000e+05, 3.008231384922918e-03, 6.599921093198708e+02, 5.923516427308038e-01, 5.658886050915475e-02
1337, 5.009950913791457e-02, 1.742618778956702e-02, 2.570556969780763e+00, 3.696486626528304e-01, -9.380791470867519e-01, 3.014109000000000e+05, 3.374573189185337e-03, 4.591188443659140e+02, 5.940981536237714e-01, 4.254569004541098e-02
1338, 5.103011681556668e-02, 1.742618778961948e-02, 2.511080940823764e+00, 4.300211499805779e-01, -1.051924713098417e+00, 3.014109000000000e+05, 3.855171680245666e-03, 2.986147810923001e+02, 5.950478488965604e-01, 3.111803641340391e-02
1339, 5.200492176990017e-02, 1.742618778967443e-02, 2.436637135063098e+00, 4.679111136896338e-01, -1.132088330978689e+00, 3.014109000000000e+05, 4.725514853436514e-03, 1.912194443550146e+02, 5.958937490493947e-01, 2.237404174285762e-02
1340, 5.299507823015762e-02, 1.742618778973026e-02, 2.348884938558797e+00, 4.879041349684230e-01, -1.198776112459683e+00, 3.014108999999998e+05, 6.081843447009924e-03, 1.293930055263145e+02, 5.968423331889525e-01, 1.597316275622543e-02
1341, 5.396988318448454e-02, 1.742618778978521e-02, 2.249142067697470e+00, 4.949406499845223e-01, -1.265197044765702e+00, 3.014108999999998e+05, 6.962128336691356e-03, 9.855741680528494e+01, 5.977264027451359e-01, 1.142361450646289e-02
1342, 5.490049086212914e-02, 1.742618778983767e-02, 2.141127825419063e+00, 4.910486687209908e-01, -1.336086180349047e+00, 3.014108999999999e+05, 7.298634772919950e-03, 8.753276709701890e+01, 5.983789491292093e-01, 8.223161669729523e-03
1343, 5.576316671461993e-02, 1.742618778988630e-02, 2.030234597972305e+00, 4.761289536294726e-01, -1.410956606597398e+00, 3.014108999999998e+05, 7.436339030648906e-03, 8.988850296667773e+01, 5.987475966730966e-01, 5.978871179800759e-03
1344, 5.654134703251359e-02, 1.742618778993017e-02, 1.922768093613435e+00, 4.497431487632089e-01, -1.486889729335356e+00, 3.014109000000000e+05, 7.448907715618373e-03, 1.044064825169478e+02, 5.988564390986725e-01, 4.414250103347670e-03
1345, 5.722622109990530e-02, 1.742618778996877e-02, 1.825138013711729e+00, 4.123375147867047e-01, -1.559562834062384e+00, 3.014109000000000e+05, 7.206448608293246e-03, 1.357272627531437e+02, 5.987455446954210e-01, 3.337717965419848e-03
1346, 5.781602620648713e-02, 1.742618779000202e-02, 1.742537039211866e+00, 3.654989728737545e-01, -1.622421819274574e+00, 3.014109000000000e+05, 6.355394858595237e-03, 1.982542113338059e+02, 5.984388895753847e-01, 2.614709693147444e-03
1347, 5.831453267769703e-02, 1.742618779003013e-02, 1.676972698624889e+00, 3.114956641154031e-01, -1.665096020000499e+00, 3.014108999999999e+05, 4.707424152555587e-03, 3.247925587342870e+02, 5.979581473537465e-01, 2.149012050452992e-03
1348, 5.872924497788330e-02, 1.742618779005350e-02, 1.628360846636660e+00, 2.530418199602708e-01, -1.674542053064053e+00, 3.014109000000000e+05, 3.213009973095475e-03, 5.854654494519643e+02, 5.973844396630684e-01, 1.868731320472292e-03
1349, 5.906972122022763e-02, 1.742618779007270e-02, 1.595658061110793e+00, 1.932323963852891e-01, -1.638748162383482e+00, 3.014108999999999e+05, 2.082923684140074e-03, 1.169126734460657e+03, 5.968455993235803e-01, 1.715380768756519e-03
1350, 5.934623182064052e-02, 1.742618779008829e-02, 1.576040688817306e+00, 1.353915998674745e-01, -1.545419451683013e+00, 3.014109000000000e+05, 1.179476300269524e-03, 2.693516642885942e+03, 5.964400859666577e-01, 1.642204056832684e-03
1351, 5.956882081690437e-02, 1.742618779010083e-02, 1.564292937471426e+00, 8.258806438802588e-02, -1.371657816459939e+00, 3.014109000000000e+05, 4.916399348662183e-04, 7.257527658542855e+03, 5.962083056790300e-01, 1.614826072061266e-03
1352, 5.974673368005792e-02, 1.742618779011087e-02, 1.561845655549021e+00, 3.898995344902339e-02, -1.075280581367349e+00, 3.014109000000000e+05, 1.166901580620648e-04, 2.321504439478032e+04, 5.961886536418639e-01, 1.610028206237182e-03
1353, 5.988813090430056e-02, 1.742618779011883e-02, 1.557724666686796e+00, 7.179988609361670e-03, -6.157893413804100e-01, 3.014109000000000e+05, 1.025361560005158e-05, 1.022728939257349e+05, 5.962746927618894e-01, 1.612991073035756e-03
1354, 4.511186909569984e-02, 1.794291160193908e-02, 2.626908430160881e+00, 5.702129508756456e-05, 9.087873579618671e-03, 3.014109000000000e+05, 4.026020185233474e-08, 1.026431327077959e+05, 5.778235618047584e-01, 1.098547617219473e-01
1355, 4.525326631994311e-02, 1.794291160194923e-02, 2.626829391469555e+00, 3.599508842653023e-04, 1.753715529373701e-02, 3.014109000000000e+05, 5.475833035705784e-07, 2.390639408307600e+04, 5.778894822506030e-01, 1.095570314890241e-01
1356, 4.543117918309757e-02, 1.794291160196199e-02, 2.626654506001617e+00, 1.152573272173148e-03, 2.316961483345863e-02, 3.014109000000000e+05, 3.481778354635419e-06, 8.143039976289750e+03, 5.780509493881684e-01, 1.088434828407857e-01
1357, 4.565376817936283e-02, 1.794291160197797e-02, 2.626299632423661e+00, 3.077332922692838e-03, 2.238940798778037e-02, 3.014109000000000e+05, 1.499673102203404e-05, 3.465430693318907e+03, 5.783874727034645e-01, 1.074136080409899e-01
1358, 4.593027877977777e-02, 1.794291160199780e-02, 2.625776799662672e+00, 7.537023474205942e-03, 8.969552116537702e-03, 3.014109000000000e+05, 5.198838730095134e-05, 1.758727736516692e+03, 5.790338067256764e-01, 1.048196915222403e-01
1359, 4.627075502212454e-02, 1.794291160202223e-02, 2.625396753321930e+00, 1.735221810204695e-02, -2.784981375691438e-02, 3.014109000000000e+05, 1.600008334233149e-04, 1.124315563902915e+03, 5.802014646398352e-01, 1.004589042257863e-01
1360, 4.668546732231398e-02, 1.794291160205200e-02, 2.626243571819067e+00, 3.743333278807954e-02, -1.043269228037307e-01, 3.014109000000000e+05, 4.450391241654240e-04, 9.754319704304594e+02, 5.821459081867886e-01, 9.374228486377020e-02
1361, 4.718397379352827e-02, 1.794291160208776e-02, 2.629310521570174e+00, 7.428328926175758e-02, -2.360611055266740e-01, 3.014109000000000e+05, 1.027183346701125e-03, 1.011456877506910e+03, 5.850294357577804e-01, 8.426335520381364e-02
1362, 4.777377890011587e-02, 1.794291160213009e-02, 2.631864841356005e+00, 1.323345968437551e-01, -4.219667534091724e-01, 3.014109000000000e+05, 1.811109619278612e-03, 9.869174046689943e+02, 5.885706974003855e-01, 7.224908577312437e-02
1363, 4.845865296751437e-02, 1.794291160217923e-02, 2.626148917353511e+00, 2.081946298569240e-01, -6.335737224268919e-01, 3.014109000000000e+05, 2.496364829000499e-03, 8.334120561163182e+02, 5.919198790663827e-01, 5.881745703825210e-02
1364, 4.923683328541549e-02, 1.794291160223506e-02, 2.604056933729426e+00, 2.889518100391917e-01, -8.281855024274033e-01, 3.014109000000000e+05, 2.946791939221405e-03, 6.192851455445486e+02, 5.942225038294277e-01, 4.562632318613796e-02
1365, 5.009950913791401e-02, 1.794291160229696e-02, 2.563003441088691e+00, 3.586415671654412e-01, -9.759874826138414e-01, 3.014109000000001e+05, 3.301257933961103e-03, 4.166207578751378e+02, 5.953830751074722e-01, 3.406598956312225e-02
1366, 5.103011681556603e-02, 1.794291160236375e-02, 2.506029792694777e+00, 4.077268043185105e-01, -1.075207379547404e+00, 3.014109000000000e+05, 3.802496950116559e-03, 2.640013829089965e+02, 5.960224790613823e-01, 2.476565980389228e-02
1367, 5.200492176989943e-02, 1.794291160243369e-02, 2.436669606557706e+00, 4.364023521043473e-01, -1.144440067134610e+00, 3.014108999999999e+05, 4.686455825712199e-03, 1.664904297340052e+02, 5.967189164300638e-01, 1.771299203466804e-02
1368, 5.299507823015687e-02, 1.794291160250474e-02, 2.355749520946070e+00, 4.498016191228586e-01, -1.203948288862456e+00, 3.014108999999999e+05, 5.977500999761590e-03, 1.124689335889354e+02, 5.975325204682690e-01, 1.259279482403640e-02
1369, 5.396988318448388e-02, 1.794291160257469e-02, 2.264697018716960e+00, 4.519762785526896e-01, -1.264822864083382e+00, 3.014108999999998e+05, 6.694685280304722e-03, 8.683926036436876e+01, 5.982492811081231e-01, 8.976781317615378e-03
1370, 5.490049086212857e-02, 1.794291160264146e-02, 2.167781577029734e+00, 4.440515183165389e-01, -1.329801240601096e+00, 3.014108999999999e+05, 6.966459363134026e-03, 7.860623838992916e+01, 5.987267689936957e-01, 6.444805088009479e-03
1371, 5.576316671461946e-02, 1.794291160270336e-02, 2.070708731825067e+00, 4.257323788484073e-01, -1.397279171245649e+00, 3.014109000000000e+05, 7.064390295552548e-03, 8.222462117087373e+01, 5.989432351076874e-01, 4.677045935977418e-03
1372, 5.654134703251323e-02, 1.794291160275920e-02, 1.979664889717238e+00, 3.970209128719492e-01, -1.463971564666035e+00, 3.014108999999999e+05, 7.014384643228289e-03, 9.747048636231882e+01, 5.989405547312816e-01, 3.450786221510271e-03
1373, 5.722622109990502e-02, 1.794291160280834e-02, 1.900293729755968e+00, 3.590833864057506e-01, -1.525629904603527e+00, 3.014109000000000e+05, 6.640595469152328e-03, 1.303579578665262e+02, 5.987681905383969e-01, 2.612196171850086e-03
1374, 5.781602620648694e-02, 1.794291160285066e-02, 1.835982339974765e+00, 3.140670504550817e-01, -1.575841696867289e+00, 3.014108999999999e+05, 5.523787015333463e-03, 1.979287829083701e+02, 5.984515403608105e-01, 2.053595773957567e-03
1375, 5.831453267769687e-02, 1.794291160288643e-02, 1.786767743538403e+00, 2.643884493304225e-01, -1.604162020875496e+00, 3.014108999999998e+05, 3.974585605880944e-03, 3.371362472370193e+02, 5.980115690067516e-01, 1.698456769146534e-03
1376, 5.872924497788321e-02, 1.794291160291619e-02, 1.751374802767803e+00, 2.123740998753356e-01, -1.597753882158336e+00, 3.014108999999998e+05, 2.735235723587494e-03, 6.221644784050047e+02, 5.975239450907925e-01, 1.488437044225136e-03
1377, 5.906972122022755e-02, 1.794291160294062e-02, 1.728331632165765e+00, 1.603756141333538e-01, -1.545739785706170e+00, 3.014108999999998e+05, 1.795663360246823e-03, 1.247493727315762e+03, 5.970965380714160e-01, 1.375664679998611e-03
1378, 5.934623182064047e-02, 1.794291160296046e-02, 1.714813186775323e+00, 1.109492607837488e-01, -1.437656071142971e+00, 3.014109000000000e+05, 1.005917324937928e-03, 2.836906020425548e+03, 5.967981954425171e-01, 1.322940818640388e-03
1379, 5.956882081690435e-02, 1.794291160297644e-02, 1.706804224942882e+00, 6.659437603100268e-02, -1.254016532852839e+00, 3.014109000000000e+05, 4.029372904132533e-04, 7.466247507249640e+03, 5.966501994488139e-01, 1.303753177588730e-03
1380, 5.974673368005792e-02, 1.794291160298920e-02, 1.705726756936376e+00, 3.077028188631433e-02, -9.619490629374489e-01, 3.014109000000000e+05, 9.066772889480640e-05, 2.340635819265336e+04, 5.966708807136371e-01, 1.300653658467268e-03
1381, 5.988813090430056e-02, 1.794291160299935e-02, 1.703720884486310e+00, 5.579623324047277e-03, -5.372615909102121e-01, 3.014109000000000e+05, 7.704837981174246e-06, 1.023711224491468e+05, 5.967658953764154e-01, 1.302851167142351e-03
1382, 4.511186909569984e-02, 1.851704918620617e-02, 2.625508677694635e+00, 7.235519680647705e-05, 8.345269271073924e-03, 3.014109000000000e+05, 4.526155012468803e-08, 1.026460317059066e+05, 5.822427722312317e-01, 8.929080104592731e-02
1383, 4.525326631994309e-02, 1.851704918621884e-02, 2.625429333355543e+00, 4.644757768454735e-04, 1.559285436139647e-02, 3.014109000000000e+05, 6.157468137238012e-07, 2.391442169756643e+04, 5.823038885723366e-01, 8.903102753989139e-02
1384, 4.543117918309755e-02, 1.851704918623479e-02, 2.625281937857789e+00, 1.509762647311200e-03, 1.923844066109671e-02, 3.014109000000000e+05, 3.919299001686975e-06, 8.158713497713981e+03, 5.824529840804634e-01, 8.840911892065009e-02
1385, 4.565376817936278e-02, 1.851704918625474e-02, 2.624963781685154e+00, 3.987366744179166e-03, 1.501097578385998e-02, 3.014109000000000e+05, 1.693893554924773e-05, 3.492786280178223e+03, 5.827629412883027e-01, 8.716400406105068e-02
1386, 4.593027877977769e-02, 1.851704918627953e-02, 2.624528587666316e+00, 9.465921698884324e-03, -4.318148164165011e-03, 3.014109000000000e+05, 5.918550453728534e-05, 1.804694417860960e+03, 5.833583499256325e-01, 8.490744520350998e-02
1387, 4.627075502212442e-02, 1.851704918631005e-02, 2.624381746581677e+00, 2.093565806792464e-02, -5.066023744015318e-02, 3.014109000000000e+05, 1.826133650536824e-04, 1.191376362728226e+03, 5.844246894779871e-01, 8.115886152522919e-02
1388, 4.668546732231383e-02, 1.851704918634723e-02, 2.625607407099011e+00, 4.329067970882160e-02, -1.406311234443118e-01, 3.014109000000000e+05, 5.011299281296818e-04, 1.052338014372911e+03, 5.861843737308553e-01, 7.541590175268700e-02
1389, 4.718397379352805e-02, 1.851704918639191e-02, 2.628634439135623e+00, 8.234237360322305e-02, -2.873603241911929e-01, 3.014109000000000e+05, 1.109924317463429e-03, 1.064506906343394e+03, 5.887255873180155e-01, 6.738751070645504e-02
1390, 4.777377890011557e-02, 1.851704918644478e-02, 2.629765804679254e+00, 1.407489461113032e-01, -4.836985301417868e-01, 3.014109000000000e+05, 1.866698092127506e-03, 9.930618725522735e+02, 5.916929043758473e-01, 5.735222771822364e-02
1391, 4.845865296751397e-02, 1.851704918650617e-02, 2.621230517801415e+00, 2.129553125841356e-01, -6.953201982252318e-01, 3.014109000000000e+05, 2.484921355565113e-03, 8.026522819082975e+02, 5.942786864564390e-01, 4.632328603344514e-02
1392, 4.923683328541497e-02, 1.851704918657593e-02, 2.596643877157389e+00, 2.853506410938228e-01, -8.790702380356882e-01, 3.014109000000000e+05, 2.889366520476257e-03, 5.728999669277902e+02, 5.958384085514493e-01, 3.567568806091716e-02
1393, 5.009950913791339e-02, 1.851704918665326e-02, 2.555580134642946e+00, 3.438435805185373e-01, -1.010615504670427e+00, 3.014109000000000e+05, 3.242525070107579e-03, 3.723986450380854e+02, 5.964930099178444e-01, 2.647432272299622e-02
1394, 5.103011681556530e-02, 1.851704918673668e-02, 2.501796653974323e+00, 3.821163008981187e-01, -1.094950867316448e+00, 3.014109000000000e+05, 3.766907284868348e-03, 2.298998141094021e+02, 5.968902163040113e-01, 1.914635491180648e-02
1395, 5.200492176989861e-02, 1.851704918682406e-02, 2.437937804871471e+00, 4.025132406583077e-01, -1.153909402900011e+00, 3.014109000000000e+05, 4.652367940516933e-03, 1.430488963445419e+02, 5.974622469936381e-01, 1.363362514899909e-02
1396, 5.299507823015604e-02, 1.851704918691282e-02, 2.364140313469507e+00, 4.102347018478131e-01, -1.206754203061082e+00, 3.014109000000000e+05, 5.849837267183965e-03, 9.699027812340442e+01, 5.981372030447604e-01, 9.661757505252735e-03
1397, 5.396988318448315e-02, 1.851704918700020e-02, 2.282109072448983e+00, 4.083182002887225e-01, -1.262050676797631e+00, 3.014108999999998e+05, 6.423153436632164e-03, 7.629763448947169e+01, 5.986834149908912e-01, 6.871780092062300e-03
1398, 5.490049086212795e-02, 1.851704918708361e-02, 2.196515922289216e+00, 3.971921224906436e-01, -1.320721228566214e+00, 3.014108999999999e+05, 6.639272407649687e-03, 7.059034334430652e+01, 5.989950940324679e-01, 4.925362504051960e-03
1399, 5.576316671461895e-02, 1.851704918716094e-02, 2.113057368348855e+00, 3.765953649572108e-01, -1.380412297134624e+00, 3.014108999999999e+05, 6.696475612865300e-03, 7.541079444726088e+01, 5.990808372887925e-01, 3.571281718986908e-03
1400, 5.654134703251283e-02, 1.851704918723070e-02, 2.037387499461601e+00, 3.470256020729594e-01, -1.437832367756160e+00, 3.014109000000000e+05, 6.574979417661865e-03, 9.160955077274217e+01, 5.989966968332140e-01, 2.636014701905057e-03
1401, 5.722622109990472e-02, 1.851704918729209e-02, 1.973995571720752e+00, 3.101843044867180e-01, -1.489076440861077e+00, 3.014109000000000e+05, 6.050451008681884e-03, 1.267270497725835e+02, 5.987952343317173e-01, 2.000046212373817e-03
1402, 5.781602620648670e-02, 1.851704918734496e-02, 1.924434502540461e+00, 2.684189162182177e-01, -1.527900072474875e+00, 3.014108999999999e+05, 4.756672231082980e-03, 2.006960675931018e+02, 5.984937665486619e-01, 1.580154441189728e-03
1403, 5.831453267769671e-02, 1.851704918738965e-02, 1.887420264860014e+00, 2.239013104947556e-01, -1.543564400209943e+00, 3.014108999999999e+05, 3.395218045575729e-03, 3.544518626752838e+02, 5.981034186895143e-01, 1.317224136787320e-03
1404, 5.872924497788309e-02, 1.851704918742682e-02, 1.861347085338935e+00, 1.783363683954995e-01, -1.523140682113184e+00, 3.014108999999999e+05, 2.377154310105990e-03, 6.649749040997845e+02, 5.976906419612026e-01, 1.164725333331460e-03
1405, 5.906972122022748e-02, 1.851704918745735e-02, 1.844754920999400e+00, 1.334222561647285e-01, -1.456798700218929e+00, 3.014108999999999e+05, 1.575922414137262e-03, 1.329548277890469e+03, 5.973464125153964e-01, 1.084621625946520e-03
1406, 5.934623182064043e-02, 1.851704918748213e-02, 1.835177037975284e+00, 9.120490984744196e-02, -1.336034740109395e+00, 3.014109000000000e+05, 8.673961545126679e-04, 2.972201924667511e+03, 5.971220826774253e-01, 1.048207441682606e-03
1407, 5.956882081690432e-02, 1.851704918750208e-02, 1.829634784097785e+00, 5.386852347050381e-02, -1.145148493820241e+00, 3.014109000000000e+05, 3.328723778197345e-04, 7.642095164008174e+03, 5.970291358348200e-01, 1.035581322738444e-03
1408, 5.974673368005789e-02, 1.851704918751803e-02, 1.829472082832087e+00, 2.437815493549137e-02, -8.600431094114660e-01, 3.014109000000000e+05, 7.130621202454348e-05, 2.355012212569929e+04, 5.970721835577443e-01, 1.033971868120043e-03
1409, 5.988813090430055e-02, 1.851704918753070e-02, 1.828682041245463e+00, 4.360432162444711e-03, -4.694576196299379e-01, 3.014109000000000e+05, 5.895627694108091e-06, 1.024402500276957e+05, 5.971657030977227e-01, 1.035733199977035e-03
1410, 4.511186909569982e-02, 1.915497983972535e-02, 2.623739994422243e+00, 8.845132761328481e-05, 7.319333050846913e-03, 3.014109000000000e+05, 5.232322478370630e-08, 1.026490448926631e+05, 5.863578977726830e-01, 7.026845740723266e-02
1411, 4.525326631994309e-02, 1.915497983974187e-02, 2.623653087819113e+00, 5.701516360280136e-04, 1.284068264629830e-02, 3.014109000000000e+05, 7.118924623094485e-07, 2.392237154118107e+04, 5.864139514956057e-01, 7.004468528289440e-02
1412, 4.543117918309751e-02, 1.915497983976265e-02, 2.623525231679661e+00, 1.859937382519645e-03, 1.367504242860516e-02, 3.014109000000000e+05, 4.533363172533668e-06, 8.174146273336696e+03, 5.865502682263393e-01, 6.951045056013035e-02
1413, 4.565376817936272e-02, 1.915497983978865e-02, 2.623251487661432e+00, 4.879458522479756e-03, 4.862084768288965e-03, 3.014109000000000e+05, 1.962404790335135e-05, 3.520630203520016e+03, 5.868329100461054e-01, 6.844469649144534e-02
1414, 4.593027877977760e-02, 1.915497983982094e-02, 2.622935155534506e+00, 1.137403350748588e-02, -2.185592401133009e-02, 3.014109000000000e+05, 6.875784726774946e-05, 1.852787055331677e+03, 5.873739440743000e-01, 6.652636857286535e-02
1415, 4.627075502212430e-02, 1.915497983986071e-02, 2.623067532694597e+00, 2.448336155224940e-02, -7.943933182028097e-02, 3.014109000000000e+05, 2.113465443392363e-04, 1.262376000950451e+03, 5.883353646527671e-01, 6.337430834654392e-02
1416, 4.668546732231364e-02, 1.915497983990915e-02, 2.624650450216566e+00, 4.897185268720459e-02, -1.842893809359677e-01, 3.014109000000000e+05, 5.664085676121800e-04, 1.127832472651263e+03, 5.898963655147247e-01, 5.859589056846510e-02
1417, 4.718397379352781e-02, 1.915497983996737e-02, 2.627420923575613e+00, 8.972857258017457e-02, -3.459168604632004e-01, 3.014109000000000e+05, 1.195240362650393e-03, 1.106960964270358e+03, 5.920684359624526e-01, 5.201085803147274e-02
1418, 4.777377890011523e-02, 1.915497984003626e-02, 2.626811903979085e+00, 1.474728759625496e-01, -5.502901641400658e-01, 3.014109000000001e+05, 1.915100797002292e-03, 9.858284325914507e+02, 5.944396804339337e-01, 4.392678159363428e-02
1419, 4.845865296751352e-02, 1.915497984011626e-02, 2.615430627348831e+00, 2.147246874067947e-01, -7.579544725863444e-01, 3.014109000000001e+05, 2.468432360181020e-03, 7.615084416755925e+02, 5.962825558681383e-01, 3.521412601038142e-02
1420, 4.923683328541441e-02, 1.915497984020715e-02, 2.588866557969983e+00, 2.778324600405532e-01, -9.272854129681951e-01, 3.014109000000001e+05, 2.838916632236171e-03, 5.214756679824633e+02, 5.971777196438932e-01, 2.694848208539346e-02
1421, 5.009950913791270e-02, 1.915497984030791e-02, 2.548626083883303e+00, 3.251386092927027e-01, -1.040987893777489e+00, 3.014108999999999e+05, 3.200909614273230e-03, 3.272878460470506e+02, 5.974263333345985e-01, 1.989710978607775e-02
1422, 5.103011681556448e-02, 1.915497984041660e-02, 2.498687420680334e+00, 3.534850984656039e-01, -1.110752682254614e+00, 3.014109000000000e+05, 3.747844191179131e-03, 1.969405373915709e+02, 5.976489722442009e-01, 1.432973226668557e-02
1423, 5.200492176989768e-02, 1.915497984053045e-02, 2.440598688676849e+00, 3.667943557720187e-01, -1.160406630590534e+00, 3.014108999999999e+05, 4.618000918162897e-03, 1.213680486019996e+02, 5.981139240905088e-01, 1.017055429033700e-02
1424, 5.299507823015512e-02, 1.915497984064610e-02, 2.374061830267023e+00, 3.698609517841195e-01, -1.207160470856947e+00, 3.014108999999999e+05, 5.692964542917705e-03, 8.322291785667930e+01, 5.986460076813203e-01, 7.193677804044888e-03
1425, 5.396988318448234e-02, 1.915497984075996e-02, 2.301193371688206e+00, 3.646958897057613e-01, -1.256869429920538e+00, 3.014108999999998e+05, 6.148816526361213e-03, 6.704090931702736e+01, 5.990259374752809e-01, 5.110874517824816e-03
1426, 5.490049086212726e-02, 1.915497984086866e-02, 2.226832551953930e+00, 3.512766346083532e-01, -1.308984629056826e+00, 3.014108999999999e+05, 6.317815449277042e-03, 6.357105287220516e+01, 5.991904275026447e-01, 3.661289068712229e-03
1427, 5.576316671461838e-02, 1.915497984096941e-02, 2.156343070490409e+00, 3.295371643094281e-01, -1.360804956775922e+00, 3.014109000000000e+05, 6.331847136617697e-03, 6.955134451673727e+01, 5.991736997615686e-01, 2.655349474379796e-03
1428, 5.654134703251237e-02, 1.915497984106030e-02, 2.094546387121326e+00, 3.004208626627899e-01, -1.409329572856961e+00, 3.014108999999999e+05, 6.127924811601263e-03, 8.694545864246012e+01, 5.990394076707425e-01, 1.962907682746314e-03
1429, 5.722622109990438e-02, 1.915497984114029e-02, 2.044584143068720e+00, 2.659096982347268e-01, -1.451123939674111e+00, 3.014108999999998e+05, 5.425371575271251e-03, 1.249534572879958e+02, 5.988343980633903e-01, 1.494531428903903e-03
1430, 5.781602620648647e-02, 1.915497984120919e-02, 2.006560080905299e+00, 2.282547800937612e-01, -1.479954477020191e+00, 3.014108999999999e+05, 4.108950079904507e-03, 2.065946605329063e+02, 5.985615701432859e-01, 1.188391129927155e-03
1431, 5.831453267769654e-02, 1.915497984126741e-02, 1.978508034315589e+00, 1.891517310753655e-01, -1.484418272434180e+00, 3.014108999999999e+05, 2.951522412959645e-03, 3.764718285449378e+02, 5.982191019152046e-01, 9.999255000870302e-04
1432, 5.872924497788297e-02, 1.915497984131585e-02, 1.959016340135378e+00, 1.496722078596103e-01, -1.451314687031434e+00, 3.014108999999999e+05, 2.108688567614253e-03, 7.130606684669737e+02, 5.978668166972704e-01, 8.928890730175101e-04
1433, 5.906972122022740e-02, 1.915497984135561e-02, 1.946814389983931e+00, 1.110483887607800e-01, -1.371969252131988e+00, 3.014109000000000e+05, 1.403312598856217e-03, 1.413653893170954e+03, 5.975843362591516e-01, 8.380828167359578e-04
1434, 5.934623182064037e-02, 1.915497984138791e-02, 1.939892163486999e+00, 7.502761417511582e-02, -1.240152643122867e+00, 3.014109000000000e+05, 7.537115988183598e-04, 3.097990922756626e+03, 5.974130041469606e-01, 8.140637148598911e-04
1435, 5.956882081690429e-02, 1.915497984141391e-02, 1.936055945272510e+00, 4.360967729950719e-02, -1.044298650851021e+00, 3.014109000000000e+05, 2.765466943200277e-04, 7.788681807662268e+03, 5.973577065693420e-01, 8.063313987676600e-04
1436, 5.974673368005790e-02, 1.915497984143469e-02, 1.936472378049014e+00, 1.934658002579378e-02, -7.683369802002910e-01, 3.014109000000000e+05, 5.664059177435515e-05, 2.365791073974998e+04, 5.974123799925785e-01, 8.058142397652017e-04
1437, 5.988813090430056e-02, 1.915497984145120e-02, 1.936358903623003e+00, 3.418435861318882e-03, -4.106635160869102e-01, 3.014109000000000e+05, 4.578814692318615e-06, 1.024901889744719e+05, 5.974993224520984e-01, 8.072673678623331e-04
1438, 4.511186909569982e-02, 1.986379166935645e-02, 2.621448042541553e+00, 1.096863005093602e-04, 5.904949601171754e-03, 3.014109000000000e+05, 6.145111695834269e-08, 1.026531020241536e+05, 5.900628075108930e-01, 5.321468888086549e-02
1439, 4.525326631994305e-02, 1.986379166937555e-02, 2.621353665629669e+00, 7.042683817473909e-04, 9.068564268937249e-03, 3.014109000000000e+05, 8.361499373231232e-07, 2.393247621238089e+04, 5.901135787245133e-01, 5.302648408464318e-02
1440, 4.543117918309748e-02, 1.986379166939958e-02, 2.621246335417176e+00, 2.269469508863463e-03, 6.123420768982910e-03, 3.014109000000000e+05, 5.326445444968577e-06, 8.192786303824023e+03, 5.902366387213122e-01, 5.257885798857363e-02
1441, 4.565376817936267e-02, 1.986379166942965e-02, 2.621027256147899e+00, 5.864020008657959e-03, -8.621650279421130e-03, 3.014109000000000e+05, 2.308438595584556e-05, 3.553695675480262e+03, 5.904911220997824e-01, 5.169034649040650e-02
1442, 4.593027877977748e-02, 1.986379166946699e-02, 2.620859086747294e+00, 1.339358553438610e-02, -4.443211144572640e-02, 3.014109000000000e+05, 8.069160200047015e-05, 1.907466268052302e+03, 5.909731238125779e-01, 5.011879099635871e-02
1443, 4.627075502212415e-02, 1.986379166951298e-02, 2.621294885360621e+00, 2.808534212968070e-02, -1.150631025154300e-01, 3.014109000000000e+05, 2.461514467751958e-04, 1.338354507466328e+03, 5.918234193967541e-01, 4.755893875676527e-02
1444, 4.668546732231346e-02, 1.986379166956899e-02, 2.623147570395631e+00, 5.441219806477652e-02, -2.358818849539746e-01, 3.014109000000000e+05, 6.393261258024414e-04, 1.199085990226834e+03, 5.931724253971609e-01, 4.372896944044780e-02
1445, 4.718397379352753e-02, 1.986379166963633e-02, 2.625376992273796e+00, 9.611193865897630e-02, -4.115114865093357e-01, 3.014109000000000e+05, 1.279437806911539e-03, 1.135295139233470e+03, 5.949580872069548e-01, 3.854277361645982e-02
1446, 4.777377890011486e-02, 1.986379166971599e-02, 2.622764640654605e+00, 1.519280514655601e-01, -6.205479706828818e-01, 3.014109000000000e+05, 1.954647065998425e-03, 9.634517492757343e+02, 5.967370652216595e-01, 3.230670640356972e-02
1447, 4.845865296751302e-02, 1.986379166980850e-02, 2.608730822159926e+00, 2.129000584877495e-01, -8.197568199055554e-01, 3.014109000000001e+05, 2.448986810595062e-03, 7.101708338963053e+02, 5.978957435379449e-01, 2.572388398958973e-02
1448, 4.923683328541376e-02, 1.986379166991360e-02, 2.580960684080404e+00, 2.660858136890800e-01, -9.713519028461740e-01, 3.014109000000000e+05, 2.799125530932348e-03, 4.660587917123149e+02, 5.982367762654669e-01, 1.958388872366994e-02
1449, 5.009950913791191e-02, 1.986379167003013e-02, 2.542473653193853e+00, 3.026767047904468e-01, -1.066343031007556e+00, 3.014109000000001e+05, 3.178349265582729e-03, 2.822988542216505e+02, 5.981902239060600e-01, 1.440482678397410e-02
1450, 5.103011681556358e-02, 1.986379167015582e-02, 2.496922246232971e+00, 3.223568632187486e-01, -1.122472055359333e+00, 3.014109000000000e+05, 3.742855581368762e-03, 1.659168424277091e+02, 5.982984175213416e-01, 1.034440594246576e-02
1451, 5.200492176989667e-02, 1.986379167028749e-02, 2.444703972431451e+00, 3.299310906862897e-01, -1.164017582052714e+00, 3.014108999999999e+05, 4.577035286150038e-03, 1.020009829207111e+02, 5.986655055212318e-01, 7.328765504398924e-03
1452, 5.299507823015410e-02, 1.986379167042123e-02, 2.385416665285410e+00, 3.293955722617217e-01, -1.205244470114281e+00, 3.014108999999998e+05, 5.503380258901614e-03, 7.132576207815482e+01, 5.990531678223439e-01, 5.181450322866070e-03
1453, 5.396988318448142e-02, 1.986379167055289e-02, 2.321645160281101e+00, 3.218445844278262e-01, -1.249392062268654e+00, 3.014108999999999e+05, 5.874237016792302e-03, 5.911286527552434e+01, 5.992798213443521e-01, 3.682308691144365e-03
1454, 5.490049086212648e-02, 1.986379167067859e-02, 2.258117100158516e+00, 3.070491342853046e-01, -1.294893766436497e+00, 3.014108999999999e+05, 6.002346873677990e-03, 5.758680970554207e+01, 5.993232001560528e-01, 2.639766992867171e-03
1455, 5.576316671461774e-02, 1.986379167079512e-02, 2.199586923751965e+00, 2.852173195212290e-01, -1.339071446781827e+00, 3.014108999999998e+05, 5.968920949987394e-03, 6.469778386319570e+01, 5.992347636633583e-01, 1.917112249308719e-03
1456, 5.654134703251186e-02, 1.986379167090022e-02, 2.149890262327348e+00, 2.576151571656615e-01, -1.379404555207650e+00, 3.014109000000000e+05, 5.669792718840850e-03, 8.352871177597054e+01, 5.990778756493361e-01, 1.420864819828722e-03
1457, 5.722622109990400e-02, 1.986379167099272e-02, 2.110836745173597e+00, 2.262592255632491e-01, -1.412902677750519e+00, 3.014109000000000e+05, 4.775830822512983e-03, 1.250538256430984e+02, 5.988861142491194e-01, 1.086900461751601e-03
1458, 5.781602620648619e-02, 1.986379167107239e-02, 2.081610683029195e+00, 1.931028022438062e-01, -1.433081521309894e+00, 3.014109000000000e+05, 3.581733047126136e-03, 2.155077026583003e+02, 5.986459460160956e-01, 8.711896286243148e-04
1459, 5.831453267769634e-02, 1.986379167113972e-02, 2.060136174776078e+00, 1.592888473135708e-01, -1.427485819560283e+00, 3.014109000000000e+05, 2.617397229153616e-03, 4.027982265574296e+02, 5.983456477198615e-01, 7.408316573347260e-04
1460, 5.872924497788282e-02, 1.986379167119574e-02, 2.045338680578231e+00, 1.253723216060471e-01, -1.382630302198724e+00, 3.014109000000000e+05, 1.905233856787641e-03, 7.655365825295520e+02, 5.980415383987301e-01, 6.684662752681811e-04
1461, 5.906972122022730e-02, 1.986379167124173e-02, 2.036197160219279e+00, 9.229309447450422e-02, -1.291261216417719e+00, 3.014109000000000e+05, 1.263392389973763e-03, 1.498283724259367e+03, 5.978063272256656e-01, 6.325103028018918e-04
1462, 5.934623182064032e-02, 1.986379167127908e-02, 2.031132161657453e+00, 6.163555145458083e-02, -1.149803967362945e+00, 3.014109000000000e+05, 6.581102118206092e-04, 3.213234071003484e+03, 5.976747295813643e-01, 6.174901562580031e-04
1463, 5.956882081690425e-02, 1.986379167130914e-02, 2.028509757659729e+00, 3.526547374838854e-02, -9.510203293909389e-01, 3.014109000000000e+05, 2.306605710033935e-04, 7.909429327092362e+03, 5.976458224804910e-01, 6.131814801076366e-04
1464, 5.974673368005787e-02, 1.986379167133318e-02, 2.029259333481203e+00, 1.535383416906404e-02, -6.859008491294972e-01, 3.014109000000000e+05, 4.536903122021524e-05, 2.373842580229729e+04, 5.977052179376231e-01, 6.133562777704793e-04
1465, 5.988813090430054e-02, 1.986379167135227e-02, 2.029491200374204e+00, 2.683788172436524e-03, -3.595706768695441e-01, 3.014109000000000e+05, 3.600460464489480e-06, 1.025269842402253e+05, 5.977832143249643e-01, 6.145497187012712e-04
1466, 4.511186909569981e-02, 2.065136034495836e-02, 2.618471399586799e+00, 1.372699459577015e-04, 3.919071600274827e-03, 3.014109000000000e+05, 7.266798655288215e-08, 1.026584795443022e+05, 5.932609528785207e-01, 3.852071807568657e-02
1467, 4.525326631994303e-02, 2.065136034498150e-02, 2.618374435555808e+00, 8.751158222148058e-04, 3.913803265577748e-03, 3.014109000000000e+05, 9.888303686391236e-07, 2.394555615999283e+04, 5.933062209244883e-01, 3.836859415488243e-02
1468, 4.543117918309743e-02, 2.065136034501058e-02, 2.618296706802732e+00, 2.760023690638391e-03, -3.957916015544608e-03, 3.014109000000000e+05, 6.300870493741066e-06, 8.216173766447164e+03, 5.934153975953081e-01, 3.800856000080691e-02
1469, 4.565376817936260e-02, 2.065136034504699e-02, 2.618145434121472e+00, 6.972931118803865e-03, -2.616632629650827e-02, 3.014109000000000e+05, 2.728894480651266e-05, 3.593112493010050e+03, 5.936388196583885e-01, 3.730543350846124e-02
1470, 4.593027877977740e-02, 2.065136034509220e-02, 2.618147815950129e+00, 1.553809820098949e-02, -7.289755393616963e-02, 3.014109000000000e+05, 9.528700315409242e-05, 1.969833863892476e+03, 5.940608370703112e-01, 3.607124646049340e-02
1471, 4.627075502212399e-02, 2.065136034514789e-02, 2.618877166810652e+00, 3.166968067478462e-02, -1.582681919408249e-01, 3.014109000000000e+05, 2.873373383861992e-04, 1.417369422037495e+03, 5.947963035975602e-01, 3.408363227290737e-02
1472, 4.668546732231324e-02, 2.065136034521570e-02, 2.620841891994343e+00, 5.935712489819702e-02, -2.955622945011864e-01, 3.014109000000001e+05, 7.183130861246392e-04, 1.261719531575345e+03, 5.959258238030769e-01, 3.115593381798365e-02
1473, 4.718397379352723e-02, 2.065136034529723e-02, 2.622214434399128e+00, 1.010018433552346e-01, -4.832771333275832e-01, 3.014109000000000e+05, 1.359145066191355e-03, 1.146153391654865e+03, 5.973234638254383e-01, 2.726922830728659e-02
1474, 4.777377890011443e-02, 2.065136034539368e-02, 2.617456292645995e+00, 1.534967130958788e-01, -6.926766551436424e-01, 3.014109000000000e+05, 1.985133420429782e-03, 9.249366093566764e+02, 5.985438018913521e-01, 2.269805005638906e-02
1475, 4.845865296751246e-02, 2.065136034550568e-02, 2.601214808584090e+00, 2.070207379025922e-01, -8.787394371114977e-01, 3.014109000000000e+05, 2.430030165160340e-03, 6.495627009223178e+02, 5.991119265428744e-01, 1.797155130721619e-02
1476, 4.923683328541307e-02, 2.065136034563295e-02, 2.573214404734631e+00, 2.500835134562680e-01, -1.009922734987009e+00, 3.014109000000000e+05, 2.773914637408327e-03, 4.081137416345711e+02, 5.990308226803350e-01, 1.363084228182911e-02
1477, 5.009950913791104e-02, 2.065136034577402e-02, 2.537401092164282e+00, 2.769099440653681e-01, -1.086259168312794e+00, 3.014109000000000e+05, 3.175525395957125e-03, 2.387255148253949e+02, 5.987988390933175e-01, 1.000318903102184e-02
1478, 5.103011681556256e-02, 2.065136034592621e-02, 2.496592689405674e+00, 2.894596398214726e-01, -1.130263473703223e+00, 3.014109000000000e+05, 3.747488327202073e-03, 1.378000970601850e+02, 5.988390546068293e-01, 7.174214250351117e-03
1479, 5.200492176989553e-02, 2.065136034608563e-02, 2.450181165795262e+00, 2.926915230151408e-01, -1.164990416318621e+00, 3.014109000000000e+05, 4.523685534030785e-03, 8.533455549838827e+01, 5.991111221100006e-01, 5.082751719972292e-03
1480, 5.299507823015297e-02, 2.065136034624756e-02, 2.398007700078904e+00, 2.895605374463616e-01, -1.201187209212336e+00, 3.014109000000000e+05, 5.297860704421575e-03, 6.133368557697406e+01, 5.993586880213823e-01, 3.598154788348040e-03
1481, 5.396988318448043e-02, 2.065136034640697e-02, 2.343061970584922e+00, 2.804545083266639e-01, -1.239854336739636e+00, 3.014109000000000e+05, 5.603373606612835e-03, 5.249119479135128e+01, 5.994533069982829e-01, 2.561670277990962e-03
1482, 5.490049086212563e-02, 2.065136034655916e-02, 2.289687711189048e+00, 2.651430731535603e-01, -1.278892842376440e+00, 3.014108999999999e+05, 5.692315596870333e-03, 5.262713116721332e+01, 5.994056967076637e-01, 1.840060606427446e-03
1483, 5.576316671461704e-02, 2.065136034670024e-02, 2.241848348087771e+00, 2.441113878110340e-01, -1.315928882188870e+00, 3.014109000000000e+05, 5.605337676340466e-03, 6.084713218472570e+01, 5.992746685765491e-01, 1.339671741690232e-03
1484, 5.654134703251131e-02, 2.065136034682750e-02, 2.202354482757074e+00, 2.187867566213536e-01, -1.348994937159414e+00, 3.014108999999998e+05, 5.195779875881949e-03, 8.134288305134496e+01, 5.991157992479108e-01, 9.965423284756364e-04
1485, 5.722622109990358e-02, 2.065136034693950e-02, 2.171943987164373e+00, 1.910424659690769e-01, -1.375396757923909e+00, 3.014108999999998e+05, 4.226325167078220e-03, 1.269539712264473e+02, 5.989462919943145e-01, 7.669224134756700e-04
1486, 5.781602620648588e-02, 2.065136034703596e-02, 2.149342279088276e+00, 1.624259951314859e-01, -1.388087567587419e+00, 3.014108999999999e+05, 3.177492717208883e-03, 2.271764792437406e+02, 5.987378444246817e-01, 6.206299616967903e-04
1487, 5.831453267769612e-02, 2.065136034711748e-02, 2.132736582452299e+00, 1.335608236253983e-01, -1.373286221054067e+00, 3.014109000000000e+05, 2.369419713328968e-03, 4.329206096504550e+02, 5.984741666919191e-01, 5.339458674090976e-04
1488, 5.872924497788267e-02, 2.065136034718530e-02, 2.121330711057925e+00, 1.046454732118234e-01, -1.317330050787772e+00, 3.014109000000000e+05, 1.748020953976047e-03, 8.214659722721016e+02, 5.982094961083408e-01, 4.870295338088114e-04
1489, 5.906972122022719e-02, 2.065136034724098e-02, 2.114372457280620e+00, 7.645107177481852e-02, -1.214737185815454e+00, 3.014109000000000e+05, 1.146132621678383e-03, 1.582004999814332e+03, 5.980121699869005e-01, 4.645535132979438e-04
1490, 5.934623182064025e-02, 2.065136034728620e-02, 2.110642626886439e+00, 5.046841376401837e-02, -1.064950374412106e+00, 3.014109000000000e+05, 5.761362864400728e-04, 3.317253925731699e+03, 5.979114762492462e-01, 4.557554628977671e-04
1491, 5.956882081690422e-02, 2.065136034732260e-02, 2.108893593050052e+00, 2.843635338325930e-02, -8.650621889634267e-01, 3.014109000000000e+05, 1.929264844056246e-04, 8.007656413883191e+03, 5.979010754792524e-01, 4.536822724033194e-04
1492, 5.974673368005784e-02, 2.065136034735170e-02, 2.109801170604314e+00, 1.216602022332556e-02, -6.120014651978792e-01, 3.014109000000000e+05, 3.660273376646514e-05, 2.379842287407647e+04, 5.979605884495930e-01, 4.542197478093250e-04
1493, 5.988813090430053e-02, 2.065136034737482e-02, 2.110178900970844e+00, 2.106663935606510e-03, -3.151455782191849e-01, 3.014109000000000e+05, 2.861056884542270e-06, 1.025546398890332e+05, 5.980287460094331e-01, 4.551767894873802e-04
1494, 4.511186909569980e-02, 2.152643664526119e-02, 2.614654890096073e+00, 1.700042619773669e-04, 1.129493453774569e-03, 3.014109000000000e+05, 8.638982478509236e-08, 1.026649799598125e+05, 5.958851732964243e-01, 2.645877265846432e-02
1495, 4.525326631994300e-02, 2.152643664528905e-02, 2.614562306281913e+00, 1.075971124816448e-03, -3.083860496215803e-03, 3.014109000000000e+05, 1.175596380771259e-06, 2.396135139077060e+04, 5.959249715453019e-01, 2.634232560694330e-02
1496, 4.543117918309740e-02, 2.152643664532410e-02, 2.614527755256691e+00, 3.314449853887806e-03, -1.722695418118609e-02, 3.014109000000000e+05, 7.489557147316857e-06, 8.244027406760613e+03, 5.960197741330175e-01, 2.607049294286070e-02
1497, 4.565376817936253e-02, 2.152643664536795e-02, 2.614458378806882e+00, 8.164438938356328e-03, -4.856737972804462e-02, 3.014109000000000e+05, 3.243871181888545e-05, 3.639053747565711e+03, 5.962129654080247e-01, 2.554309414539517e-02
1498, 4.593027877977728e-02, 2.152643664542242e-02, 2.614640775011083e+00, 1.770542810724358e-02, -1.080310665504765e-01, 3.014109000000000e+05, 1.130072963829415e-04, 2.038463420220330e+03, 5.965758670346112e-01, 2.462550558292296e-02
1499, 4.627075502212382e-02, 2.152643664548950e-02, 2.615611276816131e+00, 3.500970712808869e-02, -2.094704242200831e-01, 3.014109000000000e+05, 3.352061166215150e-04, 1.495182579437317e+03, 5.971967440818930e-01, 2.316669325794280e-02
1500, 4.668546732231299e-02, 2.152643664557120e-02, 2.617473520249332e+00, 6.339057825410589e-02, -3.628776919196658e-01, 3.014109000000000e+05, 8.014120668751406e-04, 1.310638973499643e+03, 5.981082572818319e-01, 2.105454081823969e-02
1501, 4.718397379352686e-02, 2.152643664566940e-02, 2.617701314275050e+00, 1.038177238461999e-01, -5.596201112221703e-01, 3.014109000000000e+05, 1.431345832508704e-03, 1.136959955168468e+03, 5.991352230362320e-01, 1.830860418145678e-02
1502, 4.777377890011397e-02, 2.152643664578559e-02, 2.610840030191326e+00, 1.516334412776033e-01, -7.643679662823184e-01, 3.014109000000000e+05, 2.007847759440728e-03, 8.704387911708791e+02, 5.998592234787046e-01, 1.514998269882733e-02
1503, 4.845865296751185e-02, 2.152643664592052e-02, 2.593084861227954e+00, 1.968835481172701e-01, -9.328574854732735e-01, 3.014109000000000e+05, 2.415968958371769e-03, 5.814766726485059e+02, 5.999560992454031e-01, 1.194665911857871e-02
1504, 4.923683328541228e-02, 2.152643664607383e-02, 2.565938669545485e+00, 2.301498023900620e-01, -1.041986963224048e+00, 3.014109000000000e+05, 2.766770163992007e-03, 3.496654240524149e+02, 5.995917509763893e-01, 9.043176947032362e-03
1505, 5.009950913791011e-02, 2.152643664624378e-02, 2.533582841832903e+00, 2.485849295795382e-01, -1.100744883696231e+00, 3.014109000000000e+05, 3.191348509906137e-03, 1.982176890031408e+02, 5.992704667125451e-01, 6.633041673786751e-03
1506, 5.103011681556145e-02, 2.152643664642711e-02, 2.497638332250174e+00, 2.556667184454016e-01, -1.134559030019954e+00, 3.014109000000000e+05, 3.756153349597339e-03, 1.133583377087113e+02, 5.992719770155422e-01, 4.760153851261100e-03
1507, 5.200492176989428e-02, 2.152643664661916e-02, 2.456838115826854e+00, 2.558615348752398e-01, -1.163695119135305e+00, 3.014109000000000e+05, 4.453820001355064e-03, 7.146172933039766e+01, 5.994491204679420e-01, 3.379576139527922e-03
1508, 5.299507823015172e-02, 2.152643664681422e-02, 2.411552825853040e+00, 2.510338704766540e-01, -1.195257766252938e+00, 3.014108999999998e+05, 5.089992935819013e-03, 5.316606130913337e+01, 5.995688503264548e-01, 2.400084361653774e-03
1509, 5.396988318447932e-02, 2.152643664700626e-02, 2.364977668881748e+00, 2.411272366873494e-01, -1.228602023224821e+00, 3.014108999999998e+05, 5.337402295066916e-03, 4.709636250542824e+01, 5.995586560849768e-01, 1.714407121247473e-03
1510, 5.490049086212469e-02, 2.152643664718960e-02, 2.320851631385416e+00, 2.260490686170631e-01, -1.261529887487520e+00, 3.014108999999998e+05, 5.385914582296204e-03, 4.863710244684330e+01, 5.994502405420992e-01, 1.235484984470684e-03
1511, 5.576316671461625e-02, 2.152643664735954e-02, 2.282296603502931e+00, 2.065067403347927e-01, -1.292130206833015e+00, 3.014108999999999e+05, 5.238259807265598e-03, 5.794646929741885e+01, 5.993010002102157e-01, 9.027566712702318e-04
1512, 5.654134703251071e-02, 2.152643664751285e-02, 2.251146642900649e+00, 1.839309120934240e-01, -1.318952052477692e+00, 3.014108999999999e+05, 4.692870982853165e-03, 8.030297608386080e+01, 5.991534195517747e-01, 6.747466272265254e-04
1513, 5.722622109990311e-02, 2.152643664764778e-02, 2.227450675820551e+00, 1.599449515682199e-01, -1.339405943780976e+00, 3.014108999999999e+05, 3.779111684007908e-03, 1.304750300888025e+02, 5.990093554041578e-01, 5.232404283902942e-04
1514, 5.781602620648554e-02, 2.152643664776397e-02, 2.209851623433867e+00, 1.356705841954514e-01, -1.345564766289676e+00, 3.014109000000000e+05, 2.874359006314392e-03, 2.412377014528368e+02, 5.988304682335959e-01, 4.281666708448978e-04
1515, 5.831453267769587e-02, 2.152643664786218e-02, 2.196888236972073e+00, 1.113201714716261e-01, -1.322195658543340e+00, 3.014108999999999e+05, 2.184882461074570e-03, 4.662263645161474e+02, 5.985994543614064e-01, 3.730009928531955e-04
1516, 5.872924497788251e-02, 2.152643664794388e-02, 2.187972118663159e+00, 8.686852422007642e-02, -1.255635575823378e+00, 3.014109000000000e+05, 1.622719026821692e-03, 8.798521879784998e+02, 5.983687432081245e-01, 3.439987414454273e-04
1517, 5.906972122022708e-02, 2.152643664801096e-02, 2.182605896652261e+00, 6.299123224359984e-02, -1.142546696955254e+00, 3.014109000000000e+05, 1.044666836765698e-03, 1.663492974194299e+03, 5.982031467207271e-01, 3.307290227333642e-04
1518, 5.934623182064017e-02, 2.152643664806543e-02, 2.179855685740054e+00, 4.110915686860657e-02, -9.856848003908688e-01, 3.014109000000000e+05, 5.048694540675552e-04, 3.409751065762145e+03, 5.981269918474713e-01, 3.259986887615696e-04
1519, 5.956882081690417e-02, 2.152643664810928e-02, 2.178733898012445e+00, 2.282292789719356e-02, -7.862936264540440e-01, 3.014109000000000e+05, 1.617127363642821e-04, 8.086586737768669e+03, 5.981292252848774e-01, 3.252656715089728e-04
1520, 5.974673368005782e-02, 2.152643664814433e-02, 2.179678969546895e+00, 9.608355143190719e-03, -5.460419143468231e-01, 3.014109000000000e+05, 2.972037241906568e-05, 2.384315996055604e+04, 5.981857891301023e-01, 3.259282043883687e-04
1521, 5.988813090430053e-02, 2.152643664817218e-02, 2.180088818821271e+00, 1.650360038161212e-03, -2.765602166697961e-01, 3.014109000000000e+05, 2.294391193182293e-06, 1.025758974033944e+05, 5.982440757725790e-01, 3.266693944929909e-04
1522, 4.511186909569979e-02, 2.249874367336391e-02, 2.609868387195457e+00, 2.050050332324869e-04, -2.710015247466676e-03, 3.014109000000000e+05, 1.031556753427418e-07, 1.026720957395942e+05, 5.979139882790880e-01, 1.711384704825698e-02
1523, 4.525326631994298e-02, 2.249874367339915e-02, 2.609787277538619e+00, 1.289470360909554e-03, -1.240694268206941e-02, 3.014109000000000e+05, 1.403721276199587e-06, 2.397882546603167e+04, 5.979486864004562e-01, 1.703085384384767e-02
1524, 4.543117918309735e-02, 2.249874367344349e-02, 2.609809390522913e+00, 3.886173325239924e-03, -3.434469403816282e-02, 3.014109000000000e+05, 8.943384281329379e-06, 8.275176986979848e+03, 5.980305961302167e-01, 1.683812226459033e-02
1525, 4.565376817936245e-02, 2.249874367349897e-02, 2.609833080012224e+00, 9.337825831574345e-03, -7.653707267945530e-02, 3.014109000000000e+05, 3.872792593607235e-05, 3.689818577288201e+03, 5.981961216689278e-01, 1.646701612476192e-02
1526, 4.593027877977715e-02, 2.249874367356788e-02, 2.610186288022095e+00, 1.969974957708883e-02, -1.503449144732305e-01, 3.014109000000000e+05, 1.343224528367804e-04, 2.109870069730546e+03, 5.985035980279388e-01, 1.582823650445763e-02
1527, 4.627075502212362e-02, 2.249874367365274e-02, 2.611302703074677e+00, 3.776243885817746e-02, -2.685533994293811e-01, 3.014109000000000e+05, 3.897141148508858e-04, 1.566168559699290e+03, 5.990151518973972e-01, 1.482712206739262e-02
1528, 4.668546732231274e-02, 2.249874367375610e-02, 2.612827514095989e+00, 6.600744452370118e-02, -4.366255328560855e-01, 3.014109000000000e+05, 8.861346730217111e-04, 1.341005623732485e+03, 5.997202788197727e-01, 1.340373562372017e-02
1529, 4.718397379352651e-02, 2.249874367388034e-02, 2.611715143220980e+00, 1.040037083153573e-01, -6.382482366321793e-01, 3.014109000000000e+05, 1.494148144983684e-03, 1.106547916529585e+03, 6.004120428640305e-01, 1.159177784360428e-02
1530, 4.777377890011344e-02, 2.249874367402733e-02, 2.603021649551409e+00, 1.459989455912596e-01, -8.330128889617668e-01, 3.014108999999999e+05, 2.025571329065009e-03, 8.017249601888219e+02, 6.007239278561355e-01, 9.550915183395150e-03
1531, 4.845865296751115e-02, 2.249874367419802e-02, 2.584651840044116e+00, 1.826426006912365e-01, -9.802897327574517e-01, 3.014109000000000e+05, 2.411624151630474e-03, 5.088743018009476e+02, 6.004806382148734e-01, 7.515843843437977e-03
1532, 4.923683328541140e-02, 2.249874367439197e-02, 2.559419988503013e+00, 2.069800758737200e-01, -1.067056170227294e+00, 3.014109000000000e+05, 2.780069754272213e-03, 2.934552118441990e+02, 5.999626681604457e-01, 5.689600775048370e-03
1533, 5.009950913790905e-02, 2.249874367460696e-02, 2.531051634571333e+00, 2.186834716425653e-01, -1.110258277702420e+00, 3.014109000000000e+05, 3.223039911854051e-03, 1.622795822129068e+02, 5.996243461178139e-01, 4.179730650522280e-03
1534, 5.103011681556021e-02, 2.249874367483891e-02, 2.499860484910916e+00, 2.219103133881081e-01, -1.135993752826770e+00, 3.014109000000000e+05, 3.763243300048468e-03, 9.292016603353986e+01, 5.995996699093402e-01, 3.008300485928489e-03
1535, 5.200492176989287e-02, 2.249874367508185e-02, 2.464404907961406e+00, 2.201804671584693e-01, -1.160565742425515e+00, 3.014108999999999e+05, 4.365995172346421e-03, 6.027570020012126e+01, 5.996838059476274e-01, 2.145399555033487e-03
1536, 5.299507823015032e-02, 2.249874367532862e-02, 2.425708119106689e+00, 2.144070958500488e-01, -1.187792763203969e+00, 3.014108999999998e+05, 4.878133391382614e-03, 4.665884295568021e+01, 5.996957529450834e-01, 1.531476785686438e-03
1537, 5.396988318447807e-02, 2.249874367557157e-02, 2.386887091424748e+00, 2.043462701486951e-01, -1.216068000764671e+00, 3.014108999999999e+05, 5.074351079905700e-03, 4.280705280660564e+01, 5.996103204504940e-01, 1.099250892468538e-03
1538, 5.490049086212361e-02, 2.249874367580350e-02, 2.350954994304847e+00, 1.901036785870462e-01, -1.243408029444364e+00, 3.014108999999999e+05, 5.080552475926256e-03, 4.552594260026262e+01, 5.994679904814045e-01, 7.957397795030903e-04
1539, 5.576316671461538e-02, 2.249874367601850e-02, 2.320233241056851e+00, 1.725157539790207e-01, -1.268405664261935e+00, 3.014109000000000e+05, 4.865565123084950e-03, 5.590344634633498e+01, 5.993183237133926e-01, 5.841863125822423e-04
1540, 5.654134703251001e-02, 2.249874367621244e-02, 2.295759876748218e+00, 1.529044485030486e-01, -1.290005048028506e+00, 3.014109000000000e+05, 4.258659494449270e-03, 8.027169765826120e+01, 5.991892778643135e-01, 4.393137640871441e-04
1541, 5.722622109990259e-02, 2.249874367638314e-02, 2.277220844393781e+00, 1.325921377879729e-01, -1.305525555431980e+00, 3.014108999999999e+05, 3.438278763749592e-03, 1.353419957149614e+02, 5.990705356446699e-01, 3.438890072544752e-04
1542, 5.781602620648518e-02, 2.249874367653013e-02, 2.263446506472898e+00, 1.123200865198465e-01, -1.305939799656894e+00, 3.014108999999999e+05, 2.651761806289000e-03, 2.572174405714863e+02, 5.989197880996382e-01, 2.849570024180425e-04
1543, 5.831453267769560e-02, 2.249874367665437e-02, 2.253243573367500e+00, 9.202595598121006e-02, -1.274524498856253e+00, 3.014109000000000e+05, 2.045936143066235e-03, 5.019795215680527e+02, 5.987194681621542e-01, 2.515341705215140e-04
1544, 5.872924497788230e-02, 2.249874367675773e-02, 2.246186401049228e+00, 7.155095079315189e-02, -1.197804101537143e+00, 3.014109000000000e+05, 1.519074338197271e-03, 9.396287213473930e+02, 5.985195438812931e-01, 2.345601999138429e-04
1545, 5.906972122022694e-02, 2.249874367684258e-02, 2.242003101272418e+00, 5.150657348810821e-02, -1.074938038111519e+00, 3.014109000000000e+05, 9.545391135746925e-04, 1.741566727072159e+03, 5.983813195960511e-01, 2.272514342463676e-04
1546, 5.934623182064010e-02, 2.249874367691149e-02, 2.239980897277341e+00, 3.323937290919229e-02, -9.122026048416280e-01, 3.014109000000000e+05, 4.424405421619609e-04, 3.490816804960983e+03, 5.983246914095738e-01, 2.250046628469492e-04
1547, 5.956882081690412e-02, 2.249874367696697e-02, 2.239302918744460e+00, 1.819610275116773e-02, -7.146592881880057e-01, 3.014108999999999e+05, 1.358274961661924e-04, 8.149315958471177e+03, 5.983349976811898e-01, 2.249827783074843e-04
1548, 5.974673368005780e-02, 2.249874367701132e-02, 2.240206225624437e+00, 7.548734766538145e-03, -4.875233046613778e-01, 3.014109000000000e+05, 2.427987029076306e-05, 2.387669221093642e+04, 5.983866319886745e-01, 2.256198358987806e-04
1549, 5.988813090430051e-02, 2.249874367704655e-02, 2.240588925259535e+00, 1.287659957485970e-03, -2.431455526520190e-01, 3.014109000000000e+05, 1.855394551347174e-06, 1.025926351919325e+05, 5.984355176659251e-01, 2.261703176388738e-04
1550, 4.511186909569977e-02, 2.357908479984021e-02, 2.604031044761632e+00, 2.384427037060527e-04, -7.819546374831638e-03, 3.014109000000000e+05, 1.235523347372911e-07, 1.026791642046071e+05, 5.993808095048528e-01, 1.034169018652746e-02
1551, 4.525326631994295e-02, 2.357908479987994e-02, 2.603967409957979e+00, 1.491891076563723e-03, -2.446863509316655e-02, 3.014109000000000e+05, 1.681286157563781e-06, 2.399662351697607e+04, 5.994113404197318e-01, 1.028666988865289e-02
1552, 4.543117918309730e-02, 2.357908479992993e-02, 2.604055266445662e+00, 4.410319045600763e-03, -5.582810155981757e-02, 3.014109000000000e+05, 1.071139567855330e-05, 8.307759334439274e+03, 5.994824251079047e-01, 1.015983177344800e-02
1553, 4.565376817936236e-02, 2.357908479999246e-02, 2.604175140097186e+00, 1.035540766524900e-02, -1.105074044393167e-01, 3.014109000000000e+05, 4.634299262674712e-05, 3.742607835101296e+03, 5.996239473102194e-01, 9.917845776005295e-03
1554, 4.593027877977699e-02, 2.357908480007017e-02, 2.604667745909083e+00, 2.127121691658546e-02, -1.998582810033555e-01, 3.014109000000000e+05, 1.595794512462474e-04, 2.179288729012735e+03, 5.998817679141265e-01, 9.506226271346443e-03
1555, 4.627075502212341e-02, 2.357908480016584e-02, 2.605804637210107e+00, 3.953867022876937e-02, -3.346762365778807e-01, 3.014109000000000e+05, 4.502302839595816e-04, 1.624409014706609e+03, 6.002933277394720e-01, 8.870761044417053e-03
1556, 4.668546732231242e-02, 2.357908480028237e-02, 2.606788687469443e+00, 6.672606048753003e-02, -5.148083066795871e-01, 3.014109000000000e+05, 9.695558964450461e-04, 1.349216139233451e+03, 6.008120268521675e-01, 7.983629779689179e-03
1557, 4.718397379352609e-02, 2.357908480042244e-02, 2.604297628192574e+00, 1.011726934762169e-01, -7.163381189940323e-01, 3.014109000000000e+05, 1.551690483325511e-03, 1.055706180250603e+03, 6.012171745670845e-01, 6.876844224201944e-03
1558, 4.777377890011288e-02, 2.357908480058817e-02, 2.594276793637607e+00, 1.365896839260239e-01, -8.960237033522819e-01, 3.014109000000000e+05, 2.042436304105627e-03, 7.225634305197469e+02, 6.012121854063437e-01, 5.653484437710357e-03
1559, 4.845865296751040e-02, 2.357908480078061e-02, 2.576297712167987e+00, 1.648656616682505e-01, -1.019736437438906e+00, 3.014109000000000e+05, 2.421702633806005e-03, 4.360016493864121e+02, 6.007558932346276e-01, 4.449959949750605e-03
1560, 4.923683328541045e-02, 2.357908480099927e-02, 2.553866776994900e+00, 1.815971361611251e-01, -1.085275077746907e+00, 3.014109000000000e+05, 2.814768240123158e-03, 2.422002674703429e+02, 6.001903800767678e-01, 3.376753423161631e-03
1561, 5.009950913790787e-02, 2.357908480124167e-02, 2.529691465545025e+00, 1.883180378616393e-01, -1.115630795018147e+00, 3.014109000000001e+05, 3.266447116740976e-03, 1.317568142788885e+02, 5.998781731690671e-01, 2.490457464944346e-03
1562, 5.103011681555884e-02, 2.357908480150316e-02, 2.502972974246922e+00, 1.890894219870861e-01, -1.135288421291658e+00, 3.014108999999998e+05, 3.764347912668292e-03, 7.645556044628239e+01, 5.998276362245447e-01, 1.802430183775285e-03
1563, 5.200492176989133e-02, 2.357908480177706e-02, 2.472582180700245e+00, 1.862949397994582e-01, -1.156043612390581e+00, 3.014108999999998e+05, 4.263180260279414e-03, 5.152030275865177e+01, 5.998261931380328e-01, 1.294426485483498e-03
1564, 5.299507823014876e-02, 2.357908480205528e-02, 2.440093398627880e+00, 1.801657503047505e-01, -1.179174499607791e+00, 3.014108999999999e+05, 4.659342984047275e-03, 4.159613830248387e+01, 5.997557129932545e-01, 9.305635012589598e-04
1565, 5.396988318447669e-02, 2.357908480232919e-02, 2.408277491750074e+00, 1.704689026185923e-01, -1.202740001474865e+00, 3.014108999999998e+05, 4.812137457371152e-03, 3.947666786380363e+01, 5.996230946334760e-01, 6.721370022633440e-04
1566, 5.490049086212244e-02, 2.357908480259068e-02, 2.379426863239734e+00, 1.574976313505499e-01, -1.225133001312181e+00, 3.014108999999998e+05, 4.773637384883564e-03, 4.317709968135519e+01, 5.994683187440457e-01, 4.893461846699727e-04
1567, 5.576316671461442e-02, 2.357908480283308e-02, 2.355143139030467e+00, 1.421152282252142e-01, -1.245398538168875e+00, 3.014109000000000e+05, 4.477584913357186e-03, 5.458893802746255e+01, 5.993294385728458e-01, 3.613751045794843e-04
1568, 5.654134703250926e-02, 2.357908480305174e-02, 2.335930126239246e+00, 1.254719378831159e-01, -1.262731998325021e+00, 3.014108999999999e+05, 3.914945146891273e-03, 8.105338262093296e+01, 5.992216802188994e-01, 2.738941283748073e-04
1569, 5.722622109990202e-02, 2.357908480324418e-02, 2.321369358126157e+00, 1.085870539373191e-01, -1.274178628473943e+00, 3.014108999999999e+05, 3.189002070038174e-03, 1.412098877729593e+02, 5.991272082143348e-01, 2.168342719206434e-04
1570, 5.781602620648475e-02, 2.357908480340991e-02, 2.310553828666938e+00, 9.191356038436854e-02, -1.269527912900773e+00, 3.014109000000000e+05, 2.489523343864476e-03, 2.745347432634998e+02, 5.990041344072228e-01, 1.821743957640622e-04
1571, 5.831453267769530e-02, 2.357908480354998e-02, 2.302476842531184e+00, 7.523170463545170e-02, -1.230569169666198e+00, 3.014109000000000e+05, 1.938800394459656e-03, 5.392957957742814e+02, 5.988342109219842e-01, 1.630140278093364e-04
1572, 5.872924497788209e-02, 2.357908480366651e-02, 2.296834294394641e+00, 5.830412932103884e-02, -1.144160490625947e+00, 3.014108999999998e+05, 1.429968006585214e-03, 9.996589127219758e+02, 5.986633734830894e-01, 1.536911610228093e-04
1573, 5.906972122022680e-02, 2.357908480376218e-02, 2.293543510763740e+00, 4.167966951749451e-02, -1.012259002831811e+00, 3.014109000000000e+05, 8.730690785368610e-04, 1.815239942461998e+03, 5.985491102075907e-01, 1.500044392213465e-04
1574, 5.934623182064000e-02, 2.357908480383988e-02, 2.292064897582202e+00, 2.661062656021505e-02, -8.447778940962168e-01, 3.014109000000000e+05, 3.876816364770636e-04, 3.560932249502011e+03, 5.985077927939668e-01, 1.491451865982947e-04
1575, 5.956882081690407e-02, 2.357908480390242e-02, 2.291691841532433e+00, 1.437733287412820e-02, -6.501492811497878e-01, 3.014109000000000e+05, 1.143775523946572e-04, 8.198767866587077e+03, 5.985225655670899e-01, 1.494274167010158e-04
1576, 5.974673368005777e-02, 2.357908480395241e-02, 2.292505230107323e+00, 5.886151999933750e-03, -4.360185869966493e-01, 3.014109000000000e+05, 1.996140544013860e-05, 2.390211288589360e+04, 5.985680839972990e-01, 1.499599509820063e-04
1577, 5.988813090430049e-02, 2.357908480399214e-02, 2.292834558815985e+00, 9.981887218138204e-04, -2.143551523125975e-01, 3.014108999999999e+05, 1.512735327378736e-06, 1.026061291727853e+05, 5.986083138062775e-01, 1.503498599860567e-04
1578, 4.511186909569977e-02, 2.477946380817221e-02, 2.597155192450371e+00, 2.659746230405416e-04, -1.434690610623620e-02, 3.014109000000000e+05, 1.480556676339215e-07, 1.026854618036566e+05, 6.003670237387447e-01, 5.792899428266363e-03
1579, 4.525326631994292e-02, 2.477946380821927e-02, 2.597113139837574e+00, 1.656481424992852e-03, -3.950981164203562e-02, 3.014109000000000e+05, 2.014701322772273e-06, 2.401322728297066e+04, 6.003943038764870e-01, 5.759470763856022e-03
1580, 4.543117918309724e-02, 2.477946380827849e-02, 2.597268059886653e+00, 4.814509896479648e-03, -8.188659171040800e-02, 3.014109000000000e+05, 1.283291938714102e-05, 8.339557599947349e+03, 6.004566935219451e-01, 5.683002697240794e-03
1581, 4.565376817936224e-02, 2.477946380835257e-02, 2.597474988739694e+00, 1.106811225861849e-02, -1.504218916943496e-01, 3.014109000000000e+05, 5.542115561100581e-05, 3.793979599699547e+03, 6.005781145274449e-01, 5.538508654404318e-03
1582, 4.593027877977682e-02, 2.477946380844460e-02, 2.598054827319228e+00, 2.216708344899723e-02, -2.558946497836479e-01, 3.014109000000000e+05, 1.888683114708330e-04, 2.241509955743756e+03, 6.007926461838522e-01, 5.295676239594350e-03
1583, 4.627075502212317e-02, 2.477946380855791e-02, 2.599084785932945e+00, 3.999342671924919e-02, -4.061740143916371e-01, 3.014109000000001e+05, 5.154541331015063e-04, 1.664850530293769e+03, 6.011153698328640e-01, 4.926350410144028e-03
1584, 4.668546732231210e-02, 2.477946380869593e-02, 2.599400809152553e+00, 6.521793934884172e-02, -5.947377724057168e-01, 3.014109000000000e+05, 1.047987949585544e-03, 1.333768596521853e+03, 6.014719726912725e-01, 4.419709623148031e-03
1585, 4.718397379352561e-02, 2.477946380886185e-02, 2.595685757767776e+00, 9.524484267546511e-02, -7.908526930435632e-01, 3.014109000000000e+05, 1.605183946542099e-03, 9.874153809749226e+02, 6.016448623893877e-01, 3.799093169737625e-03
1586, 4.777377890011222e-02, 2.477946380905813e-02, 2.585032696437657e+00, 1.238243126703946e-01, -9.512188527892935e-01, 3.014109000000000e+05, 2.062583995716719e-03, 6.382699712337962e+02, 6.014173113585253e-01, 3.123795919558688e-03
1587, 4.845865296750954e-02, 2.477946380928606e-02, 2.568416941004818e+00, 1.445174436372645e-01, -1.050653958117502e+00, 3.014109000000000e+05, 2.450431336512313e-03, 3.671188309264094e+02, 6.008573871358016e-01, 2.465716378098911e-03
1588, 4.923683328540937e-02, 2.477946380954505e-02, 2.549370445319730e+00, 1.552411506937132e-01, -1.097402187155344e+00, 3.014109000000000e+05, 2.870012640748003e-03, 1.976322821215836e+02, 6.003177855826370e-01, 1.880334661057814e-03
1589, 5.009950913790655e-02, 2.477946380983216e-02, 2.529274955041052e+00, 1.586038218831420e-01, -1.117901066137045e+00, 3.014108999999999e+05, 3.316572397096865e-03, 1.068808559261295e+02, 6.000471842117979e-01, 1.396051276668107e-03
1590, 5.103011681555730e-02, 2.477946381014187e-02, 2.506674290460705e+00, 1.579953185520913e-01, -1.133123300791499e+00, 3.014108999999999e+05, 3.757656872422541e-03, 6.364485891595836e+01, 5.999660641845862e-01, 1.018899866001324e-03
1591, 5.200492176988959e-02, 2.477946381046630e-02, 2.481079834534713e+00, 1.547376077386365e-01, -1.150536029860822e+00, 3.014108999999998e+05, 4.153363994872734e-03, 4.484486378206392e+01, 5.998931419167888e-01, 7.386757527799526e-04
1592, 5.299507823014703e-02, 2.477946381079583e-02, 2.454329332898835e+00, 1.486880406303099e-01, -1.169807017357860e+00, 3.014108999999999e+05, 4.437304998686865e-03, 3.774116364620205e+01, 5.997670400375579e-01, 5.357356314672667e-04
1593, 5.396988318447515e-02, 2.477946381112026e-02, 2.428684309326189e+00, 1.397342315619966e-01, -1.189117228922926e+00, 3.014108999999999e+05, 4.549436819268090e-03, 3.694815164622349e+01, 5.996108911002783e-01, 3.899342836206766e-04
1594, 5.490049086212113e-02, 2.477946381142997e-02, 2.405801018461478e+00, 1.282949149429727e-01, -1.207265653929481e+00, 3.014108999999999e+05, 4.463745741213377e-03, 4.145994651519026e+01, 5.994586188314573e-01, 2.858754258876121e-04
1595, 5.576316671461336e-02, 2.477946381171708e-02, 2.386709709802523e+00, 1.151856380861791e-01, -1.223635777190294e+00, 3.014109000000000e+05, 4.167269260639338e-03, 5.384958215295618e+01, 5.993363901257704e-01, 2.127015336522720e-04
1596, 5.654134703250840e-02, 2.477946381197607e-02, 2.371624610206607e+00, 1.013526608709350e-01, -1.237535396152516e+00, 3.014109000000000e+05, 3.665373262003816e-03, 8.240129344110626e+01, 5.992500131306727e-01, 1.628182331479723e-04
1597, 5.722622109990137e-02, 2.477946381220400e-02, 2.360172152300105e+00, 8.755137938635765e-02, -1.245639942372186e+00, 3.014109000000000e+05, 3.013003242058312e-03, 1.476723855023686e+02, 5.991788567604216e-01, 1.305972806583764e-04
1598, 5.781602620648428e-02, 2.477946381240029e-02, 2.351670841287407e+00, 7.405452589669893e-02, -1.236572714053551e+00, 3.014109000000000e+05, 2.371169453119183e-03, 2.924913657904267e+02, 5.990837783443708e-01, 1.113628104808557e-04
1599, 5.831453267769499e-02, 2.477946381256620e-02, 2.345262915150056e+00, 6.057233943343453e-02, -1.190646038512493e+00, 3.014109000000000e+05, 1.853543250922867e-03, 5.771118687361515e+02, 5.989450748382814e-01, 1.010408367194316e-04
1600, 5.872924497788185e-02, 2.477946381270422e-02, 2.340720881653748e+00, 4.681823036179070e-02, -1.095116525214837e+00, 3.014109000000000e+05, 1.350781881543828e-03, 1.058744682990049e+03, 5.988024886508327e-01, 9.628846578367037e-05
1601, 5.906972122022662e-02, 2.477946381281754e-02, 2.338111029155005e+00, 3.325930975167524e-02, -9.549534855980146e-01, 3.014109000000000e+05, 7.989172915502626e-04, 1.883781062258701e+03, 5.987092552186681e-01, 9.463747036552091e-05
1602, 5.934623182063990e-02, 2.477946381290956e-02, 2.337035064359473e+00, 2.102568425398870e-02, -7.837430496057268e-01, 3.014109000000000e+05, 3.398863583712809e-04, 3.620953597491743e+03, 5.986795524830164e-01, 9.446130823188290e-05
1603, 5.956882081690400e-02, 2.477946381298364e-02, 2.336861771277552e+00, 1.122528506587797e-02, -5.927782179070645e-01, 3.014109000000000e+05, 9.667750843918375e-05, 8.237654434673841e+03, 5.986959476913576e-01, 9.481182407302284e-05
1604, 5.974673368005773e-02, 2.477946381304286e-02, 2.337560245392662e+00, 4.542462829853916e-03, -3.911545609712077e-01, 3.014109000000000e+05, 1.653018305939495e-05, 2.392175792443122e+04, 5.987347518133197e-01, 9.521293591967304e-05
1605, 5.988813090430049e-02, 2.477946381308992e-02, 2.337828889348067e+00, 7.665443214879771e-04, -1.897369299954194e-01, 3.014109000000000e+05, 1.244217967070475e-06, 1.026172433388396e+05, 5.987671997979115e-01, 9.547493812754067e-05
1606, 4.511186909569975e-02, 2.611321825209472e-02, 2.589395417600888e+00, 2.834166287392696e-04, -2.231742483356570e-02, 3.014109000000000e+05, 1.768969244283613e-07, 1.026903135497817e+05, 6.009822282476510e-01, 2.986731861754710e-03
1607, 4.525326631994289e-02, 2.611321825215030e-02, 2.589376516461761e+00, 1.757733071438831e-03, -5.749615628296433e-02, 3.014109000000000e+05, 2.407089944395841e-06, 2.402720291074349e+04, 6.010069735590804e-01, 2.968310067228121e-03
1608, 4.543117918309716e-02, 2.611321825222025e-02, 2.589590300894154e+00, 5.032291723078980e-03, -1.122725308386777e-01, 3.014109000000000e+05, 1.532602344863585e-05, 8.368346170599429e+03, 6.010623440043412e-01, 2.926500922362560e-03
1609, 4.565376817936213e-02, 2.611321825230776e-02, 2.589861829899399e+00, 1.134737820369256e-02, -1.955722103391812e-01, 3.014109000000000e+05, 6.599798661717393e-05, 3.840401890160053e+03, 6.011667764824737e-01, 2.848253692504215e-03
1610, 4.593027877977666e-02, 2.611321825241648e-02, 2.590466149352511e+00, 2.219426498748727e-02, -3.169829923904428e-01, 3.014109000000000e+05, 2.219054503074930e-04, 2.291900862892997e+03, 6.013433640270470e-01, 2.718301186809115e-03
1611, 4.627075502212290e-02, 2.611321825255034e-02, 2.591293635558148e+00, 3.892593515667810e-02, -4.806320326228704e-01, 3.014109000000000e+05, 5.837789579292042e-04, 1.684374982739439e+03, 6.015878488938677e-01, 2.523452278478924e-03
1612, 4.668546732231171e-02, 2.611321825271339e-02, 2.590925627798718e+00, 6.142906546966448e-02, -6.733237236488228e-01, 3.014109000000000e+05, 1.123213411882529e-03, 1.295774692073580e+03, 6.018069794569501e-01, 2.260416552118828e-03
1613, 4.718397379352508e-02, 2.611321825290938e-02, 2.586322547567829e+00, 8.654022837564553e-02, -8.589657977465130e-01, 3.014109000000000e+05, 1.655928183024989e-03, 9.065631690218188e+02, 6.018007655112934e-01, 1.943254268942252e-03
1614, 4.777377890011152e-02, 2.611321825314127e-02, 2.575816625619824e+00, 1.085483760781765e-01, -9.971736091251857e-01, 3.014109000000000e+05, 2.090775011959082e-03, 5.542935729477291e+02, 6.014341372348899e-01, 1.602262282470173e-03
1615, 4.845865296750861e-02, 2.611321825341054e-02, 2.561355211003508e+00, 1.228557855499232e-01, -1.073340694858821e+00, 3.014109000000000e+05, 2.500957128484136e-03, 3.052522693715726e+02, 6.008531876982769e-01, 1.271685923998743e-03
1616, 4.923683328540819e-02, 2.611321825371650e-02, 2.545903186679089e+00, 1.292114133845705e-01, -1.104640916306797e+00, 3.014108999999999e+05, 2.942711380889389e-03, 1.605324104102611e+02, 6.003784881493087e-01, 9.772438818522328e-04
1617, 5.009950913790512e-02, 2.611321825405566e-02, 2.529537871796761e+00, 1.305385124446858e-01, -1.118101701253045e+00, 3.014108999999999e+05, 3.368680158370845e-03, 8.737277851023330e+01, 6.001449153775804e-01, 7.325335208819443e-04
1618, 5.103011681555559e-02, 2.611321825442153e-02, 2.510709929643344e+00, 1.292698320656505e-01, -1.130042250289985e+00, 3.014108999999998e+05, 3.744728444952821e-03, 5.397145845261900e+01, 6.000303209334026e-01, 5.407195856855866e-04
1619, 5.200492176988768e-02, 2.611321825480480e-02, 2.489626953267810e+00, 1.259266834508599e-01, -1.144396131866677e+00, 3.014108999999999e+05, 4.048347127468151e-03, 3.986412253209470e+01, 5.999047975686079e-01, 3.966345467525071e-04
1620, 5.299507823014512e-02, 2.611321825519408e-02, 2.468063539046545e+00, 1.202531592069793e-01, -1.160089536570826e+00, 3.014109000000000e+05, 4.245104206774617e-03, 3.486113272499079e+01, 5.997475818583772e-01, 2.906965687344052e-04
1621, 5.396988318447346e-02, 2.611321825557734e-02, 2.447721315533959e+00, 1.122780417172416e-01, -1.175664703303863e+00, 3.014108999999998e+05, 4.305123434767822e-03, 3.506534648166999e+01, 5.995856379381013e-01, 2.135126042164643e-04
1622, 5.490049086211968e-02, 2.611321825594322e-02, 2.429760502440867e+00, 1.024693818524629e-01, -1.190267621099125e+00, 3.014108999999999e+05, 4.208767229600100e-03, 4.023340272565193e+01, 5.994448774383220e-01, 1.578755541156406e-04
1623, 5.576316671461216e-02, 2.611321825628238e-02, 2.414834796470286e+00, 9.154529287644600e-02, -1.203493474541681e+00, 3.014108999999999e+05, 3.941784796594564e-03, 5.350586714706797e+01, 5.993415929560980e-01, 1.185919026979933e-04
1624, 5.654134703250747e-02, 2.611321825658834e-02, 2.403014380895394e+00, 8.025056709489088e-02, -1.214656317174617e+00, 3.014109000000000e+05, 3.493510062658770e-03, 8.404532268046376e+01, 5.992754534974840e-01, 9.187906148430633e-05
1625, 5.722622109990066e-02, 2.611321825685760e-02, 2.394007710160476e+00, 6.914516724323089e-02, -1.220062803810366e+00, 3.014109000000000e+05, 2.892280477418055e-03, 1.542752937901770e+02, 5.992265777546462e-01, 7.478731261614501e-05
1626, 5.781602620648375e-02, 2.611321825708949e-02, 2.387334209475720e+00, 5.841020579328032e-02, -1.207268371631985e+00, 3.014109000000000e+05, 2.284390178860288e-03, 3.102650151883446e+02, 5.991601913872910e-01, 6.477413289458382e-05
1627, 5.831453267769460e-02, 2.611321825728547e-02, 2.382266456298098e+00, 4.775061767400618e-02, -1.155108534970371e+00, 3.014108999999999e+05, 1.783454717080530e-03, 6.141626677549930e+02, 5.990542008477204e-01, 5.958837764498141e-05
1628, 5.872924497788160e-02, 2.611321825744852e-02, 2.378603791812132e+00, 3.684414896140895e-02, -1.051181487913397e+00, 3.014109000000000e+05, 1.279458714959270e-03, 1.115644447453253e+03, 5.989396286766950e-01, 5.737252956747981e-05
1629, 5.906972122022644e-02, 2.611321825758239e-02, 2.376515397498783e+00, 2.604367542500780e-02, -9.035567372200053e-01, 3.014109000000000e+05, 7.317862471271844e-04, 1.946761610294132e+03, 5.988648135490212e-01, 5.675715501526170e-05
1630, 5.934623182063979e-02, 2.611321825769111e-02, 2.375730148299188e+00, 1.632514513620170e-02, -7.294694725968958e-01, 3.014109000000000e+05, 2.986374769205100e-04, 3.672087324403909e+03, 5.988434521972004e-01, 5.685246777111943e-05
1631, 5.956882081690394e-02, 2.611321825777862e-02, 2.375678240165806e+00, 8.626315031448778e-03, -5.425695152979508e-01, 3.014109000000000e+05, 8.218890430024855e-05, 8.268448892849565e+03, 5.988592745680984e-01, 5.715656250437524e-05
1632, 5.974673368005769e-02, 2.611321825784857e-02, 2.376253578014731e+00, 3.456384430013722e-03, -3.525993880890292e-01, 3.014109000000000e+05, 1.381133888397621e-05, 2.393737901030575e+04, 5.988912016716821e-01, 5.743257864197318e-05
1633, 5.988813090430047e-02, 2.611321825790416e-02, 2.376464224452669e+00, 5.809221045174688e-04, -1.689118250349557e-01, 3.014109000000000e+05, 1.033834848669206e-06, 1.026265690177503e+05, 5.989167794885366e-01, 5.759868557390093e-05
1634, 4.511186909569974e-02, 2.759516763077417e-02, 2.581091280464221e+00, 2.875811926310352e-04, -3.159123993197772e-02, 3.014108999999999e+05, 2.098942367787894e-07, 1.026932217592890e+05, 6.013387865719717e-01, 1.409166162843656e-03
1635, 4.525326631994285e-02, 2.759516763083963e-02, 2.581094099421641e+00, 1.776723019695650e-03, -7.804237837419736e-02, 3.014108999999999e+05, 2.855942742961817e-06, 2.403745798015856e+04, 6.013613121968340e-01, 1.400032047211609e-03
1636, 4.543117918309710e-02, 2.759516763092200e-02, 2.581349263822949e+00, 5.018615367430182e-03, -1.461949637296508e-01, 3.014108999999999e+05, 1.817214711200528e-05, 8.392273967511483e+03, 6.014104509648130e-01, 1.379461530450232e-03
1637, 4.565376817936201e-02, 2.759516763102504e-02, 2.581653046963102e+00, 1.111947339085862e-02, -2.445547680670806e-01, 3.014108999999999e+05, 7.793970612277844e-05, 3.878967656514305e+03, 6.014995239754005e-01, 1.341318974376985e-03
1638, 4.593027877977645e-02, 2.759516763115305e-02, 2.582226600029777e+00, 2.128091860063023e-02, -3.809476051385505e-01, 3.014108999999999e+05, 2.578205095362051e-04, 2.327492955258243e+03, 6.016416055444328e-01, 1.278677641527327e-03
1639, 4.627075502212263e-02, 2.759516763131068e-02, 2.582812599885638e+00, 3.636290450472974e-02, -5.551722924395996e-01, 3.014109000000000e+05, 6.523779692310107e-04, 1.682569680695668e+03, 6.018165419850464e-01, 1.185978128562764e-03
1640, 4.668546732231131e-02, 2.759516763150267e-02, 2.581858056920519e+00, 5.565189792604900e-02, -7.475176924822377e-01, 3.014109000000000e+05, 1.193136111502522e-03, 1.238927656726271e+03, 6.019205616757615e-01, 1.062598654575415e-03
1641, 4.718397379352453e-02, 2.759516763173345e-02, 2.576823348201037e+00, 7.578505091284798e-02, -9.184987981030450e-01, 3.014109000000000e+05, 1.703961522689609e-03, 8.192053908461221e+02, 6.017826749485125e-01, 9.157363318930654e-04
1642, 4.777377890011071e-02, 2.759516763200651e-02, 2.567192325653296e+00, 9.193665795809501e-02, -1.033426000180905e+00, 3.014109000000000e+05, 2.131824265284175e-03, 4.753371746460534e+02, 6.013439145108910e-01, 7.591126478594529e-04
1643, 4.845865296750758e-02, 2.759516763232357e-02, 2.555374611132226e+00, 1.012551206603262e-01, -1.088822130206620e+00, 3.014109000000000e+05, 2.574191690740232e-03, 2.522216258463949e+02, 6.007951082185232e-01, 6.074326946415661e-04
1644, 4.923683328540686e-02, 2.759516763268384e-02, 2.543366656691230e+00, 1.046971257812353e-01, -1.108356018733962e+00, 3.014108999999999e+05, 3.027870832348352e-03, 1.308738992490714e+02, 6.003952144932055e-01, 4.716982195476475e-04
1645, 5.009950913790349e-02, 2.759516763308320e-02, 2.530270327513960e+00, 1.049167372671768e-01, -1.117065933098384e+00, 3.014108999999999e+05, 3.419579804514975e-03, 7.257162315285777e+01, 6.001848731465174e-01, 3.580505307913051e-04
1646, 5.103011681555371e-02, 2.759516763351404e-02, 2.514910630626995e+00, 1.033922163641553e-01, -1.126410361622825e+00, 3.014108999999999e+05, 3.729895997744307e-03, 4.683185461227933e+01, 6.000396417706773e-01, 2.680370686917033e-04
1647, 5.200492176988554e-02, 2.759516763396531e-02, 2.497994325824565e+00, 1.001703297497040e-01, -1.137909284747431e+00, 3.014108999999998e+05, 3.958199055307234e-03, 3.620815800083736e+01, 5.998816731903530e-01, 1.993462316405625e-04
1648, 5.299507823014298e-02, 2.759516763442372e-02, 2.481000164020955e+00, 9.504078023643510e-02, -1.150377864865589e+00, 3.014108999999999e+05, 4.093930751860113e-03, 3.274139428523386e+01, 5.997128964527343e-01, 1.478906733137830e-04
1649, 5.396988318447157e-02, 2.759516763487500e-02, 2.465128525374171e+00, 8.813850174530782e-02, -1.162762561221190e+00, 3.014108999999998e+05, 4.122432449832347e-03, 3.367842799889864e+01, 5.995569992731957e-01, 1.097970924280208e-04
1650, 5.490049086211806e-02, 2.759516763530583e-02, 2.451190750406265e+00, 7.991673727140519e-02, -1.174461978329872e+00, 3.014108999999999e+05, 4.027443300995519e-03, 3.935159107107326e+01, 5.994322594470974e-01, 8.204395533467915e-05
1651, 5.576316671461083e-02, 2.759516763570521e-02, 2.439609800574842e+00, 7.097222352901032e-02, -1.185179774535351e+00, 3.014108999999999e+05, 3.788989994311562e-03, 5.337074966906653e+01, 5.993476984935031e-01, 6.235710998689973e-05
1652, 5.654134703250642e-02, 2.759516763606547e-02, 2.430387971982673e+00, 6.188182762551483e-02, -1.194187162173568e+00, 3.014109000000000e+05, 3.381567821960682e-03, 8.570309686152963e+01, 5.992999309945448e-01, 4.899344499375918e-05
1653, 5.722622109989987e-02, 2.759516763638253e-02, 2.423317236836869e+00, 5.307529886755417e-02, -1.197498152704045e+00, 3.014109000000000e+05, 2.813200984342525e-03, 1.605250060440964e+02, 5.992722587941365e-01, 4.052250960141105e-05
1654, 5.781602620648319e-02, 2.759516763665559e-02, 2.418099538295837e+00, 4.470679799957380e-02, -1.181766179430689e+00, 3.014108999999999e+05, 2.221036671368699e-03, 3.269144400064731e+02, 5.992352949958598e-01, 3.566208299711602e-05
1655, 5.831453267769419e-02, 2.759516763688637e-02, 2.414135880584645e+00, 3.652472285645513e-02, -1.124349879828391e+00, 3.014108999999999e+05, 1.724441980244274e-03, 6.489617288826763e+02, 5.991639643076740e-01, 3.325257058184460e-05
1656, 5.872924497788130e-02, 2.759516763707836e-02, 2.411200502308639e+00, 2.817868316372400e-02, -1.012967173235097e+00, 3.014109000000000e+05, 1.215365499427278e-03, 1.169072838987339e+03, 5.990778494191432e-01, 3.232692874514718e-05
1657, 5.906972122022625e-02, 2.759516763723599e-02, 2.409508179404340e+00, 1.986730397592861e-02, -8.586885190527074e-01, 3.014109000000000e+05, 6.719722621420136e-04, 2.004121145985499e+03, 5.990192668095656e-01, 3.217107780946804e-05
1658, 5.934623182063967e-02, 2.759516763736400e-02, 2.408921257988037e+00, 1.237775953508063e-02, -6.823506814495847e-01, 3.014109000000000e+05, 2.636593431181750e-04, 3.715866491010636e+03, 5.990034113441478e-01, 3.232744021526553e-05
1659, 5.956882081690387e-02, 2.759516763746704e-02, 2.408934109876648e+00, 6.487687218752996e-03, -4.995443511253695e-01, 3.014109000000000e+05, 7.047688129752691e-05, 8.293378615431177e+03, 5.990170312014810e-01, 3.254720038655210e-05
1660, 5.974673368005766e-02, 2.759516763754941e-02, 2.409389819918725e+00, 2.579193829003819e-03, -3.200546588223199e-01, 3.014109000000000e+05, 1.167258991651991e-05, 2.395028730023680e+04, 5.990422343846251e-01, 3.272153553916813e-05
1661, 5.988813090430047e-02, 2.759516763761487e-02, 2.409549808909770e+00, 4.321256492433578e-04, -1.515587871436179e-01, 3.014109000000000e+05, 8.698285439660330e-07, 1.026345224561846e+05, 5.990618352898684e-01, 3.282031822792734e-05
1662, 4.511186909569972e-02, 2.924177807253085e-02, 2.572779040951939e+00, 2.772025738432387e-04, -4.184629105252496e-02, 3.014109000000000e+05, 2.465501576308718e-07, 1.026939965567261e+05, 6.015298037966670e-01, 6.058145315306208e-04
1663, 4.525326631994281e-02, 2.924177807260756e-02, 2.572799159141890e+00, 1.706709051909768e-03, -1.004001808601839e-01, 3.014109000000000e+05, 3.354450235067743e-06, 2.404350624073176e+04, 6.015500091678500e-01, 6.017618757980229e-04
1664, 4.543117918309701e-02, 2.924177807270409e-02, 2.573071152099814e+00, 4.764284445807852e-03, -1.823512212018758e-01, 3.014109000000000e+05, 2.132495985321056e-05, 8.410318293832357e+03, 6.015928286890514e-01, 5.927018674272340e-04
1665, 4.565376817936188e-02, 2.924177807282486e-02, 2.573373290617797e+00, 1.039366266702618e-02, -2.954143786456455e-01, 3.014109000000000e+05, 9.099242856066279e-05, 3.908223704264244e+03, 6.016668560432238e-01, 5.760478289617316e-04
1666, 4.593027877977622e-02, 2.924177807297488e-02, 2.573888011460886e+00, 1.951765889296165e-02, -4.452341658779811e-01, 3.014109000000000e+05, 2.954423772648437e-04, 2.347840518795829e+03, 6.017763645585013e-01, 5.489767632834158e-04
1667, 4.627075502212229e-02, 2.924177807315961e-02, 2.574256659336434e+00, 3.259327554550948e-02, -6.269372175771513e-01, 3.014109000000000e+05, 7.184206922875724e-04, 1.661817761982001e+03, 6.018887424599841e-01, 5.093834442252294e-04
1668, 4.668546732231085e-02, 2.924177807338461e-02, 2.572888849494074e+00, 4.851083662867933e-02, -8.148090768902456e-01, 3.014109000000000e+05, 1.256481256030175e-03, 1.168820698221776e+03, 6.018971433397579e-01, 4.573212116787185e-04
1669, 4.718397379352388e-02, 2.924177807365508e-02, 2.567901699086925e+00, 6.400803621177897e-02, -9.682325080307533e-01, 3.014109000000000e+05, 1.749612046952891e-03, 7.315492983301879e+02, 6.016674817701182e-01, 3.959651755587600e-04
1670, 4.777377890010984e-02, 2.924177807397509e-02, 2.559697556531472e+00, 7.530368760037282e-02, -1.060455450443133e+00, 3.014109000000000e+05, 2.190182564451264e-03, 4.048964871580638e+02, 6.012055417619272e-01, 3.308166914396734e-04
1671, 4.845865296750641e-02, 2.924177807434666e-02, 2.550658867906158e+00, 8.099760389472077e-02, -1.098551527835854e+00, 3.014108999999999e+05, 2.668276871382253e-03, 2.086437769027985e+02, 6.007156459764639e-01, 2.675618854464463e-04
1672, 4.923683328540538e-02, 2.924177807476887e-02, 2.541679487900614e+00, 8.263982802387587e-02, -1.109762648235946e+00, 3.014109000000000e+05, 3.119823858893737e-03, 1.079591342055430e+02, 6.003816878594026e-01, 2.105296861099050e-04
1673, 5.009950913790170e-02, 2.924177807523693e-02, 2.531393568512836e+00, 8.229197002734080e-02, -1.115312957656828e+00, 3.014109000000000e+05, 3.468322336374566e-03, 6.160560575476741e+01, 6.001815108356728e-01, 1.622834288731455e-04
1674, 5.103011681555161e-02, 2.924177807574184e-02, 2.519215082743619e+00, 8.068303886730173e-02, -1.122417572220993e+00, 3.014108999999999e+05, 3.718649593278158e-03, 4.163381368941989e+01, 6.000142046369803e-01, 1.235036453565114e-04
1675, 5.200492176988317e-02, 2.924177807627072e-02, 2.506040507914030e+00, 7.766565702766778e-02, -1.131278113703790e+00, 3.014108999999998e+05, 3.889430627713267e-03, 3.355162569212706e+01, 5.998418637474766e-01, 9.330444477398564e-05
1676, 5.299507823014061e-02, 2.924177807680793e-02, 2.492965361507899e+00, 7.313094431264838e-02, -1.140930613248436e+00, 3.014108999999998e+05, 3.984399964316225e-03, 3.119345904941190e+01, 5.996751540058279e-01, 7.019168688318655e-05
1677, 5.396988318446946e-02, 2.924177807733682e-02, 2.480811122695521e+00, 6.726794491411775e-02, -1.150655005842271e+00, 3.014108999999999e+05, 3.995458320057509e-03, 3.264793729954484e+01, 5.995320476432635e-01, 5.277756951042023e-05
1678, 5.490049086211626e-02, 2.924177807784173e-02, 2.470148470170451e+00, 6.047678071559334e-02, -1.160009441331583e+00, 3.014109000000000e+05, 3.906434112096344e-03, 3.867393590034757e+01, 5.994245396549549e-01, 3.994039242926379e-05
1679, 5.576316671460936e-02, 2.924177807830979e-02, 2.461258539732273e+00, 5.323620053797678e-02, -1.168744662121367e+00, 3.014109000000000e+05, 3.692015579289835e-03, 5.326248148070048e+01, 5.993570178884563e-01, 3.078192033332252e-05
1680, 5.654134703250526e-02, 2.924177807873199e-02, 2.454117068556231e+00, 4.599431474829969e-02, -1.176092823477382e+00, 3.014109000000000e+05, 3.315104937266123e-03, 8.709088867392542e+01, 5.993255759318359e-01, 2.457020678241419e-05
1681, 5.722622109989899e-02, 2.924177807910357e-02, 2.448586823836624e+00, 3.910006869886484e-02, -1.177902415732067e+00, 3.014109000000000e+05, 2.766759274120823e-03, 1.659047506417249e+02, 5.993180382526253e-01, 2.066940017043315e-05
1682, 5.781602620648255e-02, 2.924177807942357e-02, 2.444534559586871e+00, 3.272419293111042e-02, -1.160163131828368e+00, 3.014109000000000e+05, 2.176530567064465e-03, 3.414129046452103e+02, 5.993110988150502e-01, 1.848303662788037e-05
1683, 5.831453267769374e-02, 2.924177807969404e-02, 2.441502290890069e+00, 2.669732458311581e-02, -1.098786025423607e+00, 3.014109000000000e+05, 1.674543784940851e-03, 6.798102333933303e+02, 5.992767713345731e-01, 1.745696327331750e-05
1684, 5.872924497788097e-02, 2.924177807991903e-02, 2.439195640944051e+00, 2.065152293023661e-02, -9.811847599167497e-01, 3.014109000000000e+05, 1.158723844347599e-03, 1.217677401564122e+03, 5.992206038106721e-01, 1.712202547641722e-05
1685, 5.906972122022602e-02, 2.924177808010376e-02, 2.437800164083517e+00, 1.459050758154066e-02, -8.210525738279264e-01, 3.014109000000000e+05, 6.201568397188821e-04, 2.056193333779763e+03, 5.991769137124441e-01, 1.713016831145424e-05
1686, 5.934623182063953e-02, 2.924177808025379e-02, 2.437330403917993e+00, 9.073832977294130e-03, -6.427923637660109e-01, 3.014109000000000e+05, 2.347653938599380e-04, 3.754144025283959e+03, 5.991642811051984e-01, 1.726122452699364e-05
1687, 5.956882081690380e-02, 2.924177808037456e-02, 2.437368334697705e+00, 4.733243345957079e-03, -4.637143238371926e-01, 3.014109000000000e+05, 6.119284534989105e-05, 8.314448670893440e+03, 5.991745641654540e-01, 1.740017827126874e-05
1688, 5.974673368005762e-02, 2.924177808047109e-02, 2.437716000008068e+00, 1.871926520151578e-03, -2.932498258420416e-01, 3.014109000000000e+05, 1.001416303174957e-05, 2.396146924314700e+04, 5.991934160160413e-01, 1.750126258220226e-05
1689, 5.988813090430044e-02, 2.924177808054780e-02, 2.437834298101827e+00, 3.129380135210312e-04, -1.374039724892563e-01, 3.014109000000000e+05, 7.435474192311442e-07, 1.026414075853224e+05, 5.992078822015768e-01, 1.755602932228999e-05
1690, 4.511186909569971e-02, 3.107134526542458e-02, 2.565150276665221e+00, 2.535971281640730e-04, -5.260670067245345e-02, 3.014109000000000e+05, 2.862104234514990e-07, 1.026928434955695e+05, 6.016195489770952e-01, 2.366940168027956e-04
1691, 4.525326631994277e-02, 3.107134526551931e-02, 2.565180686625887e+00, 1.556944907305181e-03, -1.235430258474810e-01, 3.014109000000000e+05, 3.893664783503249e-06, 2.404567704082180e+04, 6.016371065020018e-01, 2.350895594326389e-04
1692, 4.543117918309694e-02, 3.107134526563850e-02, 2.565441616194746e+00, 4.303993095114891e-03, -2.191147273450735e-01, 3.014109000000000e+05, 2.472458835870351e-05, 8.422748841895016e+03, 6.016731121790557e-01, 2.315268098395082e-04
1693, 4.565376817936172e-02, 3.107134526578762e-02, 2.565719125353435e+00, 9.273503212571484e-03, -3.460033658442557e-01, 3.014109000000000e+05, 1.048535949786661e-04, 3.928918183077828e+03, 6.017320013444676e-01, 2.250293709912643e-04
1694, 4.593027877977597e-02, 3.107134526597287e-02, 2.566187890297966e+00, 1.716115351495492e-02, -5.074431334064387e-01, 3.014109000000000e+05, 3.335810747117552e-04, 2.355290537262362e+03, 6.018105365433577e-01, 2.145650715702682e-04
1695, 4.627075502212193e-02, 3.107134526620096e-02, 2.566402797002429e+00, 2.813282319725545e-02, -6.936500661935963e-01, 3.014109000000000e+05, 7.796826389719082e-04, 1.626578061395245e+03, 6.018663989563473e-01, 1.994185305547554e-04
1696, 4.668546732231034e-02, 3.107134526647879e-02, 2.564818382538635e+00, 4.085354442225936e-02, -8.736201942504986e-01, 3.014109000000000e+05, 1.313362344857745e-03, 1.091748199097852e+03, 6.017961489383912e-01, 1.797051880153560e-04
1697, 4.718397379352317e-02, 3.107134526681276e-02, 2.560270201610899e+00, 5.235016822382393e-02, -1.007987070335791e+00, 3.014109000000000e+05, 1.795629260300897e-03, 6.488419234106872e+02, 6.015067469969161e-01, 1.566417013188793e-04
1698, 4.777377890010886e-02, 3.107134526720790e-02, 2.553793973767009e+00, 5.987597116333820e-02, -1.079430616585620e+00, 3.014109000000000e+05, 2.269380618176476e-03, 3.448306555044903e+02, 6.010540457747514e-01, 1.321822860425340e-04
1699, 4.845865296750509e-02, 3.107134526766672e-02, 2.547351729176422e+00, 6.309285271377930e-02, -1.104022648873959e+00, 3.014109000000000e+05, 2.778916187493202e-03, 1.740209596460348e+02, 6.006301414482019e-01, 1.083047707272129e-04
1700, 4.923683328540374e-02, 3.107134526818806e-02, 2.540861753837368e+00, 6.366164575335349e-02, -1.109695896085264e+00, 3.014108999999999e+05, 3.213720559155493e-03, 9.065709938317219e+01, 6.003458849559240e-01, 8.656398420564105e-05
1701, 5.009950913789972e-02, 3.107134526876600e-02, 2.532987918851508e+00, 6.298334126103042e-02, -1.113034469150129e+00, 3.014109000000000e+05, 3.515864057157539e-03, 5.356917731779930e+01, 6.001492593502159e-01, 6.792702071649154e-05
1702, 5.103011681554927e-02, 3.107134526938944e-02, 2.523675362560014e+00, 6.131811538905221e-02, -1.118102839574326e+00, 3.014109000000000e+05, 3.715612943250130e-03, 3.786113385087411e+01, 5.999715388324843e-01, 5.265941858024381e-05
1703, 5.200492176988053e-02, 3.107134527004250e-02, 2.513748199876762e+00, 5.850080880781514e-02, -1.124598748410677e+00, 3.014109000000000e+05, 3.844273560186805e-03, 3.162617866834130e+01, 5.997988325980731e-01, 4.048061676118199e-05
1704, 5.299507823013797e-02, 3.107134527070585e-02, 2.503952086598120e+00, 5.451396408066878e-02, -1.131867831423140e+00, 3.014109000000000e+05, 3.912230649001107e-03, 3.005896861936163e+01, 5.996425175356106e-01, 3.093620778341888e-05
1705, 5.396988318446713e-02, 3.107134527135891e-02, 2.494847110582876e+00, 4.955807955064140e-02, -1.139419403200346e+00, 3.014108999999999e+05, 3.913698002769990e-03, 3.185181051279427e+01, 5.995150999975720e-01, 2.360714188231122e-05
1706, 5.490049086211428e-02, 3.107134527198237e-02, 2.486838045245013e+00, 4.396840652530199e-02, -1.146904118036070e+00, 3.014108999999998e+05, 3.831748142639340e-03, 3.807384624169948e+01, 5.994240705273861e-01, 1.813327265699474e-05
1707, 5.576316671460774e-02, 3.107134527256031e-02, 2.480115396181708e+00, 3.812306345170613e-02, -1.154094447192341e+00, 3.014109000000000e+05, 3.637134155676144e-03, 5.301234532831922e+01, 5.993714009529842e-01, 1.420042989754747e-05
1708, 5.654134703250395e-02, 3.107134527308164e-02, 2.474645531740165e+00, 3.237486226902062e-02, -1.160220791421243e+00, 3.014109000000000e+05, 3.283984410249634e-03, 8.793404487659437e+01, 5.993543589155959e-01, 1.153249492666460e-05
1709, 5.722622109989801e-02, 3.107134527354046e-02, 2.470344277685714e+00, 2.702473037017551e-02, -1.161129799510889e+00, 3.014108999999999e+05, 2.747897611819737e-03, 1.699011727678658e+02, 5.993659255308108e-01, 9.872697812625818e-06
1710, 5.781602620648182e-02, 3.107134527393560e-02, 2.467221273448948e+00, 2.228579013693091e-02, -1.142469178006827e+00, 3.014108999999999e+05, 2.149390995172619e-03, 3.527210437704126e+02, 5.993894030568141e-01, 8.966616137386110e-06
1711, 5.831453267769322e-02, 3.107134527426957e-02, 2.464983094866164e+00, 1.810225086060278e-02, -1.078810994529907e+00, 3.014109000000000e+05, 1.633699590778488e-03, 7.048531649381050e+02, 5.993948299440873e-01, 8.569959471896216e-06
1712, 5.872924497788060e-02, 3.107134527454740e-02, 2.463248237783638e+00, 1.411052875416398e-02, -9.566305971998192e-01, 3.014108999999999e+05, 1.110655648092534e-03, 1.259958097013081e+03, 5.993717475542852e-01, 8.471950540536008e-06
1713, 5.906972122022576e-02, 3.107134527477549e-02, 2.462077874064755e+00, 1.008778495483280e-02, -7.914562737730533e-01, 3.014109000000000e+05, 5.773719116915481e-04, 2.103663362444877e+03, 5.993432920959866e-01, 8.514958028259820e-06
1714, 5.934623182063936e-02, 3.107134527496073e-02, 2.461648065526238e+00, 6.319113029267669e-03, -6.112231073744814e-01, 3.014109000000000e+05, 2.118727362064830e-04, 3.789151847918908e+03, 5.993324743582787e-01, 8.600303255685406e-06
1715, 5.956882081690369e-02, 3.107134527510987e-02, 2.461681061240185e+00, 3.300277601278699e-03, -4.350792261406868e-01, 3.014109000000000e+05, 5.407327664543151e-05, 8.333538679021407e+03, 5.993387346687992e-01, 8.678554139584566e-06
1716, 5.974673368005757e-02, 3.107134527522906e-02, 2.461938105616018e+00, 1.303426072815952e-03, -2.719361416976263e-01, 3.014109000000000e+05, 8.763321126582193e-06, 2.397169202468624e+04, 5.993517479495568e-01, 8.732233974095207e-06
1717, 5.988813090430041e-02, 3.107134527532378e-02, 2.462024009096342e+00, 2.176752590687713e-04, -1.262114610939121e-01, 3.014109000000000e+05, 6.487896428399720e-07, 1.026474566381498e+05, 5.993618524215560e-01, 8.760360914919244e-06
1718, 4.511186909569968e-02, 3.310419767135188e-02, 2.558948049780176e+00, 2.207655844919875e-04, -6.332669608983781e-02, 3.014109000000000e+05, 3.284561790688643e-07, 1.026903749126278e+05, 6.016473418883204e-01, 8.394443170279040e-05
1719, 4.525326631994271e-02, 3.310419767145652e-02, 2.558978997247191e+00, 1.352384704463913e-03, -1.463566238906228e-01, 3.014109000000000e+05, 4.467838250601502e-06, 2.404519598053392e+04, 6.016619862838276e-01, 8.337785346895893e-05
1720, 4.543117918309682e-02, 3.310419767158816e-02, 2.559202788225293e+00, 3.713196043961579e-03, -2.548817207038223e-01, 3.014109000000000e+05, 2.833184903085364e-05, 8.431504196297610e+03, 6.016909256908177e-01, 8.212732796393991e-05
1721, 4.565376817936155e-02, 3.310419767175289e-02, 2.559459628589113e+00, 7.945448834026198e-03, -3.945314517219607e-01, 3.014109000000000e+05, 1.193184299149965e-04, 3.944408894081451e+03, 6.017351474052016e-01, 7.986283696501721e-05
1722, 4.593027877977571e-02, 3.310419767195752e-02, 2.559934018249764e+00, 1.459626055849581e-02, -5.659629893815490e-01, 3.014109000000000e+05, 3.714190145842303e-04, 2.354382916890001e+03, 6.017846208626280e-01, 7.624616945410071e-05
1723, 4.627075502212151e-02, 3.310419767220948e-02, 2.560053605601720e+00, 2.362868088642615e-02, -7.540781914342448e-01, 3.014109000000000e+05, 8.351206963048044e-04, 1.581986674444259e+03, 6.017889341676019e-01, 7.106013336685575e-05
1724, 4.668546732230976e-02, 3.310419767251638e-02, 2.558418475122145e+00, 3.358039639415342e-02, -9.234733466390329e-01, 3.014109000000000e+05, 1.365628652394913e-03, 1.013279884385875e+03, 6.016541440862858e-01, 6.437002590809861e-05
1725, 4.718397379352237e-02, 3.310419767288529e-02, 2.554562286513651e+00, 4.184789033336459e-02, -1.038433799709698e+00, 3.014109000000000e+05, 1.853800731251505e-03, 5.745429343313782e+02, 6.013293250785268e-01, 5.658347230992502e-05
1726, 4.777377890010778e-02, 3.310419767332178e-02, 2.549859759101820e+00, 4.660041178328773e-02, -1.091810988497518e+00, 3.014109000000000e+05, 2.371400495225399e-03, 2.953195693515863e+02, 6.009045338957811e-01, 4.831549314013868e-05
1727, 4.845865296750369e-02, 3.310419767382861e-02, 2.545613098755730e+00, 4.818029305301385e-02, -1.106430883026056e+00, 3.014109000000000e+05, 2.900595344839359e-03, 1.470523512451350e+02, 6.005419247669614e-01, 4.018351265329415e-05
1728, 4.923683328540195e-02, 3.310419767440448e-02, 2.541080218568014e+00, 4.806673014286444e-02, -1.108530047808137e+00, 3.014108999999998e+05, 3.306511203012589e-03, 7.768421074640430e+01, 6.002928089114864e-01, 3.269272252541289e-05
1729, 5.009950913789750e-02, 3.310419767504289e-02, 2.535273929014044e+00, 4.710808673486198e-02, -1.110157623237371e+00, 3.014109000000000e+05, 3.563943272516142e-03, 4.765269908821671e+01, 6.001005216526299e-01, 2.616676919341057e-05
1730, 5.103011681554669e-02, 3.310419767573157e-02, 2.528454428188201e+00, 4.534165926594327e-02, -1.113376565353185e+00, 3.014109000000000e+05, 3.723108852039647e-03, 3.509957345531895e+01, 5.999242789365801e-01, 2.069687232392257e-05
1731, 5.200492176987760e-02, 3.310419767645297e-02, 2.521243289320773e+00, 4.265852932886575e-02, -1.117835602550584e+00, 3.014108999999999e+05, 3.821155062666264e-03, 3.022089001876029e+01, 5.997610361879291e-01, 1.621378299168291e-05
1732, 5.299507823013506e-02, 3.310419767718571e-02, 2.514124250623383e+00, 3.909991736508188e-02, -1.123145401427805e+00, 3.014108999999999e+05, 3.870676401865101e-03, 2.921080766564043e+01, 5.996196323835982e-01, 1.260976861165695e-05
1733, 5.396988318446454e-02, 3.310419767790709e-02, 2.507482329047060e+00, 3.485516665601184e-02, -1.128958796808869e+00, 3.014108999999999e+05, 3.866689697911063e-03, 3.118952543979808e+01, 5.995084158918530e-01, 9.785473890485250e-06
1734, 5.490049086211206e-02, 3.310419767859578e-02, 2.501604529079620e+00, 3.020000245246184e-02, -1.134979915102245e+00, 3.014108999999998e+05, 3.791724725293597e-03, 3.744396830339608e+01, 5.994320830581169e-01, 7.645474520454741e-06
1735, 5.576316671460592e-02, 3.310419767923418e-02, 2.496619231920697e+00, 2.543292035576420e-02, -1.140998600865356e+00, 3.014108999999999e+05, 3.614085437673295e-03, 5.247092698010974e+01, 5.993918743687130e-01, 6.094942780872202e-06
1736, 5.654134703250253e-02, 3.310419767981006e-02, 2.492488484007660e+00, 2.083653401338318e-02, -1.146297714117665e+00, 3.014109000000000e+05, 3.281488000710892e-03, 8.797866754485972e+01, 5.993873288283719e-01, 5.041706934642986e-06
1737, 5.722622109989692e-02, 3.310419768031689e-02, 2.489162624036933e+00, 1.668301386316440e-02, -1.146910895786258e+00, 3.014108999999999e+05, 2.754643052189871e-03, 1.720393839760355e+02, 5.994168810561132e-01, 4.392405291359639e-06
1738, 5.781602620648105e-02, 3.310419768075337e-02, 2.486763699129919e+00, 1.323850024600939e-02, -1.128553744225067e+00, 3.014108999999999e+05, 2.141043211937499e-03, 3.599027077152061e+02, 5.994708839480541e-01, 4.048146659647853e-06
1739, 5.831453267769267e-02, 3.310419768112229e-02, 2.485190934544752e+00, 1.058429441996298e-02, -1.064718596911569e+00, 3.014109000000000e+05, 1.603824105810736e-03, 7.222130566431493e+02, 5.995192696583772e-01, 3.910206418906452e-06
1740, 5.872924497788020e-02, 3.310419768142918e-02, 2.483998508952760e+00, 8.400773592083985e-03, -9.401558549451374e-01, 3.014109000000000e+05, 1.072950430486744e-03, 1.294102744651446e+03, 5.995347958333551e-01, 3.891497540591475e-06
1741, 5.906972122022550e-02, 3.310419768168114e-02, 2.483018954416283e+00, 6.230062365870168e-03, -7.708718038521439e-01, 3.014109000000000e+05, 5.450197636656369e-04, 2.147387335854470e+03, 5.995249868843604e-01, 3.926122235643941e-06
1742, 5.934623182063919e-02, 3.310419768188576e-02, 2.482553400856280e+00, 4.025367048719895e-03, -5.881634220000824e-01, 3.014109000000000e+05, 1.950708522471097e-04, 3.823683695108650e+03, 5.995162708738880e-01, 3.973050967164545e-06
1743, 5.956882081690359e-02, 3.310419768205049e-02, 2.482547874450791e+00, 2.136182378668132e-03, -4.136456952327282e-01, 3.014109000000000e+05, 4.895279763222852e-05, 8.352666388623620e+03, 5.995183592765053e-01, 4.012536394213999e-06
1744, 5.974673368005753e-02, 3.310419768218216e-02, 2.482735361991848e+00, 8.488378381140617e-04, -2.558803239934579e-01, 3.014109000000000e+05, 7.872651152010706e-06, 2.398163871236690e+04, 5.995261343056603e-01, 4.038544630400444e-06
1745, 5.988813090430041e-02, 3.310419768228680e-02, 2.482799223242960e+00, 1.418413848925806e-04, -1.177741414703555e-01, 3.014109000000000e+05, 5.815161332655042e-07, 1.026528630330889e+05, 5.995325746301975e-01, 4.051838829050549e-06
1746, 4.511186909569966e-02, 3.536292257292036e-02, 2.554851561092081e+00, 1.844207234449567e-04, -7.351339998382769e-02, 3.014109000000000e+05, 3.738546253794419e-07, 1.026874903139122e+05, 6.016396218028687e-01, 2.702003112032354e-05
1747, 4.525326631994265e-02, 3.536292257304884e-02, 2.554868291082931e+00, 1.127481409817014e-03, -1.679041816452354e-01, 3.014109000000000e+05, 5.084617965288645e-06, 2.404410741262643e+04, 6.016513655293126e-01, 2.684131871203133e-05
1748, 4.543117918309671e-02, 3.536292257321049e-02, 2.555041387442260e+00, 3.093640514879050e-03, -2.885528948265153e-01, 3.014109000000000e+05, 3.219201865478868e-05, 8.440501734270500e+03, 6.016735820909973e-01, 2.644897857384969e-05
1749, 4.565376817936136e-02, 3.536292257341274e-02, 2.555326505067364e+00, 6.650659501958388e-03, -4.402480830712196e-01, 3.014109000000000e+05, 1.345206822241787e-04, 3.960586819692914e+03, 6.017040890394469e-01, 2.574310473536691e-05
1750, 4.593027877977537e-02, 3.536292257366400e-02, 2.555868663659299e+00, 1.227278820026125e-02, -6.205496293937419e-01, 3.014109000000000e+05, 4.090018338235468e-04, 2.350357321806679e+03, 6.017252529675861e-01, 2.462469505588199e-05
1751, 4.627075502212107e-02, 3.536292257397338e-02, 2.555903964063897e+00, 1.973987302533824e-02, -8.082376595369276e-01, 3.014109000000000e+05, 8.855383245308064e-04, 1.532221415115695e+03, 6.016798255384797e-01, 2.303552430733936e-05
1752, 4.668546732230915e-02, 3.536292257435018e-02, 2.554315275959601e+00, 2.747848449352807e-02, -9.648310154154872e-01, 3.014109000000000e+05, 1.415662734577213e-03, 9.373118841427026e+02, 6.014901540659791e-01, 2.100213484533357e-05
1753, 4.718397379352150e-02, 3.536292257480315e-02, 2.551275528024850e+00, 3.327126164267263e-02, -1.060733096886623e+00, 3.014109000000000e+05, 1.930831039223887e-03, 5.099451107116800e+02, 6.011467320629980e-01, 1.864434703862972e-05
1754, 4.777377890010658e-02, 3.536292257533908e-02, 2.548199850848059e+00, 3.604888440169574e-02, -1.098959488659628e+00, 3.014109000000000e+05, 2.495536664112341e-03, 2.551225647813379e+02, 6.007582068082462e-01, 1.613338292602312e-05
1755, 4.845865296750208e-02, 3.536292257596137e-02, 2.545661441550402e+00, 3.652863335752241e-02, -1.106488968851499e+00, 3.014109000000000e+05, 3.028226712941363e-03, 1.260373197628609e+02, 6.004478811591943e-01, 1.364176959009002e-05
1756, 4.923683328539992e-02, 3.536292257666845e-02, 2.542636773891452e+00, 3.589393189446773e-02, -1.106238116231612e+00, 3.014109000000000e+05, 3.396996068095505e-03, 6.782875673490049e+01, 6.002260344292869e-01, 1.131642316261326e-05
1757, 5.009950913789504e-02, 3.536292257745231e-02, 2.538573836539483e+00, 3.461806738320810e-02, -1.106429633222844e+00, 3.014109000000000e+05, 3.613861022980189e-03, 4.320100190257197e+01, 6.000445446350111e-01, 9.251906891001586e-06
1758, 5.103011681554379e-02, 3.536292257829791e-02, 2.533825852315243e+00, 3.267333423886772e-02, -1.108027878123857e+00, 3.014108999999999e+05, 3.740845330852261e-03, 3.303446278606938e+01, 5.998806041852157e-01, 7.475407238709415e-06
1759, 5.200492176987435e-02, 3.536292257918366e-02, 2.528802194507946e+00, 3.001597252961211e-02, -1.110800488684131e+00, 3.014108999999999e+05, 3.815997990299837e-03, 2.917640957100880e+01, 5.997337555012143e-01, 5.975737408054808e-06
1760, 5.299507823013180e-02, 3.536292258008335e-02, 2.523811201310955e+00, 2.671854475278993e-02, -1.114544125107767e+00, 3.014108999999999e+05, 3.852256508895758e-03, 2.855200797851806e+01, 5.996095581493733e-01, 4.737183196817001e-06
1761, 5.396988318446166e-02, 3.536292258096908e-02, 2.519117610072346e+00, 2.295473500267112e-02, -1.119003252364584e+00, 3.014108999999999e+05, 3.845162228158621e-03, 3.058363479423810e+01, 5.995135441857598e-01, 3.745481672141816e-06
1762, 5.490049086210960e-02, 3.536292258181467e-02, 2.514922263175876e+00, 1.895413283702422e-02, -1.123914550302530e+00, 3.014108999999999e+05, 3.777139034881063e-03, 3.669883205154355e+01, 5.994491347781316e-01, 2.982188021782941e-06
1763, 5.576316671460388e-02, 3.536292258259853e-02, 2.511308571355413e+00, 1.495512071954200e-02, -1.129087920720961e+00, 3.014109000000000e+05, 3.615342699697399e-03, 5.151253402605457e+01, 5.994182333664878e-01, 2.423684210842327e-06
1764, 5.654134703250093e-02, 3.536292258330560e-02, 2.508234464627571e+00, 1.118745411030241e-02, -1.133916763342514e+00, 3.014109000000000e+05, 3.303280393807377e-03, 8.700191323952490e+01, 5.994235118897114e-01, 2.043262690117303e-06
1765, 5.722622109989572e-02, 3.536292258392791e-02, 2.505667231128868e+00, 7.903323639989898e-03, -1.134821206927334e+00, 3.014109000000000e+05, 2.787355357168988e-03, 1.719150892872501e+02, 5.994691381976065e-01, 1.810654077074897e-06
1766, 5.781602620648016e-02, 3.536292258446383e-02, 2.503800520948425e+00, 5.419278735524132e-03, -1.118074001627124e+00, 3.014109000000000e+05, 2.155934427004782e-03, 3.622660118443683e+02, 5.995530752902063e-01, 1.691066592289667e-06
1767, 5.831453267769203e-02, 3.536292258491679e-02, 2.502746941715682e+00, 3.967750431302429e-03, -1.056587172090518e+00, 3.014109000000000e+05, 1.589395891699867e-03, 7.302522931194951e+02, 5.996478885034258e-01, 1.648165689271712e-06
1768, 5.872924497787976e-02, 3.536292258529362e-02, 2.502072110587189e+00, 3.332193588200925e-03, -9.326066517338724e-01, 3.014109000000000e+05, 1.047922294055396e-03, 1.317773588736804e+03, 5.997104244129512e-01, 1.649107141504960e-06
1769, 5.906972122022518e-02, 3.536292258560299e-02, 2.501303750509481e+00, 2.853241498814646e-03, -7.605644198651629e-01, 3.014109000000000e+05, 5.252152177413133e-04, 2.187877139240196e+03, 5.997276249747915e-01, 1.668649654414068e-06
1770, 5.934623182063901e-02, 3.536292258585423e-02, 2.500739711646800e+00, 2.090421962135167e-03, -5.744357568426736e-01, 3.014109000000000e+05, 1.848363488708655e-04, 3.861417483270994e+03, 5.997247935862392e-01, 1.691031765628305e-06
1771, 5.956882081690349e-02, 3.536292258605649e-02, 2.500638495539839e+00, 1.191637623474066e-03, -3.995275523697647e-01, 3.014109000000000e+05, 4.581517248137935e-05, 8.374606984103177e+03, 5.997236960597421e-01, 1.708895393394520e-06
1772, 5.974673368005745e-02, 3.536292258621815e-02, 2.500772922320391e+00, 4.880388884649640e-04, -2.448714373597407e-01, 3.014109000000000e+05, 7.325499514160013e-06, 2.399218751631754e+04, 5.997269700166223e-01, 1.720339038742649e-06
1773, 5.988813090430040e-02, 3.536292258634662e-02, 2.500829788840552e+00, 8.177516462754639e-05, -1.119057733253980e-01, 3.014109000000000e+05, 5.401475473093224e-07, 1.026578300495106e+05, 5.997303767018304e-01, 1.726084295903292e-06
1774, 4.511186909569963e-02, 3.787261690360884e-02, 2.553395699858297e+00, 1.505217979196172e-04, -8.285421878980434e-02, 3.014109000000000e+05, 4.252945991707438e-07, 1.026852742829136e+05, 6.016203041891871e-01, 7.895877652273536e-06
1775, 4.525326631994259e-02, 3.787261690375035e-02, 2.553376190706143e+00, 9.190957614541087e-04, -1.877522848609356e-01, 3.014109000000000e+05, 5.783143974965777e-06, 2.404553315905553e+04, 6.016294346271197e-01, 7.845401153067157e-06
1776, 4.543117918309660e-02, 3.787261690392841e-02, 2.553526260654372e+00, 2.565621954704754e-03, -3.202013031547281e-01, 3.014109000000000e+05, 3.654515009101078e-05, 8.456478559482153e+03, 6.016453615814510e-01, 7.735129743539030e-06
1777, 4.565376817936114e-02, 3.787261690415116e-02, 2.553940802977066e+00, 5.674134170044245e-03, -4.842325011485648e-01, 3.014109000000000e+05, 1.513055478205503e-04, 3.985425940418122e+03, 6.016612608875920e-01, 7.538028304782368e-06
1778, 4.593027877977505e-02, 3.787261690442791e-02, 2.554566380300350e+00, 1.066561944397701e-02, -6.727005490951048e-01, 3.014109000000000e+05, 4.479412855387898e-04, 2.347043599818413e+03, 6.016494347970511e-01, 7.228433567958370e-06
1779, 4.627075502212057e-02, 3.787261690476864e-02, 2.554459588152084e+00, 1.705595286090522e-02, -8.572595429915212e-01, 3.014108999999999e+05, 9.354589326663488e-04, 1.479143528677205e+03, 6.015494747770738e-01, 6.792891678596769e-06
1780, 4.668546732230846e-02, 3.787261690518369e-02, 2.552966837213736e+00, 2.313295264703933e-02, -9.986942486458018e-01, 3.014108999999999e+05, 1.475495038619937e-03, 8.655503523197171e+02, 6.013089409258282e-01, 6.240213825202204e-06
1781, 4.718397379352052e-02, 3.787261690568258e-02, 2.550780152691808e+00, 2.707674949300103e-02, -1.076103185092995e+00, 3.014108999999999e+05, 2.035120971768932e-03, 4.542910244604031e+02, 6.009574242867074e-01, 5.601228458642732e-06
1782, 4.777377890010522e-02, 3.787261690627287e-02, 2.549081776549703e+00, 2.844261539895133e-02, -1.101860047946627e+00, 3.014109000000000e+05, 2.640729445374306e-03, 2.220923563155121e+02, 6.006077674000326e-01, 4.917928262525350e-06
1783, 4.845865296750030e-02, 3.787261690695828e-02, 2.547795882151510e+00, 2.811826008492152e-02, -1.104412650624390e+00, 3.014109000000000e+05, 3.158560411553323e-03, 1.092268313807769e+02, 6.003429006270152e-01, 4.233284516095267e-06
1784, 4.923683328539767e-02, 3.787261690773708e-02, 2.545930741124165e+00, 2.699654133969003e-02, -1.102513938599177e+00, 3.014108999999999e+05, 3.485134823975357e-03, 6.006846244824619e+01, 6.001489674560228e-01, 3.585087534383700e-06
1785, 5.009950913789230e-02, 3.787261690860044e-02, 2.543288973427704e+00, 2.533697284008661e-02, -1.101471935510975e+00, 3.014108999999998e+05, 3.665767765095618e-03, 3.971570273860205e+01, 5.999887996786035e-01, 2.997004031565640e-06
1786, 5.103011681554059e-02, 3.787261690953179e-02, 2.540181196903618e+00, 2.311884902764146e-02, -1.101711405850910e+00, 3.014109000000000e+05, 3.766516413866279e-03, 3.143544870632403e+01, 5.998475405081342e-01, 2.475853138870874e-06
1787, 5.200492176987073e-02, 3.787261691050738e-02, 2.536854767892625e+00, 2.034794814976071e-02, -1.103133353027204e+00, 3.014109000000000e+05, 3.823605687470096e-03, 2.837711226703266e+01, 5.997229085782262e-01, 2.021726929925822e-06
1788, 5.299507823012817e-02, 3.787261691149832e-02, 2.533503344509234e+00, 1.711565045346889e-02, -1.105661322200302e+00, 3.014109000000000e+05, 3.849827491390769e-03, 2.801321972220080e+01, 5.996170943629641e-01, 1.635905840206209e-06
1789, 5.396988318445844e-02, 3.787261691247389e-02, 2.530305340855614e+00, 1.358670201483803e-02, -1.109106475780535e+00, 3.014109000000000e+05, 3.841330762703601e-03, 2.997960823281959e+01, 5.995338194741245e-01, 1.319920010936359e-06
1790, 5.490049086210688e-02, 3.787261691340524e-02, 2.527399146932476e+00, 9.960394439753056e-03, -1.113223344331547e+00, 3.014109000000000e+05, 3.780786958272964e-03, 3.577562555661844e+01, 5.994766860560249e-01, 1.072570562726050e-06
1791, 5.576316671460164e-02, 3.787261691426860e-02, 2.524835865114109e+00, 6.431549994228976e-03, -1.117840918590507e+00, 3.014109000000001e+05, 3.635281861339294e-03, 5.003693450781299e+01, 5.994496673901234e-01, 8.895115045318343e-07
1792, 5.654134703249915e-02, 3.787261691504739e-02, 2.522569075148912e+00, 3.188166825616019e-03, -1.122512463564956e+00, 3.014109000000000e+05, 3.346448733414265e-03, 8.481581546208093e+01, 5.994594907410048e-01, 7.642284887644682e-07
1793, 5.722622109989436e-02, 3.787261691573281e-02, 2.520561367645957e+00, 4.618594440759963e-04, -1.124233532586552e+00, 3.014109000000000e+05, 2.848002635297595e-03, 1.692016256213101e+02, 5.995165300646992e-01, 6.880707649182874e-07
1794, 5.781602620647919e-02, 3.787261691632310e-02, 2.519020991685619e+00, -1.397015016846884e-03, -1.110383103445354e+00, 3.014109000000000e+05, 2.201901500916909e-03, 3.594718495009895e+02, 5.996271332568665e-01, 6.500472883236595e-07
1795, 5.831453267769134e-02, 3.787261691682201e-02, 2.518324859806447e+00, -1.993459595861914e-03, -1.054123578279466e+00, 3.014109000000000e+05, 1.598938602183146e-03, 7.280163813473403e+02, 5.997705549554536e-01, 6.380574756490936e-07
1796, 5.872924497787926e-02, 3.787261691723703e-02, 2.518107058748400e+00, -1.366910769032587e-03, -9.346997458185307e-01, 3.014109000000000e+05, 1.041919003733408e-03, 1.328061462029942e+03, 5.998906148472553e-01, 6.408762728069804e-07
1797, 5.906972122022484e-02, 3.787261691757778e-02, 2.517622149173560e+00, -2.950470090999135e-04, -7.622820368414247e-01, 3.014109000000000e+05, 5.220199471853184e-04, 2.224040393703975e+03, 5.999500148595093e-01, 6.497314681003209e-07
1798, 5.934623182063879e-02, 3.787261691785451e-02, 2.516957761458296e+00, 3.526361964116593e-04, -5.716524178473696e-01, 3.014108999999999e+05, 1.825888038420391e-04, 3.907273184639750e+03, 5.999638205899512e-01, 6.590608270094741e-07
1799, 5.956882081690336e-02, 3.787261691807727e-02, 2.516664090999302e+00, 4.007324873865326e-04, -3.933079644107714e-01, 3.014109000000000e+05, 4.494461689520122e-05, 8.404142518198039e+03, 5.999637115736015e-01, 6.662866824004640e-07
1800, 5.974673368005740e-02, 3.787261691825533e-02, 2.516729533889523e+00, 2.019945298499064e-04, -2.388135475469471e-01, 3.014109000000000e+05, 7.158584517764356e-06, 2.400516068418130e+04, 5.999638840887608e-01, 6.708357320615649e-07
1801, 5.988813090430036e-02, 3.787261691839684e-02, 2.516802660401021e+00, 3.426771050813742e-05, -1.084438996448942e-01, 3.014109000000000e+05, 5.271642310164522e-07, 1.026627310998734e+05, 5.999648874417640e-01, 6.730916548825796e-07
1802, 4.511186909569960e-02, 4.066116614419964e-02, 2.554939949315481e+00, 1.254524242234413e-04, -9.138542687691875e-02, 3.014109000000000e+05, 4.908430081084482e-07, 1.026854886718560e+05, 6.016086838116064e-01, 2.095043822635639e-06
1803, 4.525326631994250e-02, 4.066116614436336e-02, 2.554877377239271e+00, 7.743690982911073e-04, -2.065984015152936e-01, 3.014109000000000e+05, 6.672614835020402e-06, 2.405577360338384e+04, 6.016154141741483e-01, 2.082245032634065e-06
1804, 4.543117918309646e-02, 4.066116614456934e-02, 2.555128436608483e+00, 2.308063894015607e-03, -3.522677844715099e-01, 3.014109000000000e+05, 4.205374924190911e-05, 8.491526205039876e+03, 6.016232584618941e-01, 2.054433626449347e-06
1805, 4.565376817936090e-02, 4.066116614482703e-02, 2.555780622607048e+00, 5.404257930599245e-03, -5.303396570480073e-01, 3.014109000000000e+05, 1.719142692434448e-04, 4.027995695294995e+03, 6.016162617435572e-01, 2.005130580619484e-06
1806, 4.593027877977467e-02, 4.066116614514718e-02, 2.556384471827222e+00, 1.030980853669555e-02, -7.256796609106919e-01, 3.014109000000000e+05, 4.925495747825734e-04, 2.344505855841877e+03, 6.015556807288980e-01, 1.928561812891826e-06
1807, 4.627075502212002e-02, 4.066116614554136e-02, 2.556034519741430e+00, 1.610541528374287e-02, -9.028635368415767e-01, 3.014109000000000e+05, 9.944775412233048e-04, 1.421830856993984e+03, 6.013884074345361e-01, 1.822162328534411e-06
1808, 4.668546732230768e-02, 4.066116614602148e-02, 2.554706593446163e+00, 2.095055508332843e-02, -1.026053746025378e+00, 3.014109000000000e+05, 1.561751644407261e-03, 7.973769752261093e+02, 6.010979875612233e-01, 1.688378192481305e-06
1809, 4.718397379351943e-02, 4.066116614659864e-02, 2.553383720528717e+00, 2.348032611468249e-02, -1.085436292438189e+00, 3.014109000000000e+05, 2.176792745302600e-03, 4.050192427265199e+02, 6.007475155209299e-01, 1.534066250729415e-06
1810, 4.777377890010373e-02, 4.066116614728150e-02, 2.552802458744282e+00, 2.377502592724373e-02, -1.100974491353614e+00, 3.014108999999999e+05, 2.806662166117530e-03, 1.936167809230219e+02, 6.004408058205626e-01, 1.368221500948271e-06
1811, 4.845865296749834e-02, 4.066116614807440e-02, 2.552418139282675e+00, 2.277357594445134e-02, -1.099997997166263e+00, 3.014108999999999e+05, 3.290249944634817e-03, 9.502103450815470e+01, 6.002231643761889e-01, 1.200316793757688e-06
1812, 4.923683328539519e-02, 4.066116614897534e-02, 2.551453895351571e+00, 2.113330874631521e-02, -1.096857940097589e+00, 3.014109000000000e+05, 3.571083012692435e-03, 5.359316154898284e+01, 6.000676076315890e-01, 1.038806418195301e-06
1813, 5.009950913788926e-02, 4.066116614997410e-02, 2.549930162867206e+00, 1.900581625805794e-02, -1.094771297983162e+00, 3.014108999999999e+05, 3.718545637421891e-03, 3.683093590878409e+01, 5.999437251144367e-01, 8.885827573994651e-07
1814, 5.103011681553703e-02, 4.066116615105152e-02, 2.548071525336791e+00, 1.639497503050760e-02, -1.093905992616535e+00, 3.014108999999999e+05, 3.796651704723350e-03, 3.013936328297773e+01, 5.998370114246199e-01, 7.509973338007673e-07
1815, 5.200492176986672e-02, 4.066116615218010e-02, 2.546017531530037e+00, 1.334109283031208e-02, -1.094269544292649e+00, 3.014109000000000e+05, 3.838572072275434e-03, 2.774326736905656e+01, 5.997409156184875e-01, 6.269438865452310e-07
1816, 5.299507823012418e-02, 4.066116615332646e-02, 2.543881258062409e+00, 9.954109949817713e-03, -1.095885483620553e+00, 3.014108999999999e+05, 3.856958415784121e-03, 2.754924368063887e+01, 5.996539423154496e-01, 5.183672327183222e-07
1817, 5.396988318445489e-02, 4.066116615445503e-02, 2.541777999700672e+00, 6.401136866900446e-03, -1.098620123397643e+00, 3.014109000000000e+05, 3.848671588507203e-03, 2.934452738078497e+01, 5.995786930121254e-01, 4.273047801449418e-07
1818, 5.490049086210384e-02, 4.066116615553244e-02, 2.539805625016706e+00, 2.866836431159828e-03, -1.102229501137415e+00, 3.014109000000000e+05, 3.796850647824662e-03, 3.463323363367203e+01, 5.995205146400454e-01, 3.547094191905741e-07
1819, 5.576316671459916e-02, 4.066116615653120e-02, 2.537998168875329e+00, -4.831798087749982e-04, -1.106548433783969e+00, 3.014109000000000e+05, 3.669351379279832e-03, 4.796681763672671e+01, 5.994871465735091e-01, 3.002508873636386e-07
1820, 5.654134703249720e-02, 4.066116615743215e-02, 2.536300098185719e+00, -3.498307580853900e-03, -1.111313623455294e+00, 3.014109000000000e+05, 3.408546075402365e-03, 8.125845231335951e+01, 5.994903025901597e-01, 2.627161653608541e-07
1821, 5.722622109989288e-02, 4.066116615822506e-02, 2.534643281839136e+00, -5.980004212549423e-03, -1.114236344626086e+00, 3.014109000000000e+05, 2.940357717751222e-03, 1.632729935526618e+02, 5.995467692691558e-01, 2.399402716665220e-07
1822, 5.781602620647810e-02, 4.066116615890791e-02, 2.533247536652647e+00, -7.558274816061669e-03, -1.104385025067017e+00, 3.014109000000000e+05, 2.293799261069132e-03, 3.491500074211884e+02, 5.996733589957489e-01, 2.287938857911988e-07
1823, 5.831453267769056e-02, 4.066116615948506e-02, 2.532707541243532e+00, -7.673486765031179e-03, -1.056481647210397e+00, 3.014109000000000e+05, 1.647030412459885e-03, 7.136593518319305e+02, 5.998608621718895e-01, 2.256628926821071e-07
1824, 5.872924497787872e-02, 4.066116615996519e-02, 2.532819048688003e+00, -6.118982097207104e-03, -9.467837090780813e-01, 3.014108999999999e+05, 1.061221399226634e-03, 1.324125009469442e+03, 6.000473985509842e-01, 2.271239716548789e-07
1825, 5.906972122022447e-02, 4.066116616035938e-02, 2.532701497389464e+00, -3.644025135728104e-03, -7.783626994627254e-01, 3.014108999999999e+05, 5.383665751367614e-04, 2.258974198331789e+03, 6.001710091276932e-01, 2.304397449032008e-07
1826, 5.934623182063856e-02, 4.066116616067951e-02, 2.532051061042726e+00, -1.506841458220939e-03, -5.831127228242371e-01, 3.014109000000000e+05, 1.920113127279977e-04, 3.967998516718957e+03, 6.002238026854450e-01, 2.338218809825302e-07
1827, 5.956882081690322e-02, 4.066116616093721e-02, 2.531472471116543e+00, -3.816940180337478e-04, -3.971022988612072e-01, 3.014109000000000e+05, 4.745155179189399e-05, 8.449257437689334e+03, 6.002370465064920e-01, 2.364172967811942e-07
1828, 5.974673368005733e-02, 4.066116616114319e-02, 2.531361994965818e+00, -4.420800442436922e-05, -2.382204880184695e-01, 3.014109000000000e+05, 7.548054135353009e-06, 2.402393140966667e+04, 6.002382326784872e-01, 2.380407316784816e-07
1829, 5.988813090430034e-02, 4.066116616130690e-02, 2.531460821714240e+00, -5.051703106292728e-06, -1.073385714419847e-01, 3.014109000000000e+05, 5.553700889870811e-07, 1.026688173336730e+05, 6.002377396063266e-01, 2.388405877571665e-07
1830, 4.511186909569957e-02, 4.375955419547019e-02, 2.559860925958593e+00, 1.221671999522221e-04, -1.000933078569562e-01, 3.014109000000000e+05, 5.930549283013934e-07, 1.026934311317196e+05, 6.015972887522639e-01, 5.043858815891664e-07
1831, 4.525326631994243e-02, 4.375955419565947e-02, 2.559881786264516e+00, 8.180718422588268e-04, -2.282173931946428e-01, 3.014109000000000e+05, 8.057508681314784e-06, 2.409189507841323e+04, 6.016003434346220e-01, 5.014699279863243e-07
1832, 4.543117918309629e-02, 4.375955419589759e-02, 2.560474903122354e+00, 2.721331557038285e-03, -3.919968424449788e-01, 3.014109000000000e+05, 5.052330273131126e-05, 8.568393580715590e+03, 6.015901221298697e-01, 4.951872604288871e-07
1833, 4.565376817936064e-02, 4.375955419619554e-02, 2.561321710959264e+00, 6.515374067420416e-03, -5.861518729200388e-01, 3.014109000000000e+05, 2.020727541739060e-04, 4.095593178287661e+03, 6.015367962477494e-01, 4.841996203064590e-07
1834, 4.593027877977424e-02, 4.375955419656567e-02, 2.561644684876453e+00, 1.193014733542171e-02, -7.838811935696519e-01, 3.014109000000000e+05, 5.538617791853212e-04, 2.336929654008492e+03, 6.013995377223884e-01, 4.674230007362288e-07
1835, 4.627075502211941e-02, 4.375955419702141e-02, 2.561009111674353e+00, 1.745683774460384e-02, -9.463833898818858e-01, 3.014108999999999e+05, 1.083062547083793e-03, 1.356546463237810e+03, 6.011520025038928e-01, 4.444812340862737e-07
1836, 4.668546732230682e-02, 4.375955419757652e-02, 2.560009677364051e+00, 2.128041349861148e-02, -1.047229282846307e+00, 3.014108999999999e+05, 1.699101137022216e-03, 7.293158785363514e+02, 6.008213847864701e-01, 4.159244350782952e-07
1837, 4.718397379351823e-02, 4.375955419824378e-02, 2.559580782913821e+00, 2.261239132027456e-02, -1.088961330088726e+00, 3.014109000000000e+05, 2.369051202235337e-03, 3.578245099650466e+02, 6.004919702201461e-01, 3.830323369207104e-07
1838, 4.777377890010208e-02, 4.375955419903325e-02, 2.559899684817964e+00, 2.198162815600511e-02, -1.096158572040069e+00, 3.014109000000000e+05, 2.994089839567277e-03, 1.668682384020235e+02, 6.002453331052309e-01, 3.474601835608685e-07
1839, 4.845865296749615e-02, 4.375955419994998e-02, 2.560178654866313e+00, 2.030541959241940e-02, -1.092654657561466e+00, 3.014109000000000e+05, 3.422839671266377e-03, 8.203048741476097e+01, 6.000925570703870e-01, 3.110301692203893e-07
1840, 4.923683328539243e-02, 4.375955420099160e-02, 2.559920848475256e+00, 1.805938797501289e-02, -1.088546402217581e+00, 3.014109000000000e+05, 3.654250029337571e-03, 4.778050514140924e+01, 5.999977240863064e-01, 2.753315366764970e-07
1841, 5.009950913788589e-02, 4.375955420214632e-02, 2.559252328624075e+00, 1.533917505655425e-02, -1.085589712769370e+00, 3.014108999999999e+05, 3.769789649941202e-03, 3.428629100310206e+01, 5.999308972676878e-01, 2.411199608543348e-07
1842, 5.103011681553309e-02, 4.375955420339196e-02, 2.558320677006354e+00, 1.216953804023196e-02, -1.083831423334891e+00, 3.014109000000000e+05, 3.826974225939690e-03, 2.903601717345979e+01, 5.998734173241604e-01, 2.085719228503558e-07
1843, 5.200492176986226e-02, 4.375955420469677e-02, 2.557191636249717e+00, 8.619441091342783e-03, -1.083373572428719e+00, 3.014109000000000e+05, 3.855392113601522e-03, 2.722346032603128e+01, 5.998132184418811e-01, 1.781035521323256e-07
1844, 5.299507823011971e-02, 4.375955420602212e-02, 2.555914355262722e+00, 4.822756513885355e-03, -1.084333142342057e+00, 3.014109000000000e+05, 3.867601243587556e-03, 2.713451322737117e+01, 5.997447410290656e-01, 1.505743216793058e-07
1845, 5.396988318445094e-02, 4.375955420732693e-02, 2.554559175690407e+00, 9.595102777444762e-04, -1.086623252326546e+00, 3.014108999999999e+05, 3.861214057488315e-03, 2.866497928919492e+01, 5.996698919654467e-01, 1.268894809753092e-07
1846, 5.490049086210047e-02, 4.375955420857259e-02, 2.553204341634380e+00, -2.786159523248743e-03, -1.089983467296407e+00, 3.014109000000000e+05, 3.820012535707983e-03, 3.324993444798287e+01, 5.995970163214956e-01, 1.076306768894452e-07
1847, 5.576316671459640e-02, 4.375955420972730e-02, 2.551881873995722e+00, -6.263790939522992e-03, -1.094224078446867e+00, 3.014109000000000e+05, 3.714788894661077e-03, 4.502742797619648e+01, 5.995389648831290e-01, 9.297557191458903e-08
1848, 5.654134703249501e-02, 4.375955421076890e-02, 2.550530597474006e+00, -9.355276106771114e-03, -1.099224593567684e+00, 3.014109000000000e+05, 3.492364676312882e-03, 7.505516113395835e+01, 5.995131534177454e-01, 8.274396263310315e-08
1849, 5.722622109989123e-02, 4.375955421168565e-02, 2.549041137967347e+00, -1.190735903899032e-02, -1.103481288544992e+00, 3.014108999999999e+05, 3.072881984046883e-03, 1.509798712912857e+02, 5.995437780778631e-01, 7.647316446665646e-08
1850, 5.781602620647690e-02, 4.375955421247511e-02, 2.547620193370022e+00, -1.355846181625974e-02, -1.098425422517189e+00, 3.014108999999999e+05, 2.443407420454801e-03, 3.278055866025380e+02, 5.996604704104570e-01, 7.339269670106308e-08
1851, 5.831453267768971e-02, 4.375955421314237e-02, 2.546967004887855e+00, -1.362317257847720e-02, -1.061884795263707e+00, 3.014108999999999e+05, 1.754281446012991e-03, 6.830279402131920e+02, 5.998704321797743e-01, 7.254935747870368e-08
1852, 5.872924497787809e-02, 4.375955421369748e-02, 2.547171949223967e+00, -1.159171555084854e-02, -9.682498980588148e-01, 3.014109000000000e+05, 1.122262204525761e-03, 1.299112555664158e+03, 6.001189741858736e-01, 7.301462111078279e-08
1853, 5.906972122022404e-02, 4.375955421415323e-02, 2.547445446679708e+00, -7.956013219425313e-03, -8.114492460457154e-01, 3.014109000000000e+05, 5.796607754336602e-04, 2.282328922082423e+03, 6.003265093289244e-01, 7.402911316248790e-08
1854, 5.934623182063829e-02, 4.375955421452334e-02, 2.547064207882707e+00, -4.170899239100422e-03, -6.149089520508498e-01, 3.014109000000000e+05, 2.137970222225047e-04, 4.055402517944657e+03, 6.004517517795905e-01, 7.507629977669351e-08
1855, 5.956882081690308e-02, 4.375955421482128e-02, 2.546259640761429e+00, -1.556874398123558e-03, -4.170682128180805e-01, 3.014109000000000e+05, 5.376486147964325e-05, 8.540997091995125e+03, 6.005056132200429e-01, 7.589158623947365e-08
1856, 5.974673368005724e-02, 4.375955421505943e-02, 2.545751868640679e+00, -3.752359449194940e-04, -2.461784957392945e-01, 3.014109000000000e+05, 8.587465470574710e-06, 2.407208244692602e+04, 6.005201005070849e-01, 7.640624751874231e-08
1857, 5.988813090430030e-02, 4.375955421524869e-02, 2.545753626283059e+00, -4.910972653183641e-05, -1.092484320513365e-01, 3.014109000000000e+05, 6.321533068263909e-07, 1.026831235288938e+05, 6.005205149947709e-01, 7.666046289876311e-08
1858, 4.511186909569954e-02, 4.720220758523641e-02, 2.568754818410067e+00, 2.112536221786712e-04, -1.140286705221741e-01, 3.014109000000000e+05, 8.087106832821266e-07, 1.027324634461046e+05, 6.014650874004338e-01, 1.099487559336733e-07
1859, 4.525326631994233e-02, 4.720220758545474e-02, 2.569336944362810e+00, 1.520545429746727e-03, -2.654620334424248e-01, 3.014109000000000e+05, 1.096614339442525e-05, 2.420373163649026e+04, 6.014591147458580e-01, 1.093556895478151e-07
1860, 4.543117918309612e-02, 4.720220758572948e-02, 2.570379851373680e+00, 4.829277323117846e-03, -4.556029866218837e-01, 3.014109000000000e+05, 6.771940141051477e-05, 8.725945924530015e+03, 6.014074446999332e-01, 1.081024120823116e-07
1861, 4.565376817936036e-02, 4.720220758607318e-02, 2.571003192988105e+00, 1.027506871407481e-02, -6.629222114337646e-01, 3.014109000000000e+05, 2.579886887416944e-04, 4.185713945350644e+03, 6.012751963811011e-01, 1.059658051952023e-07
1862, 4.593027877977377e-02, 4.720220758650014e-02, 2.570776804191152e+00, 1.659926533310079e-02, -8.509141042710826e-01, 3.014109000000000e+05, 6.611896668482606e-04, 2.310392336663457e+03, 6.010458544677207e-01, 1.027867992658982e-07
1863, 4.627075502211874e-02, 4.720220758702588e-02, 2.570057625411698e+00, 2.181892125651719e-02, -9.872795651365014e-01, 3.014109000000000e+05, 1.244652465805526e-03, 1.274417743005630e+03, 6.007387068512958e-01, 9.852479336198430e-08
1864, 4.668546732230585e-02, 4.720220758766624e-02, 2.569715495264435e+00, 2.451841534353228e-02, -1.061146144437530e+00, 3.014109000000000e+05, 1.927210703106335e-03, 6.526719811332398e+02, 6.004172925650798e-01, 9.326945588103780e-08
1865, 4.718397379351690e-02, 4.720220758843600e-02, 2.570267851132745e+00, 2.462994774580456e-02, -1.085943115676147e+00, 3.014109000000000e+05, 2.627956811736199e-03, 3.062584498058625e+02, 6.001639487949780e-01, 8.720811628370019e-08
1866, 4.777377890010023e-02, 4.720220758934673e-02, 2.571361862138441e+00, 2.303444040152931e-02, -1.086554293724151e+00, 3.014109000000000e+05, 3.203247052820051e-03, 1.388940233766153e+02, 6.000238957504268e-01, 8.059403117337477e-08
1867, 4.845865296749372e-02, 4.720220759040426e-02, 2.572196257808249e+00, 2.056240702314770e-02, -1.081312204697836e+00, 3.014109000000000e+05, 3.554739259946225e-03, 6.908511196326690e+01, 5.999760306490379e-01, 7.372237146808494e-08
1868, 4.923683328538935e-02, 4.720220759160586e-02, 2.572544216724498e+00, 1.754099525301922e-02, -1.076467509322398e+00, 3.014109000000000e+05, 3.731945426015454e-03, 4.217314614061959e+01, 5.999756622574489e-01, 6.682005018762359e-08
1869, 5.009950913788214e-02, 4.720220759293792e-02, 2.572567793938504e+00, 1.403067859033488e-02, -1.072793409247697e+00, 3.014108999999999e+05, 3.814985342963498e-03, 3.191053356347911e+01, 5.999898299302879e-01, 5.993800544372694e-08
1870, 5.103011681552869e-02, 4.720220759437489e-02, 2.572351735598707e+00, 1.007361133710043e-02, -1.070310178856065e+00, 3.014109000000000e+05, 3.851615875246634e-03, 2.805787927230038e+01, 5.999958452430665e-01, 5.307688147639501e-08
1871, 5.200492176985731e-02, 4.720220759588013e-02, 2.571896073164782e+00, 5.768097341481185e-03, -1.069222535680522e+00, 3.014109000000000e+05, 3.867507975565078e-03, 2.678606691328848e+01, 5.999775199319860e-01, 4.637178791330354e-08
1872, 5.299507823011475e-02, 4.720220759740904e-02, 2.571192442268821e+00, 1.273033712320888e-03, -1.069733170184240e+00, 3.014109000000000e+05, 3.874904126052556e-03, 2.675638375404776e+01, 5.999262008033784e-01, 4.009621152277593e-08
1873, 5.396988318444654e-02, 4.720220759891425e-02, 2.570280056241774e+00, -3.217846453858397e-03, -1.071792830077047e+00, 3.014108999999999e+05, 3.872232797649288e-03, 2.793132085534229e+01, 5.998433458415927e-01, 3.454617429555518e-08
1874, 5.490049086209672e-02, 4.720220760035121e-02, 2.569238781259818e+00, -7.513765010362536e-03, -1.075114736105850e+00, 3.014108999999999e+05, 3.844903536835714e-03, 3.150629950554450e+01, 5.997399204475812e-01, 2.993894367880225e-08
1875, 5.576316671459332e-02, 4.720220760168329e-02, 2.568121471219413e+00, -1.146557922354523e-02, -1.079445785455884e+00, 3.014109000000000e+05, 3.766740884214838e-03, 4.102984433908696e+01, 5.996325579968583e-01, 2.636054801780282e-08
1876, 5.654134703249258e-02, 4.720220760288490e-02, 2.566880930454321e+00, -1.497562651492785e-02, -1.084724060501712e+00, 3.014108999999999e+05, 3.592015172447845e-03, 6.606979499377611e+01, 5.995431506197548e-01, 2.380639796353699e-08
1877, 5.722622109988938e-02, 4.720220760394243e-02, 2.565377052552511e+00, -1.793801585696419e-02, -1.090178266188765e+00, 3.014109000000000e+05, 3.243684533219315e-03, 1.317089023042966e+02, 5.995026871372556e-01, 2.219705493313556e-08
1878, 5.781602620647557e-02, 4.720220760485317e-02, 2.563726663361047e+00, -2.004803148353364e-02, -1.090037372323416e+00, 3.014109000000000e+05, 2.668498440827631e-03, 2.920786640257866e+02, 5.995536506083986e-01, 2.137038477944982e-08
1879, 5.831453267768875e-02, 4.720220760562292e-02, 2.562625312136199e+00, -2.058474102446586e-02, -1.066943332092655e+00, 3.014109000000000e+05, 1.959077717947358e-03, 6.300496224990103e+02, 5.997253257906903e-01, 2.110703016152050e-08
1880, 5.872924497787741e-02, 4.720220760626328e-02, 2.562510852174412e+00, -1.872928902081003e-02, -9.961800596967402e-01, 3.014109000000000e+05, 1.265829218792816e-03, 1.244631745484046e+03, 5.999872460787866e-01, 2.118562083200986e-08
1881, 5.906972122022358e-02, 4.720220760678901e-02, 2.562973212601156e+00, -1.445230256918102e-02, -8.629632091001609e-01, 3.014109000000000e+05, 6.741968841654989e-04, 2.279091196072871e+03, 6.002619005898897e-01, 2.142165683445938e-08
1882, 5.934623182063800e-02, 4.720220760721597e-02, 2.563130815447990e+00, -8.985666927199607e-03, -6.763448381666346e-01, 3.014109000000000e+05, 2.641188061821690e-04, 4.160382129788158e+03, 6.004787756715815e-01, 2.168430577110034e-08
1883, 5.956882081690290e-02, 4.720220760755968e-02, 2.562523754925987e+00, -4.182583566798858e-03, -4.678632044019257e-01, 3.014109000000000e+05, 6.951050559954947e-05, 8.708782403451334e+03, 6.006087196641023e-01, 2.189935153307384e-08
1884, 5.974673368005715e-02, 4.720220760783440e-02, 2.561529102820098e+00, -1.273334418287092e-03, -2.745054290587013e-01, 3.014109000000000e+05, 1.126484448658435e-05, 2.419225414276811e+04, 6.006617880681041e-01, 2.204027639064700e-08
1885, 5.988813090430026e-02, 4.720220760805275e-02, 2.560960143061740e+00, -1.705089368905480e-04, -1.187252243934720e-01, 3.014109000000000e+05, 8.308043809754124e-07, 1.027266274174525e+05, 6.006694286644677e-01, 2.211153573684403e-08
1886, 4.511186909569950e-02, 5.102737799679556e-02, 2.586384624175767e+00, 6.769595057974248e-04, -1.546343927264975e-01, 3.014109000000000e+05, 1.528173991887795e-06, 1.028852959662129e+05, 6.008806890369727e-01, 2.163564205475339e-08
1887, 4.525326631994224e-02, 5.102737799704707e-02, 2.587684342858037e+00, 4.379484914535342e-03, -3.531174536512006e-01, 3.014109000000000e+05, 2.040576692247681e-05, 2.450782941404970e+04, 6.008574560455472e-01, 2.153149590794241e-08
1888, 4.543117918309594e-02, 5.102737799736354e-02, 2.588523530185813e+00, 1.082814376431864e-02, -5.706864525889196e-01, 3.014109000000000e+05, 1.170166067256108e-04, 8.999218172238399e+03, 6.007554852361442e-01, 2.132210988516544e-08
1889, 4.565376817936002e-02, 5.102737799775945e-02, 2.588182788130414e+00, 1.865569553506484e-02, -7.709507228982521e-01, 3.014109000000000e+05, 3.916987755404763e-04, 4.263006157761038e+03, 6.005677375811727e-01, 2.098130828892237e-08
1890, 4.593027877977326e-02, 5.102737799825131e-02, 2.587447352851609e+00, 2.558480824741730e-02, -9.250308479982905e-01, 3.014109000000000e+05, 8.933549177692110e-04, 2.229996962441732e+03, 6.003248798164019e-01, 2.049175468114532e-08
1891, 4.627075502211798e-02, 5.102737799885694e-02, 2.587056074162903e+00, 2.984861240376190e-02, -1.020756879484263e+00, 3.014109000000000e+05, 1.567237629515270e-03, 1.148444775336031e+03, 6.000795241125030e-01, 1.984786556780194e-08
1892, 4.668546732230480e-02, 5.102737799959462e-02, 2.587545569754301e+00, 3.094631146702199e-02, -1.064289924229557e+00, 3.014109000000000e+05, 2.303776884898028e-03, 5.478355678366654e+02, 5.998965519457184e-01, 1.905616834492262e-08
1893, 4.718397379351540e-02, 5.102737800048135e-02, 2.588818540935330e+00, 2.956741644783326e-02, -1.074114205557481e+00, 3.014109000000000e+05, 2.966425686796113e-03, 2.413282403562100e+02, 5.998245749567451e-01, 1.813436135204603e-08
1894, 4.777377890009819e-02, 5.102737800153047e-02, 2.590213047844865e+00, 2.677426087253395e-02, -1.070197610599447e+00, 3.014109000000000e+05, 3.428863603609714e-03, 1.069281832402789e+02, 5.998614777581388e-01, 1.711224521084587e-08
1895, 4.845865296749104e-02, 5.102737800274869e-02, 2.591141587280628e+00, 2.323967404962669e-02, -1.064096214125499e+00, 3.014109000000000e+05, 3.679450665188779e-03, 5.535733932850863e+01, 5.999586602838628e-01, 1.602533762369657e-08
1896, 4.923683328538593e-02, 5.102737800413289e-02, 2.591638776671617e+00, 1.916806649651663e-02, -1.058884028092854e+00, 3.014109000000000e+05, 3.796410792151495e-03, 3.651512870991763e+01, 6.000682453841917e-01, 1.488713496568991e-08
1897, 5.009950913787798e-02, 5.102737800566739e-02, 2.591905646978721e+00, 1.460449880962356e-02, -1.054760789425810e+00, 3.014109000000000e+05, 3.844902053247970e-03, 2.962979521234051e+01, 6.001617281852529e-01, 1.368085222641417e-08
1898, 5.103011681552381e-02, 5.102737800732272e-02, 2.592003011508272e+00, 9.615980852238463e-03, -1.051806144182889e+00, 3.014109000000000e+05, 3.860821053882689e-03, 2.717405653312628e+01, 6.002219139905209e-01, 1.240017698841364e-08
1899, 5.200492176985181e-02, 5.102737800905666e-02, 2.591895791418208e+00, 4.325696162454993e-03, -1.050315603689901e+00, 3.014108999999999e+05, 3.865236181145309e-03, 2.640772400280413e+01, 6.002369680248978e-01, 1.108177943953342e-08
1900, 5.299507823010925e-02, 5.102737801081791e-02, 2.591547991528954e+00, -1.104819137474303e-03, -1.050537915693206e+00, 3.014109000000000e+05, 3.869039019213224e-03, 2.640407495274529e+01, 6.002005601057382e-01, 9.796785164233179e-09
1901, 5.396988318444167e-02, 5.102737801255186e-02, 2.590979482580077e+00, -6.496699088680202e-03, -1.052450855509568e+00, 3.014109000000000e+05, 3.871473472617806e-03, 2.714867470794990e+01, 6.001139335701874e-01, 8.625541338569131e-09
1902, 5.490049086209255e-02, 5.102737801420720e-02, 2.590263015929374e+00, -1.167002050121798e-02, -1.055765581156959e+00, 3.014108999999999e+05, 3.860391307653417e-03, 2.951865351882634e+01, 5.999852769818053e-01, 7.626815513756546e-09
1903, 5.576316671458990e-02, 5.102737801574170e-02, 2.589460389113147e+00, -1.647205926868912e-02, -1.060161086820888e+00, 3.014108999999999e+05, 3.814048785428093e-03, 3.615919271433030e+01, 5.998269123381195e-01, 6.829731235629956e-09
1904, 5.654134703248988e-02, 5.102737801712588e-02, 2.588525496891500e+00, -2.080437998890031e-02, -1.065536655408888e+00, 3.014109000000000e+05, 3.696974758997966e-03, 5.435979340519702e+01, 5.996554944324741e-01, 6.240599455618047e-09
1905, 5.722622109988735e-02, 5.102737801834412e-02, 2.587268155601119e+00, -2.459292908144600e-02, -1.071647588598453e+00, 3.014109000000000e+05, 3.445894385909225e-03, 1.043969929883503e+02, 5.994988023040462e-01, 5.849217344591862e-09
1906, 5.781602620647408e-02, 5.102737801939325e-02, 2.585628984561123e+00, -2.762222980022513e-02, -1.075471426558264e+00, 3.014109000000000e+05, 2.983565932203170e-03, 2.359325663927835e+02, 5.994044734797298e-01, 5.627766961562628e-09
1907, 5.831453267768769e-02, 5.102737802027996e-02, 2.584128486671132e+00, -2.925303157247594e-02, -1.065844320627291e+00, 3.014109000000000e+05, 2.318498618369449e-03, 5.386585681294554e+02, 5.994244315883224e-01, 5.533563948695329e-09
1908, 5.872924497787666e-02, 5.102737802101765e-02, 2.583426230572141e+00, -2.847227612854605e-02, -1.023189923831153e+00, 3.014109000000000e+05, 1.576982276045309e-03, 1.135532645960412e+03, 5.995677152593604e-01, 5.520982135488317e-09
1909, 5.906972122022305e-02, 5.102737802162327e-02, 2.583668231067306e+00, -2.458701009362603e-02, -9.287840025544649e-01, 3.014109000000000e+05, 8.989004509090131e-04, 2.214849900390284e+03, 5.997892643066112e-01, 5.551342342820111e-09
1910, 5.934623182063768e-02, 5.102737802211511e-02, 2.584341642494642e+00, -1.803323188714209e-02, -7.756789254828280e-01, 3.014109000000000e+05, 3.943808360637955e-04, 4.248833767089307e+03, 6.000214437635280e-01, 5.596439152586370e-09
1911, 5.956882081690272e-02, 5.102737802251105e-02, 2.584678151101245e+00, -1.050739183850509e-02, -5.754172815126312e-01, 3.014109000000000e+05, 1.178901311454338e-04, 8.988762192939363e+03, 6.002060382999519e-01, 5.638583519973204e-09
1912, 5.974673368005705e-02, 5.102737802282750e-02, 2.583862150863982e+00, -4.254769488879802e-03, -3.568245821608131e-01, 3.014109000000000e+05, 2.056144361133154e-05, 2.450135490040274e+04, 6.003079976948281e-01, 5.669039170958578e-09
1913, 5.988813090430022e-02, 5.102737802307902e-02, 2.582569359854770e+00, -6.563787770783673e-04, -1.566350977831930e-01, 3.014109000000000e+05, 1.539834946429741e-06, 1.028822902336706e+05, 6.003318774671922e-01, 5.685730973935324e-09
1914, 4.511186909569946e-02, 5.527756735349445e-02, 2.623768321963954e+00, 2.534299377389671e-03, -2.952265391301137e-01, 3.014109000000000e+05, 7.100085564493750e-06, 1.033695037921410e+05, 5.991476310919193e-01, 3.858656014906356e-09
1915, 4.525326631994213e-02, 5.527756735379807e-02, 2.620803078728243e+00, 1.268334100608721e-02, -5.599474128356891e-01, 3.014109000000000e+05, 7.619935857063613e-05, 2.508604770240002e+04, 5.991752890775197e-01, 3.844775093395295e-09
1916, 4.543117918309574e-02, 5.527756735418009e-02, 2.620673281505434e+00, 2.337114027384843e-02, -7.656081946783688e-01, 3.014109000000000e+05, 3.149945003226080e-04, 9.236992023660912e+03, 5.992185697147641e-01, 3.820260172838734e-09
1917, 4.565376817935967e-02, 5.527756735465806e-02, 2.619133054738707e+00, 3.263405423203470e-02, -9.074982587765925e-01, 3.014109000000000e+05, 7.865976234367931e-04, 4.140356655897428e+03, 5.992568642859702e-01, 3.783124092770541e-09
1918, 4.593027877977269e-02, 5.527756735525179e-02, 2.618522092568949e+00, 3.840024809663609e-02, -9.937354576465927e-01, 3.014109000000000e+05, 1.457249024908649e-03, 1.960032869637392e+03, 5.993110928727610e-01, 3.731418032942036e-09
1919, 4.627075502211712e-02, 5.527756735598290e-02, 2.618669455744983e+00, 4.026293703616146e-02, -1.036743836778173e+00, 3.014109000000000e+05, 2.208599845299464e-03, 8.948395166177676e+02, 5.993965676302766e-01, 3.663186218077536e-09
1920, 4.668546732230363e-02, 5.527756735687338e-02, 2.619512270701342e+00, 3.888833679519878e-02, -1.050845175554239e+00, 3.014109000000000e+05, 2.885031995709609e-03, 3.783390652583913e+02, 5.995356984865596e-01, 3.577090891976233e-09
1921, 4.718397379351375e-02, 5.527756735794383e-02, 2.620513740950116e+00, 3.549791827064415e-02, -1.049821213021202e+00, 3.014109000000000e+05, 3.371051656069053e-03, 1.541611812018892e+02, 5.997323914985596e-01, 3.473302070642548e-09
1922, 4.777377890009592e-02, 5.527756735921028e-02, 2.621036979517980e+00, 3.111020870421353e-02, -1.044099652720693e+00, 3.014109000000000e+05, 3.647706913215368e-03, 6.995905850805914e+01, 5.999526490838593e-01, 3.353948375821988e-09
1923, 4.845865296748802e-02, 5.527756736068089e-02, 2.620926894922841e+00, 2.620672663886551e-02, -1.038417016645823e+00, 3.014109000000000e+05, 3.777920732947295e-03, 4.089784322039085e+01, 6.001480407142614e-01, 3.219649224876127e-09
1924, 4.923683328538213e-02, 5.527756736235186e-02, 2.620519887002542e+00, 2.092324914193486e-02, -1.033624551447204e+00, 3.014109000000000e+05, 3.829269031704350e-03, 3.093838267342205e+01, 6.002938215656498e-01, 3.064771131431311e-09
1925, 5.009950913787335e-02, 5.527756736420424e-02, 2.620083892596623e+00, 1.532805463151440e-02, -1.029722881819136e+00, 3.014109000000000e+05, 3.841918860294434e-03, 2.752273089645625e+01, 6.003874887823321e-01, 2.881486302374307e-09
1926, 5.103011681551838e-02, 5.527756736620252e-02, 2.619712449549169e+00, 9.511896699279971e-03, -1.026881351905855e+00, 3.014109000000000e+05, 3.838976405994332e-03, 2.639313394007727e+01, 6.004352021565907e-01, 2.668633245878556e-09
1927, 5.200492176984569e-02, 5.527756736829570e-02, 2.619436711938987e+00, 3.568661037538539e-03, -1.025387606527881e+00, 3.014109000000000e+05, 3.834674926379184e-03, 2.606304981685266e+01, 6.004444246890154e-01, 2.435080105219093e-09
1928, 5.299507823010313e-02, 5.527756737042182e-02, 2.619277825036131e+00, -2.429278577195209e-03, -1.025440404095665e+00, 3.014109000000000e+05, 3.836066304247644e-03, 2.606476190352079e+01, 6.004202063169745e-01, 2.196617768805928e-09
1929, 5.396988318443624e-02, 5.527756737251498e-02, 2.619245559359036e+00, -8.419896893471059e-03, -1.027034444558490e+00, 3.014109000000000e+05, 3.842942714660238e-03, 2.639501363515538e+01, 6.003635679021454e-01, 1.971362431232266e-09
1930, 5.490049086208794e-02, 5.527756737451325e-02, 2.619336681460307e+00, -1.432196094591438e-02, -1.029960096958457e+00, 3.014108999999999e+05, 3.847835147580285e-03, 2.751123723325864e+01, 6.002709516547517e-01, 1.772874146675909e-09
1931, 5.576316671458610e-02, 5.527756737636565e-02, 2.619532600010938e+00, -2.002687373471444e-02, -1.033920348094645e+00, 3.014108999999999e+05, 3.836085632232621e-03, 3.088059403032521e+01, 6.001354602064516e-01, 1.608816064523385e-09
1932, 5.654134703248687e-02, 5.527756737803661e-02, 2.619745401221255e+00, -2.542781290772274e-02, -1.038736732570968e+00, 3.014109000000000e+05, 3.784363155867579e-03, 4.071254908267414e+01, 5.999506617770581e-01, 1.481624700891228e-09
1933, 5.722622109988506e-02, 5.527756737950722e-02, 2.619710265936421e+00, -3.044098053419460e-02, -1.044381622960000e+00, 3.014109000000000e+05, 3.652883185442377e-03, 6.944287159820685e+01, 5.997185509423308e-01, 1.390327189095585e-09
1934, 5.781602620647242e-02, 5.527756738077368e-02, 2.619092126643358e+00, -3.491655737329802e-02, -1.049962878002950e+00, 3.014109000000000e+05, 3.375272132628150e-03, 1.529042826773134e+02, 5.994637756429542e-01, 1.331298373217188e-09
1935, 5.831453267768651e-02, 5.527756738184411e-02, 2.618020194339339e+00, -3.837382535407732e-02, -1.050816348427633e+00, 3.014109000000000e+05, 2.888749986677881e-03, 3.758658928824732e+02, 5.992358402904303e-01, 1.297999758207039e-09
1936, 5.872924497787581e-02, 5.527756738273461e-02, 2.617105697193095e+00, -3.981803103160056e-02, -1.036727144789658e+00, 3.014109000000000e+05, 2.211186790063821e-03, 8.908936931395280e+02, 5.990716499626815e-01, 1.282502565402726e-09
1937, 5.906972122022246e-02, 5.527756738346572e-02, 2.616893848464603e+00, -3.804962307140691e-02, -9.940116388528500e-01, 3.014109000000000e+05, 1.458591265184488e-03, 1.954703875507400e+03, 5.989698090446572e-01, 1.277818501755696e-09
1938, 5.934623182063733e-02, 5.527756738405946e-02, 2.617466401587683e+00, -3.239651918035825e-02, -9.081824786419629e-01, 3.014109000000000e+05, 7.871968752569605e-04, 4.134320161426352e+03, 5.989074512755818e-01, 1.278827787000839e-09
1939, 5.956882081690251e-02, 5.527756738453742e-02, 2.618994980289311e+00, -2.323990740326757e-02, -7.665424520399962e-01, 3.014109000000000e+05, 3.152122107038663e-04, 9.231474625562787e+03, 5.988664197877689e-01, 1.282154552835012e-09
1940, 5.974673368005694e-02, 5.527756738491944e-02, 2.619131828170065e+00, -1.262933176892806e-02, -5.608162774118646e-01, 3.014109000000000e+05, 7.624505338913648e-05, 2.508222888387426e+04, 5.988228755178012e-01, 1.285702111169383e-09
1941, 5.988813090430017e-02, 5.527756738522307e-02, 2.622100146436837e+00, -2.524717519856338e-03, -2.957410284698102e-01, 3.014109000000000e+05, 7.103810162835483e-06, 1.033678320745876e+05, 5.987955363488157e-01, 1.288337048621918e-09
1942, 6.049429485004811e-02, 1.491761752497091e-02, -1.808015928544451e+00, -4.000670983643018e-01, 2.378202841385444e-02, 3.014109000000000e+05, 8.427450587035915e-06, 1.977540981233335e+05, 6.062854039724838e-01, 1.804617787848144e-02
1943, 6.049429485004890e-02, 1.482608144927885e-02, -1.813114055121661e+00, -3.922980298234138e-01, -1.919865453449256e-02, 3.014109000000000e+05, 8.716599828445160e-05, 5.401116772295514e+04, 6.045516626633184e-01, 1.800196552726591e-02
1944, 6.049429485004974e-02, 1.472437470238862e-02, -1.829210300230214e+00, -3.046779235568907e-01, -9.756870109977953e-02, 3.014109000000000e+05, 3.146955826799224e-04, 2.711133978920114e+04, 6.018325625657533e-01, 1.789379449481967e-02
1945, 6.049429485005072e-02, 1.461136720245587e-02, -1.894233228030513e+00, -1.531262659699731e-01, -2.134529431499206e-01, 3.014109000000000e+05, 6.425397388886115e-04, 1.952998937547332e+04, 5.982390278108657e-01, 1.771437924399776e-02
1946, 6.049429485005178e-02, 1.448580330971926e-02, -2.008433028126758e+00, 5.366275006793042e-02, -3.729243225869711e-01, 3.014109000000000e+05, 9.153532305110034e-04, 1.684118598942532e+04, 5.941250039781495e-01, 1.747796190639629e-02
1947, 6.049429485005298e-02, 1.434628787700050e-02, -2.134669460508850e+00, 3.101472692443215e-01, -5.791531715914542e-01, 3.014109000000000e+05, 9.922200237639902e-04, 1.555762078327283e+04, 5.901141111922555e-01, 1.722909454220840e-02
1948, 6.049429485005429e-02, 1.419127073662659e-02, -2.221075809012874e+00, 6.072403276397182e-01, -8.304094010026581e-01, 3.014109000000000e+05, 1.294366399323431e-03, 1.411880785305584e+04, 5.870327170880771e-01, 1.705227160536508e-02
1949, 6.049429485005576e-02, 1.401902946566702e-02, -2.218929280533131e+00, 9.290057514961994e-01, -1.112301369752760e+00, 3.014109000000000e+05, 1.839059602369312e-03, 1.261772381152474e+04, 5.856057956484124e-01, 1.700683835829175e-02
1950, 6.049429485005738e-02, 1.382765027082259e-02, -2.112884145463438e+00, 1.251264974851934e+00, -1.398080745388441e+00, 3.014109000000001e+05, 2.699204499033673e-03, 1.105404142618105e+04, 5.861762114583515e-01, 1.716581279566735e-02
1951, 6.049429485005920e-02, 1.361500671951567e-02, -1.919027602835604e+00, 1.545987479459536e+00, -1.653150501594374e+00, 3.014109000000000e+05, 3.982611527743249e-03, 9.432445408876070e+03, 5.885227906036018e-01, 1.761362750761643e-02
1952, 6.049429485006120e-02, 1.337873610954815e-02, -1.671684319545226e+00, 1.788948154508025e+00, -1.843961779560610e+00, 3.014109000000000e+05, 5.827147997803634e-03, 7.792617342865729e+03, 5.918910939154802e-01, 1.845447828428102e-02
1953, 6.049429485006344e-02, 1.311621321754013e-02, -1.408203146472720e+00, 1.966621513828082e+00, -1.948105841475434e+00, 3.014109000000000e+05, 8.380485585151969e-03, 6.198430128561045e+03, 5.952337801629590e-01, 1.983179938248684e-02
1954, 6.049429485006592e-02, 1.282452111727440e-02, -1.157327179408959e+00, 2.079145539269190e+00, -1.960986762309870e+00, 3.014109000000000e+05, 1.174903690776950e-02, 4.723729822918947e+03, 5.975661486357288e-01, 2.195579577598060e-02
1955, 6.049429485006867e-02, 1.250041877431727e-02, -9.336154826232571e-01, 2.138394167847915e+00, -1.896352966307790e+00, 3.014109000000000e+05, 1.592711273528191e-02, 3.439292158689895e+03, 5.982981857379797e-01, 2.513535608896249e-02
1956, 6.049429485007174e-02, 1.214030506533443e-02, -7.369255869525776e-01, 2.162422502364062e+00, -1.780439577347412e+00, 3.014109000000000e+05, 2.071228132834756e-02, 2.398807599516666e+03, 5.973926376631098e-01, 2.980884633959814e-02
1957, 6.049429485007515e-02, 1.174017872896741e-02, -5.575902918042038e-01, 2.169401720871277e+00, -1.642295723999897e+00, 3.014109000000001e+05, 2.561394552505571e-02, 1.625329564485750e+03, 5.952564418770452e-01, 3.656653749329580e-02
1958, 6.049429485007893e-02, 1.129559391402915e-02, -3.849815291116545e-01, 2.173505476845239e+00, -1.504427906404754e+00, 3.014109000000000e+05, 2.986085997680633e-02, 1.104815492120195e+03, 5.924096461980688e-01, 4.615790542405793e-02
1959, 6.049429485008314e-02, 1.080161078745983e-02, -2.140054771481018e-01, 2.182574229059592e+00, -1.377557712631584e+00, 3.014109000000000e+05, 3.268360402764485e-02, 7.927066019180882e+02, 5.891205938847310e-01, 5.948579695075806e-02
1960, 6.049429485008780e-02, 1.025274063981381e-02, -4.614182380580443e-02, 2.195983137490698e+00, -1.260841916833830e+00, 3.014109000000000e+05, 3.370560276253860e-02, 6.311287051368097e+02, 5.852239859526305e-01, 7.760267478587389e-02
1961, 6.049429485009300e-02, 9.642884908219945e-03, 1.129331273297251e-01, 2.203377917668908e+00, -1.145927381775629e+00, 3.014109000000001e+05, 3.292344366971829e-02, 5.702721694610292e+02, 5.802182927647545e-01, 1.017055652342026e-01
1962, 6.049429485009877e-02, 8.965267439231307e-03, 2.561183990259680e-01, 2.189866754119420e+00, -1.022813272282081e+00, 3.014108999999999e+05, 3.021639888305248e-02, 5.693109043158037e+02, 5.736168458407459e-01, 1.330622686024111e-01
1963, 6.049429485010517e-02, 8.212359137874308e-03, 3.795399438381791e-01, 2.152781541517378e+00, -8.874297257084445e-01, 3.014109000000000e+05, 2.528693583955320e-02, 5.839221362592540e+02, 5.654179965986940e-01, 1.727539493958410e-01
1964, 6.049429485011230e-02, 7.375794360524567e-03, 4.863042291445073e-01, 2.116744343864773e+00, -7.478888851044012e-01, 3.014108999999999e+05, 1.894993330934892e-02, 5.638871420311455e+02, 5.561724128540649e-01, 2.210141587372537e-01
1965, 6.049429485012020e-02, 6.446277946218784e-03, 5.783322912452036e-01, 2.115332074275023e+00, -6.189867460311489e-01, 3.014108999999999e+05, 1.379470040281024e-02, 4.776025508025988e+02, 5.461782033469613e-01, 2.758838491402159e-01
1966, 6.049429485012901e-02, 5.413481928238778e-03, 6.484633655166471e-01, 2.146631961330717e+00, -5.046095478891901e-01, 3.014108999999999e+05, 1.218961458346744e-02, 3.462712778037046e+02, 5.351976594172372e-01, 3.321613094768553e-01
1967, 6.049429485013876e-02, 4.265930797301870e-03, 6.969572445106200e-01, 2.173864075453981e+00, -3.928491464762718e-01, 3.014109000000001e+05, 1.378110548330724e-02, 2.285963213885573e+02, 5.241131880044273e-01, 3.831349653896781e-01
1968, 6.049429485014961e-02, 2.990873992290562e-03, 7.352557537225435e-01, 2.177854018782176e+00, -2.725614938254722e-01, 3.014109000000001e+05, 1.495587993321343e-02, 1.550065830726340e+02, 5.151202922591158e-01, 4.239123902865978e-01
1969, 6.049429485016167e-02, 1.574144204904995e-03, 7.644245907326445e-01, 2.170538452325680e+00, -1.417398406297896e-01, 3.014108999999998e+05, 1.370898118459044e-02, 1.207063319874112e+02, 5.095079018530206e-01, 4.516307159089517e-01
1970, 6.104351130404555e-02, 1.491761752497105e-02, -2.022623892431888e+00, -3.113303788135164e-01, 9.642689843265972e-03, 3.014109000000000e+05, 2.890944029695487e-05, 1.936446508191090e+05, 6.084571419081519e-01, 2.570198584741464e-02
1971, 6.104351130404727e-02, 1.482608144927914e-02, -1.997544430626428e+00, -4.590407683325970e-01, 3.691345069000877e-02, 3.014109000000000e+05, 2.948527096670380e-04, 4.982091447307650e+04, 6.082188888775066e-01, 2.569298367637102e-02
1972, 6.104351130404920e-02, 1.472437470238910e-02, -2.004562363235166e+00, -5.052462826682852e-01, 4.576714734807234e-02, 3.014109000000000e+05, 1.159719710944614e-03, 1.921956279037267e+04, 6.072895048770433e-01, 2.562507142629818e-02
1973, 6.104351130405134e-02, 1.461136720245658e-02, -2.009092508932862e+00, -4.871995568568169e-01, 3.477997955898597e-02, 3.014109000000000e+05, 2.842295248742209e-03, 9.662737337503349e+03, 6.056834517363668e-01, 2.547457964096629e-02
1974, 6.104351130405372e-02, 1.448580330972031e-02, -2.017668157323353e+00, -4.154598676930969e-01, -4.022013946087540e-03, 3.014109000000000e+05, 5.392538383460921e-03, 6.129903031449373e+03, 6.033411200507256e-01, 2.521260309621348e-02
1975, 6.104351130405638e-02, 1.434628787700182e-02, -2.028518539734138e+00, -2.867734678544628e-01, -7.824268185280514e-02, 3.014109000000000e+05, 7.900925925043057e-03, 5.331291060528985e+03, 6.002903938778927e-01, 2.481242978356759e-02
1976, 6.104351130405933e-02, 1.419127073662831e-02, -2.047005463137944e+00, -9.322921638870076e-02, -1.960290587289969e-01, 3.014109000000000e+05, 7.992093766035808e-03, 6.422004937618338e+03, 5.966412993460581e-01, 2.425300165792303e-02
1977, 6.104351130406259e-02, 1.401902946566920e-02, -2.074455778107465e+00, 1.712576006376538e-01, -3.659037817452115e-01, 3.014109000000001e+05, 6.408016577428021e-03, 7.616247919973995e+03, 5.927930895716387e-01, 2.360002794465076e-02
1978, 6.104351130406621e-02, 1.382765027082532e-02, -2.092301936637543e+00, 5.029123692854022e-01, -5.908404108279531e-01, 3.014109000000000e+05, 5.130489447024008e-03, 8.066528741960406e+03, 5.894885120221353e-01, 2.299797089613378e-02
1979, 6.104351130407025e-02, 1.361500671951922e-02, -2.070421518444344e+00, 8.837302593944448e-01, -8.604957700250659e-01, 3.014109000000001e+05, 4.742773323325291e-03, 7.935273785360584e+03, 5.875611058234852e-01, 2.258805914371834e-02
1980, 6.104351130407473e-02, 1.337873610955227e-02, -1.989478322959562e+00, 1.281269158063957e+00, -1.147721495207790e+00, 3.014109000000000e+05, 5.142632688025333e-03, 7.385372244088987e+03, 5.875184547609599e-01, 2.251884290962046e-02
1981, 6.104351130407971e-02, 1.311621321754512e-02, -1.847652115465711e+00, 1.654333896429841e+00, -1.412519901952086e+00, 3.014109000000001e+05, 6.300814239779681e-03, 6.539530475238752e+03, 5.892239922984318e-01, 2.295914803765674e-02
1982, 6.104351130408525e-02, 1.282452111728040e-02, -1.654651468120221e+00, 1.963133955830370e+00, -1.612575767311409e+00, 3.014109000000001e+05, 8.267095435601259e-03, 5.517326184273970e+03, 5.918759986353594e-01, 2.411528165172868e-02
1983, 6.104351130409137e-02, 1.250041877432486e-02, -1.426697694108190e+00, 2.180500787924512e+00, -1.717860825381238e+00, 3.014108999999999e+05, 1.115918947281365e-02, 4.433944914428547e+03, 5.943164461663629e-01, 2.626750755058881e-02
1984, 6.104351130409821e-02, 1.214030506534299e-02, -1.182975295889811e+00, 2.300847716664643e+00, -1.721887301127328e+00, 3.014109000000000e+05, 1.510327617229450e-02, 3.390507358455960e+03, 5.955343343753787e-01, 2.981938996078376e-02
1985, 6.104351130410581e-02, 1.174017872897757e-02, -9.413375200967159e-01, 2.341855459689183e+00, -1.643562543522431e+00, 3.014109000000000e+05, 2.004647815488500e-02, 2.466803022066447e+03, 5.950821413570392e-01, 3.534605279137972e-02
1986, 6.104351130411424e-02, 1.129559391404114e-02, -7.126872155052406e-01, 2.336515831111351e+00, -1.517878983413330e+00, 3.014109000000001e+05, 2.544508130007111e-02, 1.719495080636093e+03, 5.931443442194589e-01, 4.362170533125315e-02
1987, 6.104351130412361e-02, 1.080161078747393e-02, -4.993750784906254e-01, 2.318452917441111e+00, -1.379848263203817e+00, 3.014109000000000e+05, 3.017489379060482e-02, 1.178858826718686e+03, 5.901913554056594e-01, 5.560583521958274e-02
1988, 6.104351130413403e-02, 1.025274063983035e-02, -2.998733799473604e-01, 2.307458804131797e+00, -1.250347110797877e+00, 3.014109000000000e+05, 3.310075171128844e-02, 8.398803605860103e+02, 5.864637812708896e-01, 7.238976528585059e-02
1989, 6.104351130414556e-02, 9.642884908240378e-03, -1.144082467113424e-01, 2.302295100720728e+00, -1.131500835425796e+00, 3.014108999999998e+05, 3.374569953356942e-02, 6.656408820228299e+02, 5.817103169411501e-01, 9.514999780536354e-02
1990, 6.104351130415843e-02, 8.965267439253889e-03, 5.313522812251571e-02, 2.286267914712266e+00, -1.013022510243637e+00, 3.014108999999999e+05, 3.200967833666770e-02, 6.033918563573029e+02, 5.754237582275067e-01, 1.251257878765087e-01
1991, 6.104351130417271e-02, 8.212359137902059e-03, 1.985635931718223e-01, 2.247519916638399e+00, -8.849091815829030e-01, 3.014109000000000e+05, 2.764201295032012e-02, 5.934068869084330e+02, 5.674176802946458e-01, 1.634746232863863e-01
1992, 6.104351130418860e-02, 7.375794360555105e-03, 3.236091779605477e-01, 2.201645710100396e+00, -7.490628174543713e-01, 3.014109000000000e+05, 2.121430484245349e-02, 5.724397107621295e+02, 5.581521419969497e-01, 2.107112162933643e-01
1993, 6.104351130420621e-02, 6.446277946254124e-03, 4.318809883652017e-01, 2.183670691309374e+00, -6.187292444657637e-01, 3.014109000000000e+05, 1.531299097490305e-02, 4.944357258944034e+02, 5.481051603173234e-01, 2.654028157876904e-01
1994, 6.104351130422580e-02, 5.413481928279607e-03, 5.175220270671794e-01, 2.202432027804380e+00, -5.016903571850341e-01, 3.014109000000000e+05, 1.287425255606471e-02, 3.662186423092087e+02, 5.371331010377051e-01, 3.227557067422265e-01
1995, 6.104351130424757e-02, 4.265930797348973e-03, 5.776143851053338e-01, 2.225633019958698e+00, -3.895177424527267e-01, 3.014109000000000e+05, 1.413957157393401e-02, 2.436078320199090e+02, 5.258519419192570e-01, 3.757170462350943e-01
1996, 6.104351130427174e-02, 2.990873992344832e-03, 6.228345627798086e-01, 2.228812493033528e+00, -2.704615035869191e-01, 3.014109000000000e+05, 1.561125290502490e-02, 1.641694658501776e+02, 5.164125403317000e-01, 4.185609377401580e-01
1997, 6.104351130429862e-02, 1.574144204970517e-03, 6.562887966787725e-01, 2.220280578800431e+00, -1.408914157240921e-01, 3.014109000000000e+05, 1.458480371613614e-02, 1.261853132815421e+02, 5.103889358898791e-01, 4.478378474696679e-01
1998, 6.165375178519945e-02, 1.491761752497119e-02, -2.076845278340689e+00, -1.810441868778177e-01, 5.243280671363928e-03, 3.014108999999999e+05, 3.601512577547945e-05, 1.937235595277113e+05, 6.067555055925871e-01, 3.323123370024760e-02
1999, 6.165375178520233e-02, 1.482608144927947e-02, -2.072840308145053e+00, -3.373564903972938e-01, 2.668263431602876e-02, 3.014108999999999e+05, 3.850598890520030e-04, 4.940872576819172e+04, 6.067038901294270e-01, 3.323301173523626e-02
2000, 6.165375178520555e-02, 1.472437470238964e-02, -2.073297951104855e+00, -4.460149357634017e-01, 4.864571529508421e-02, 3.014108999999999e+05, 1.613102671996247e-03, 1.846543968142003e+04, 6.064782150521473e-01, 3.320803649960293e-02
2001, 6.165375178520913e-02, 1.461136720245738e-02, -2.072456517141290e+00, -5.099481708127684e-01, 6.635470966201716e-02, 3.014108999999999e+05, 4.111297974462881e-03, 8.537366756388617e+03, 6.059650040158799e-01, 3.312798154821556e-02
2002, 6.165375178521310e-02, 1.448580330972148e-02, -2.073497421383597e+00, -5.313937431617681e-01, 7.405845421116512e-02, 3.014108999999999e+05, 7.790482303376923e-03, 4.703057189433886e+03, 6.050307448836180e-01, 3.295818594929473e-02
2003, 6.165375178521754e-02, 1.434628787700330e-02, -2.075669428867422e+00, -5.059827489803340e-01, 6.600066737243654e-02, 3.014109000000000e+05, 1.231837862619699e-02, 3.194128067224869e+03, 6.035722457527956e-01, 3.266105394078017e-02
2004, 6.165375178522245e-02, 1.419127073663022e-02, -2.079207311848439e+00, -4.274174982740140e-01, 3.480549491173694e-02, 3.014109000000000e+05, 1.736245109164862e-02, 2.766577939488551e+03, 6.015154748455297e-01, 3.219762766493572e-02
2005, 6.165375178522789e-02, 1.401902946567163e-02, -2.084129935098829e+00, -2.863002092228419e-01, -2.941359303794961e-02, 3.014109000000000e+05, 2.168458596967193e-02, 3.071497805059580e+03, 5.988419537060187e-01, 3.153014353644790e-02
2006, 6.165375178523394e-02, 1.382765027082835e-02, -2.092212488791342e+00, -6.860619536023367e-02, -1.383363209376080e-01, 3.014109000000000e+05, 2.034571778865189e-02, 4.275271459311110e+03, 5.956684095760523e-01, 3.063676274267417e-02
2007, 6.165375178524066e-02, 1.361500671952317e-02, -2.104070656230989e+00, 2.350075700208045e-01, -3.026689702888130e-01, 3.014109000000001e+05, 1.514542156359941e-02, 5.411969887422627e+03, 5.923768841203269e-01, 2.961994368128077e-02
2008, 6.165375178524814e-02, 1.337873610955684e-02, -2.102816560077545e+00, 6.212838073513495e-01, -5.263171101794264e-01, 3.014109000000000e+05, 1.150439945471961e-02, 5.903097322912220e+03, 5.897209339298761e-01, 2.873244976274428e-02
2009, 6.165375178525646e-02, 1.311621321755066e-02, -2.060686143496923e+00, 1.066948365529303e+00, -7.956087209685579e-01, 3.014109000000001e+05, 9.559397356001408e-03, 5.885911941509203e+03, 5.884553116548156e-01, 2.818980708687775e-02
2010, 6.165375178526568e-02, 1.282452111728708e-02, -1.960373764256908e+00, 1.526073350066238e+00, -1.076382713909174e+00, 3.014109000000000e+05, 9.095136396692653e-03, 5.464397295162279e+03, 5.888661918730553e-01, 2.825585838354312e-02
2011, 6.165375178527594e-02, 1.250041877433329e-02, -1.796952473199566e+00, 1.938597248620582e+00, -1.319518533600671e+00, 3.014109000000000e+05, 9.931882303856842e-03, 4.767382712546866e+03, 5.904916353500985e-01, 2.923984434044024e-02
2012, 6.165375178528733e-02, 1.214030506535250e-02, -1.580000885389710e+00, 2.249105029699809e+00, -1.478274782591054e+00, 3.014109000000000e+05, 1.206159286703102e-02, 3.931808555737466e+03, 5.922718351559301e-01, 3.153427361392117e-02
2013, 6.165375178530001e-02, 1.174017872898885e-02, -1.329436333543614e+00, 2.429183870827234e+00, -1.528466498212010e+00, 3.014109000000000e+05, 1.560301549949789e-02, 3.076630721709163e+03, 5.931068501732935e-01, 3.568151168285654e-02
2014, 6.165375178531406e-02, 1.129559391405446e-02, -1.068633718623536e+00, 2.490597032784858e+00, -1.479517281287752e+00, 3.014108999999998e+05, 2.051329599985104e-02, 2.288133194396958e+03, 5.924238759265812e-01, 4.244136847783520e-02
2015, 6.165375178532970e-02, 1.080161078748960e-02, -8.157038277034937e-01, 2.478142018520409e+00, -1.367925174999091e+00, 3.014109000000000e+05, 2.608221360317875e-02, 1.626681727211739e+03, 5.903127282909256e-01, 5.281646586458505e-02
2016, 6.165375178534706e-02, 1.025274063984874e-02, -5.794114417313387e-01, 2.443198089243181e+00, -1.236031512122440e+00, 3.014109000000001e+05, 3.082416359428810e-02, 1.134722875902340e+03, 5.871078348268121e-01, 6.799294194803390e-02
2017, 6.165375178536637e-02, 9.642884908263089e-03, -3.629781300929387e-01, 2.414470212515247e+00, -1.109935263315176e+00, 3.014109000000000e+05, 3.334724841116735e-02, 8.260654259952660e+02, 5.828143413340372e-01, 8.921302434737714e-02
2018, 6.165375178538782e-02, 8.965267439278982e-03, -1.691678803258310e-01, 2.388023049902893e+00, -9.918899297179580e-01, 3.014108999999998e+05, 3.304792106729582e-02, 6.737124153454394e+02, 5.770068470683457e-01, 1.176903870672390e-01
2019, 6.165375178541165e-02, 8.212359137932888e-03, -8.406479550307891e-04, 2.346763722808492e+00, -8.711477740008277e-01, 3.014108999999999e+05, 2.964987932475557e-02, 6.179352310508574e+02, 5.693568648499970e-01, 1.545664561689764e-01
2020, 6.165375178543812e-02, 7.375794360589036e-03, 1.433782263615849e-01, 2.293934787514690e+00, -7.424033322986550e-01, 3.014108999999999e+05, 2.351260386045778e-02, 5.844649525913502e+02, 5.601806097790116e-01, 2.005443845797034e-01
2021, 6.165375178546752e-02, 6.446277946293389e-03, 2.683092727455761e-01, 2.260703892525644e+00, -6.140790307469418e-01, 3.014109000000001e+05, 1.705933793634608e-02, 5.111129356957867e+02, 5.500891256184071e-01, 2.547030339004576e-01
2022, 6.165375178550021e-02, 5.413481928324972e-03, 3.701675702869557e-01, 2.265285729240866e+00, -4.959793362595535e-01, 3.014108999999999e+05, 1.373763694575174e-02, 3.867465715010001e+02, 5.391266043501057e-01, 3.128068793384429e-01
2023, 6.165375178553652e-02, 4.265930797401309e-03, 4.433110020578483e-01, 2.282694741446520e+00, -3.838971805313597e-01, 3.014108999999999e+05, 1.454748973420452e-02, 2.598622326938860e+02, 5.277041616465687e-01, 3.676491551999547e-01
2024, 6.165375178557688e-02, 2.990873992405135e-03, 4.964312861519165e-01, 2.284623305055173e+00, -2.666406454115747e-01, 3.014109000000000e+05, 1.625984247189881e-02, 1.741901176643371e+02, 5.178465518648504e-01, 4.126283484169394e-01
2025, 6.165375178562172e-02, 1.574144205043319e-03, 5.345410329075901e-01, 2.274958005687961e+00, -1.391373482801180e-01, 3.014109000000000e+05, 1.561044155681939e-02, 1.322098128502952e+02, 5.113955345032024e-01, 4.435499382537123e-01
2026, 6.233179678456881e-02, 1.491761752497135e-02, -2.102899698392975e+00, -9.972687273455287e-02, 2.446933918170820e-03, 3.014109000000000e+05, 2.577316926418697e-05, 1.941423538412875e+05, 6.035158316968562e-01, 4.084905748464600e-02
2027, 6.233179678457310e-02, 1.482608144927982e-02, -2.104905017653712e+00, -2.166432215434824e-01, 1.309292557955880e-02, 3.014109000000000e+05, 2.880336556699152e-04, 4.982694473261335e+04, 6.034874713073302e-01, 4.085283332068931e-02
2028, 6.233179678457788e-02, 1.472437470239023e-02, -2.105943270585753e+00, -3.279324983670591e-01, 2.868491896558903e-02, 3.014109000000000e+05, 1.313084177865593e-03, 1.882498037270067e+04, 6.034601211380171e-01, 4.084814291349267e-02
2029, 6.233179678458316e-02, 1.461136720245826e-02, -2.105242407542439e+00, -4.210539340173221e-01, 4.664715358919979e-02, 3.014109000000000e+05, 3.680385427106611e-03, 8.720895339151995e+03, 6.033819198245036e-01, 4.081463737284705e-02
2030, 6.233179678458905e-02, 1.448580330972277e-02, -2.104389150549937e+00, -4.891205947024245e-01, 6.363173237679773e-02, 3.014109000000000e+05, 7.583032730940395e-03, 4.644581584007532e+03, 6.031689851046251e-01, 4.072291412206038e-02
2031, 6.233179678459559e-02, 1.434628787700493e-02, -2.103332937447631e+00, -5.249828503290642e-01, 7.609311479102139e-02, 3.014109000000000e+05, 1.272217308416191e-02, 2.861204389037865e+03, 6.027309545441248e-01, 4.053636159317686e-02
2032, 6.233179678460285e-02, 1.419127073663234e-02, -2.102293000359777e+00, -5.225590903011367e-01, 7.970916690011842e-02, 3.014109000000000e+05, 1.876791576884958e-02, 2.119912737531504e+03, 6.019673985466799e-01, 4.021228641765504e-02
2033, 6.233179678461092e-02, 1.401902946567432e-02, -2.101296332209612e+00, -4.756312930083627e-01, 6.869003180268962e-02, 3.014109000000000e+05, 2.561405006067183e-02, 1.926838197314080e+03, 6.007784993399754e-01, 3.970438970983062e-02
2034, 6.233179678461988e-02, 1.382765027083172e-02, -2.100271943449167e+00, -3.723823954040591e-01, 3.429843721440528e-02, 3.014109000000000e+05, 3.277270833163805e-02, 2.106697704769035e+03, 5.990829679854431e-01, 3.896327186983457e-02
2035, 6.233179678462985e-02, 1.361500671952756e-02, -2.098405938991782e+00, -1.945315663857985e-01, -3.611396706974611e-02, 3.014109000000000e+05, 3.826351551917287e-02, 2.787056074984550e+03, 5.968588258257681e-01, 3.794458474942122e-02
2036, 6.233179678464090e-02, 1.337873610956193e-02, -2.098483586681816e+00, 7.763534552636339e-02, -1.561008524864752e-01, 3.014109000000001e+05, 3.378745765469802e-02, 3.911746769306093e+03, 5.942442948183014e-01, 3.665914255878266e-02
2037, 6.233179678465320e-02, 1.311621321755682e-02, -2.096557272376282e+00, 4.559024636999512e-01, -3.369571232958284e-01, 3.014109000000000e+05, 2.503669998872914e-02, 4.665642302109582e+03, 5.917140431370644e-01, 3.537945601820167e-02
2038, 6.233179678466688e-02, 1.282452111729449e-02, -2.070821208469229e+00, 9.303221377100864e-01, -5.760417058216554e-01, 3.014109000000001e+05, 1.856121797811242e-02, 4.901192286296829e+03, 5.899908822121163e-01, 3.443809826264507e-02
2039, 6.233179678468205e-02, 1.250041877434266e-02, -1.998573578665266e+00, 1.454112414841955e+00, -8.463685571496861e-01, 3.014109000000001e+05, 1.480906125404010e-02, 4.679822855504230e+03, 5.895314137599353e-01, 3.421316569268106e-02
2040, 6.233179678469893e-02, 1.214030506536307e-02, -1.863136592350663e+00, 1.948579411349183e+00, -1.097823458636156e+00, 3.014109000000001e+05, 1.344814702168856e-02, 4.135475334755591e+03, 5.901185391254605e-01, 3.515538524106843e-02
2041, 6.233179678471770e-02, 1.174017872900138e-02, -1.663072655965520e+00, 2.330465861418712e+00, -1.274757263221451e+00, 3.014109000000000e+05, 1.424607917897097e-02, 3.428704138043307e+03, 5.908751850652380e-01, 3.781843298773108e-02
2042, 6.233179678473851e-02, 1.129559391406926e-02, -1.414710502209265e+00, 2.550519314762274e+00, -1.342737369038447e+00, 3.014108999999999e+05, 1.714449773418242e-02, 2.694551407961506e+03, 5.908200342930379e-01, 4.293784617020580e-02
2043, 6.233179678476164e-02, 1.080161078750701e-02, -1.145113033864587e+00, 2.618883709540559e+00, -1.306470791020554e+00, 3.014108999999999e+05, 2.188320060247317e-02, 2.017869369653670e+03, 5.894738493743230e-01, 5.151184151405957e-02
2044, 6.233179678478738e-02, 1.025274063986917e-02, -8.785628836168784e-01, 2.594990145669214e+00, -1.204092000206252e+00, 3.014109000000000e+05, 2.735179361523796e-02, 1.450901908639106e+03, 5.869193423161182e-01, 6.480220366003876e-02
2045, 6.233179678481594e-02, 9.642884908288324e-03, -6.299791889686126e-01, 2.544706140792648e+00, -1.080638615506031e+00, 3.014109000000000e+05, 3.162677640324642e-02, 1.034516601387531e+03, 5.832539487548002e-01, 8.419064807942034e-02
2046, 6.233179678484768e-02, 8.965267439306859e-03, -4.077403015255248e-01, 2.498549454885739e+00, -9.612063221106757e-01, 3.014108999999999e+05, 3.311273907979678e-02, 7.833699485750462e+02, 5.781291363098205e-01, 1.109670199813291e-01
2047, 6.233179678488297e-02, 8.212359137967145e-03, -2.158946390577333e-01, 2.449645155256097e+00, -8.455982514827336e-01, 3.014109000000000e+05, 3.107516089874722e-02, 6.636962004216048e+02, 5.710658715258038e-01, 1.462371786014418e-01
2048, 6.233179678492215e-02, 7.375794360626740e-03, -5.275476035052636e-02, 2.391328609837863e+00, -7.255693717213976e-01, 3.014109000000000e+05, 2.563698908775292e-02, 6.036162780963705e+02, 5.621669453789319e-01, 1.907635517846562e-01
2049, 6.233179678496571e-02, 6.446277946337019e-03, 8.811226348060930e-02, 2.345377101749125e+00, -6.028701097280013e-01, 3.014109000000000e+05, 1.893773609128780e-02, 5.284510326446690e+02, 5.520949420765174e-01, 2.440425500391910e-01
2050, 6.233179678501408e-02, 5.413481928375378e-03, 2.059440021415016e-01, 2.335314567077428e+00, -4.862823192279583e-01, 3.014109000000000e+05, 1.477569255229837e-02, 4.075040115202414e+02, 5.411474578266585e-01, 3.024935648468578e-01
2051, 6.233179678506784e-02, 4.265930797459463e-03, 2.932159791326600e-01, 2.345258700025646e+00, -3.753814385815639e-01, 3.014109000000000e+05, 1.501561325908287e-02, 2.771365644073320e+02, 5.296407585725620e-01, 3.589953460870015e-01
2052, 6.233179678512757e-02, 2.990873992472137e-03, 3.552325562131148e-01, 2.345322142548801e+00, -2.607045378820284e-01, 3.014109000000001e+05, 1.689047465311495e-02, 1.850015337410346e+02, 5.194146883876671e-01, 4.061070871392455e-01
2053, 6.233179678519395e-02, 1.574144205124210e-03, 3.982517591514155e-01, 2.334595094414065e+00, -1.362432091574567e-01, 3.014108999999998e+05, 1.666861284049070e-02, 1.386401791722251e+02, 5.125358169900378e-01, 4.387290831417702e-01
2054, 6.308518014066537e-02, 1.491761752497153e-02, -2.117557717133643e+00, -6.366838188626341e-02, 7.717224910639062e-04, 3.014109000000000e+05, 1.457454444343435e-05, 1.944294671603456e+05, 5.997452835040745e-01, 4.870182086078793e-02
2055, 6.308518014067165e-02, 1.482608144928023e-02, -2.119042496182035e+00, -1.450637538653737e-01, 4.581215587882693e-03, 3.014109000000000e+05, 1.675483818339666e-04, 5.024839299020764e+04, 5.997314433118642e-01, 4.870573769065413e-02
2056, 6.308518014067861e-02, 1.472437470239090e-02, -2.120215876813833e+00, -2.368081613620764e-01, 1.197562990348011e-02, 3.014109000000000e+05, 8.154720633782851e-04, 1.929182718735579e+04, 5.997445510227807e-01, 4.870705270780018e-02
2057, 6.308518014068637e-02, 1.461136720245925e-02, -2.120365039016182e+00, -3.281859876716911e-01, 2.258285619243941e-02, 3.014109000000000e+05, 2.515760529859076e-03, 9.141240651756038e+03, 5.997827730350159e-01, 4.869318792781906e-02
2058, 6.308518014069496e-02, 1.448580330972421e-02, -2.119816834766733e+00, -4.096226196370472e-01, 3.511057426909976e-02, 3.014109000000000e+05, 5.785906284456310e-03, 4.936600038822216e+03, 5.998193601098391e-01, 4.864267078337209e-02
2059, 6.308518014070455e-02, 1.434628787700675e-02, -2.118581925071694e+00, -4.717601084368124e-01, 4.780897255055847e-02, 3.014109000000000e+05, 1.073822456391081e-02, 2.971217179128795e+03, 5.998116362744251e-01, 4.852509993640092e-02
2060, 6.308518014071517e-02, 1.419127073663469e-02, -2.116980380118670e+00, -5.069711177394307e-01, 5.856335542325106e-02, 3.014109000000000e+05, 1.706216413460989e-02, 2.029401247035702e+03, 5.996973656796218e-01, 4.830145678780259e-02
2061, 6.308518014072696e-02, 1.401902946567732e-02, -2.115343786309130e+00, -5.106697031463913e-01, 6.476332658919139e-02, 3.014109000000000e+05, 2.452321038073985e-02, 1.625446301305126e+03, 5.993963731333340e-01, 4.792612006316495e-02
2062, 6.308518014074009e-02, 1.382765027083546e-02, -2.113086293000138e+00, -4.774672053294910e-01, 6.225253742322480e-02, 3.014109000000000e+05, 3.318182394422858e-02, 1.545452405934071e+03, 5.988204748690636e-01, 4.734904626852886e-02
2063, 6.308518014075469e-02, 1.361500671953243e-02, -2.109821898808350e+00, -3.953866641127023e-01, 4.373509294969788e-02, 3.014109000000000e+05, 4.296526344787741e-02, 1.718204201458801e+03, 5.978760696489307e-01, 4.651441796383342e-02
2064, 6.308518014077090e-02, 1.337873610956758e-02, -2.104733401345583e+00, -2.424343892508075e-01, -2.793615249363685e-03, 3.014109000000000e+05, 5.229858823849785e-02, 2.219971485395976e+03, 5.964947264969555e-01, 4.536565974160914e-02
2065, 6.308518014078889e-02, 1.311621321756366e-02, -2.098762718435175e+00, 9.731123626485587e-03, -9.256627384824367e-02, 3.014109000000000e+05, 5.417698620418059e-02, 3.122088879441567e+03, 5.946971636733933e-01, 4.388621113032406e-02
2066, 6.308518014080890e-02, 1.282452111730273e-02, -2.090736212631690e+00, 3.858834046988839e-01, -2.403929137733946e-01, 3.014109000000000e+05, 4.288688419879633e-02, 3.922177917148567e+03, 5.927289632860222e-01, 4.232188570055146e-02
2067, 6.308518014083113e-02, 1.250041877435308e-02, -2.066353064466676e+00, 8.885173084603438e-01, -4.504392026589406e-01, 3.014109000000000e+05, 3.127031931595082e-02, 4.256613143939523e+03, 5.911008872961409e-01, 4.110493997474342e-02
2068, 6.308518014085580e-02, 1.214030506537481e-02, -2.003614329047855e+00, 1.467090025956016e+00, -7.002712168700005e-01, 3.014109000000000e+05, 2.289939508977093e-02, 4.105310813714834e+03, 5.902105712240858e-01, 4.074991189676831e-02
2069, 6.308518014088323e-02, 1.174017872901531e-02, -1.881998143498244e+00, 2.022222912387052e+00, -9.395379246867083e-01, 3.014109000000001e+05, 1.830096799808221e-02, 3.609791844114200e+03, 5.899118349429541e-01, 4.189151438649587e-02
2070, 6.308518014091373e-02, 1.129559391408571e-02, -1.692757709214638e+00, 2.444888424174267e+00, -1.108623836908168e+00, 3.014109000000000e+05, 1.725023282634460e-02, 2.961522659571189e+03, 5.895189810865329e-01, 4.530108823205661e-02
2071, 6.308518014094762e-02, 1.080161078752635e-02, -1.448738501810014e+00, 2.673794953922898e+00, -1.170740631713469e+00, 3.014109000000000e+05, 1.936837536133680e-02, 2.308348678512266e+03, 5.883344386214494e-01, 5.196989733890023e-02
2072, 6.308518014098526e-02, 1.025274063989186e-02, -1.178167464891153e+00, 2.728440964595849e+00, -1.132527270189362e+00, 3.014108999999999e+05, 2.386688834276354e-02, 1.725403534870516e+03, 5.861314626689608e-01, 6.318325805139151e-02
2073, 6.308518014102706e-02, 9.642884908316360e-03, -9.085971742657624e-01, 2.686458393982206e+00, -1.034839290542073e+00, 3.014108999999999e+05, 2.893516130084743e-02, 1.252202299578302e+03, 5.829716836827501e-01, 8.045102556660549e-02
2074, 6.308518014107350e-02, 8.965267439337838e-03, -6.599109409906808e-01, 2.620947513411509e+00, -9.206785877552683e-01, 3.014108999999999e+05, 3.213836253626177e-02, 9.208524769099380e+02, 5.785850280126630e-01, 1.052394123599797e-01
2075, 6.308518014112516e-02, 8.212359138005212e-03, -4.438983151459066e-01, 2.557337996608589e+00, -8.090432233006859e-01, 3.014109000000000e+05, 3.175178089789319e-02, 7.316691263232935e+02, 5.723268660529270e-01, 1.387106404944008e-01
2076, 6.308518014118253e-02, 7.375794360668632e-03, -2.618962844090194e-01, 2.491878878213204e+00, -6.975074536234198e-01, 3.014108999999999e+05, 2.738933705887818e-02, 6.329191234295083e+02, 5.639643329224228e-01, 1.816137715974180e-01
2077, 6.308518014124627e-02, 6.446277946385495e-03, -1.064448219981529e-01, 2.435676942220999e+00, -5.831439661200178e-01, 3.014109000000000e+05, 2.080858702306179e-02, 5.477146664879593e+02, 5.540590511652523e-01, 2.337059298856904e-01
2078, 6.308518014131707e-02, 5.413481928431385e-03, 2.569438992682020e-02, 2.411865876143409e+00, -4.711523590831876e-01, 3.014109000000000e+05, 1.595001748883458e-02, 4.282408361983735e+02, 5.431584635546715e-01, 2.920576133225245e-01
2079, 6.308518014139579e-02, 4.265930797524077e-03, 1.270098236790556e-01, 2.413243208798519e+00, -3.632100541709850e-01, 3.014109000000001e+05, 1.554555246298594e-02, 2.950742056989681e+02, 5.316229759851011e-01, 3.498759053138812e-01
2080, 6.308518014148322e-02, 2.990873992546583e-03, 1.986296604886071e-01, 2.410787652598330e+00, -2.522267977576311e-01, 3.014109000000001e+05, 1.749042235172899e-02, 1.964640354033632e+02, 5.210978016359156e-01, 3.990168789568630e-01
2081, 6.308518014158036e-02, 1.574144205214089e-03, 2.467581383251405e-01, 2.399044298094314e+00, -1.319793987329052e-01, 3.014108999999998e+05, 1.771814118375070e-02, 1.453746189618602e+02, 5.138120704736568e-01, 4.333448569459252e-01
2082, 6.392227273670856e-02, 1.491761752497173e-02, -2.121020088571784e+00, -5.326144563061839e-02, 9.604849387775701e-05, 3.014109000000000e+05, 8.325635395240462e-06, 1.945630406924415e+05, 5.960327557501651e-01, 5.689795741931972e-02
2083, 6.392227273671651e-02, 1.482608144928067e-02, -2.121433060730243e+00, -1.164817279554378e-01, 7.380348089927478e-04, 3.014109000000000e+05, 9.693305303490417e-05, 5.049679501193517e+04, 5.960281826885149e-01, 5.690169221487890e-02
2084, 6.392227273672535e-02, 1.472437470239163e-02, -2.122025955017453e+00, -1.903365597124031e-01, 2.842439302181237e-03, 3.014109000000000e+05, 4.883350160260457e-04, 1.960891777236096e+04, 5.960421986933383e-01, 5.690338055830407e-02
2085, 6.392227273673513e-02, 1.461136720246034e-02, -2.122383991834538e+00, -2.703039691649879e-01, 6.844959562369380e-03, 3.014109000000000e+05, 1.602875355604654e-03, 9.477732519463447e+03, 5.960882703353731e-01, 5.689436797082527e-02
2086, 6.392227273674604e-02, 1.448580330972581e-02, -2.122237199806993e+00, -3.490339693612057e-01, 1.264213581779612e-02, 3.014109000000000e+05, 4.024065405300631e-03, 5.238508478652260e+03, 5.961701399582097e-01, 5.685897390468286e-02
2087, 6.392227273675814e-02, 1.434628787700877e-02, -2.121412354939144e+00, -4.172019048142919e-01, 1.967881896736437e-02, 3.014109000000000e+05, 8.248860295535355e-03, 3.183735078413353e+03, 5.962801817729380e-01, 5.677297680982790e-02
2088, 6.392227273677160e-02, 1.419127073663732e-02, -2.120054840469691e+00, -4.656892694538248e-01, 2.715476818278384e-02, 3.014108999999999e+05, 1.431986846240695e-02, 2.118175751552659e+03, 5.963957198856110e-01, 5.660311701957137e-02
2089, 6.392227273678656e-02, 1.401902946568064e-02, -2.118560237870609e+00, -4.896619267499027e-01, 3.416629734524354e-02, 3.014108999999999e+05, 2.192138382092758e-02, 1.579412647251254e+03, 5.964776513357345e-01, 5.630866418195048e-02
2090, 6.392227273680316e-02, 1.382765027083962e-02, -2.116941263963803e+00, -4.877405299591798e-01, 3.930374388112884e-02, 3.014108999999999e+05, 3.086772539686699e-02, 1.354035135274060e+03, 5.964737853542986e-01, 5.584382310230471e-02
2091, 6.392227273682162e-02, 1.361500671953785e-02, -2.114810402795140e+00, -4.556662862995496e-01, 3.957339938070670e-02, 3.014108999999999e+05, 4.129417773501613e-02, 1.343587169542983e+03, 5.963165438021604e-01, 5.515773954024345e-02
2092, 6.392227273684216e-02, 1.337873610957385e-02, -2.111438907315794e+00, -3.808537036122033e-01, 2.884247543740886e-02, 3.014108999999999e+05, 5.322162464478938e-02, 1.523300897097696e+03, 5.959244416844193e-01, 5.419372126376427e-02
2093, 6.392227273686495e-02, 1.311621321757126e-02, -2.105789928846013e+00, -2.373018615056491e-01, -3.948150293235493e-03, 3.014109000000000e+05, 6.573806930163162e-02, 1.974193983289095e+03, 5.952205148672562e-01, 5.288838390312572e-02
2094, 6.392227273689026e-02, 1.282452111731188e-02, -2.097295324536304e+00, 1.201316493570380e-02, -7.460677480469961e-02, 3.014109000000000e+05, 7.235858885589240e-02, 2.738957665774555e+03, 5.941751854836255e-01, 5.122474641992874e-02
2095, 6.392227273691840e-02, 1.250041877436464e-02, -2.083558907555525e+00, 4.039006318054363e-01, -1.997660867422429e-01, 3.014109000000000e+05, 6.213067780489546e-02, 3.493991042070546e+03, 5.928712507652861e-01, 4.946689302333290e-02
2096, 6.392227273694968e-02, 1.214030506538787e-02, -2.054624792123252e+00, 9.459043607300407e-01, -3.860867974052053e-01, 3.014109000000001e+05, 4.590522537743186e-02, 3.825335736804034e+03, 5.915563562791326e-01, 4.812651651026201e-02
2097, 6.392227273698439e-02, 1.174017872903078e-02, -1.991961216175492e+00, 1.575819190521081e+00, -6.121632627936642e-01, 3.014109000000001e+05, 3.201494135046489e-02, 3.653688509877572e+03, 5.904185699089050e-01, 4.788229812234397e-02
2098, 6.392227273702303e-02, 1.129559391410398e-02, -1.874250452141121e+00, 2.168161145810815e+00, -8.261870104105491e-01, 3.014109000000001e+05, 2.346549703858540e-02, 3.144536804432865e+03, 5.892724551011395e-01, 4.960080637464235e-02
2099, 6.392227273706590e-02, 1.080161078754785e-02, -1.688863435601925e+00, 2.593560934428724e+00, -9.687405441126918e-01, 3.014109000000000e+05, 2.041432001416175e-02, 2.523752260469475e+03, 5.876657294970682e-01, 5.433188312707950e-02
2100, 6.392227273711355e-02, 1.025274063991708e-02, -1.447827371514252e+00, 2.795022427520493e+00, -1.008625523250177e+00, 3.014108999999999e+05, 2.188891197398112e-02, 1.938592073190859e+03, 5.853152703761959e-01, 6.338113617791107e-02
2101, 6.392227273716648e-02, 9.642884908347513e-03, -1.180635751215545e+00, 2.815766156370601e+00, -9.601622825003833e-01, 3.014109000000000e+05, 2.613204558715335e-02, 1.443861699286809e+03, 5.822626926859469e-01, 7.833298500889121e-02
2102, 6.392227273722532e-02, 8.965267439372258e-03, -9.172087126600066e-01, 2.751141219382537e+00, -8.659491953700125e-01, 3.014109000000000e+05, 3.033523439397887e-02, 1.064213080811356e+03, 5.783827283122508e-01, 1.008445327100994e-01
2103, 6.392227273729069e-02, 8.212359138047506e-03, -6.804876559695651e-01, 2.671059778055930e+00, -7.617360706888878e-01, 3.014109000000000e+05, 3.161881506905292e-02, 8.154712652368048e+02, 5.729745691765743e-01, 1.322551017062981e-01
2104, 6.392227273736333e-02, 7.375794360715177e-03, -4.804353452690259e-01, 2.594656087982942e+00, -6.583641703263302e-01, 3.014109000000000e+05, 2.861992655214507e-02, 6.728610241369885e+02, 5.653924521287977e-01, 1.733404641772028e-01
2105, 6.392227273744402e-02, 6.446277946439357e-03, -3.119678421238212e-01, 2.529263574172337e+00, -5.537526484207598e-01, 3.014108999999999e+05, 2.251950380911447e-02, 5.699957731163398e+02, 5.558770338497959e-01, 2.239789154431722e-01
2106, 6.392227273753370e-02, 5.413481928493616e-03, -1.681928675095046e-01, 2.493442205874537e+00, -4.492294976227226e-01, 3.014109000000000e+05, 1.718893820750652e-02, 4.488251781925612e+02, 5.451090837489608e-01, 2.817848768380373e-01
2107, 6.392227273763333e-02, 4.265930797595871e-03, -5.435768816890158e-02, 2.486021016108249e+00, -3.465261656303417e-01, 3.014109000000000e+05, 1.612442814444247e-02, 3.132023729828842e+02, 5.336058218499516e-01, 3.404719353248657e-01
2108, 6.392227273774403e-02, 2.990873992629301e-03, 2.686318504415869e-02, 2.480574367693632e+00, -2.407500918757059e-01, 3.014109000000000e+05, 1.804404517729378e-02, 2.083332258418720e+02, 5.228666230010031e-01, 3.914153423542399e-01
2109, 6.392227273786703e-02, 1.574144205313955e-03, 8.013655503540029e-02, 2.467872581197892e+00, -1.261325094106144e-01, 3.014108999999998e+05, 1.871914715104301e-02, 1.522720500696376e+02, 5.152196818139383e-01, 4.273814642314373e-01
2110, 6.485237557856924e-02, 1.491761752497195e-02, -2.117349220669265e+00, -5.423113227532730e-02, -1.345805512561944e-04, 3.014108999999999e+05, 6.035434708801418e-06, 1.946309633353342e+05, 5.925241068998235e-01, 6.546946126215308e-02
2111, 6.485237557857954e-02, 1.482608144928116e-02, -2.117304905479934e+00, -1.133321840728980e-01, -6.752977725608450e-04, 3.014108999999999e+05, 7.040962221312324e-05, 5.064917211657215e+04, 5.925244124821651e-01, 6.547314061657984e-02
2112, 6.485237557859101e-02, 1.472437470239245e-02, -2.117351998909556e+00, -1.790733212647972e-01, -1.143680876273887e-03, 3.014108999999999e+05, 3.574507821473702e-04, 1.981937842928085e+04, 5.925341509578917e-01, 6.547395441808476e-02
2113, 6.485237557860374e-02, 1.461136720246155e-02, -2.117511030821408e+00, -2.504716013966838e-01, -1.183639040117035e-03, 3.014108999999999e+05, 1.196854925267476e-03, 9.713544463131813e+03, 5.925649849151453e-01, 6.546416771497078e-02
2114, 6.485237557861784e-02, 1.448580330972759e-02, -2.117480359581628e+00, -3.230638317213617e-01, -5.243117764942311e-04, 3.014108999999999e+05, 3.120918057797080e-03, 5.469263735608575e+03, 5.926292692296923e-01, 6.543075015980025e-02
2115, 6.485237557863355e-02, 1.434628787701101e-02, -2.117067322514131e+00, -3.888455955078343e-01, 9.021923491428394e-04, 3.014108999999999e+05, 6.761013278027003e-03, 3.376433755057643e+03, 5.927354070806127e-01, 6.535335495487860e-02
2116, 6.485237557865102e-02, 1.419127073664023e-02, -2.116226207261115e+00, -4.382597024427571e-01, 3.050658437357928e-03, 3.014109000000000e+05, 1.243404142145913e-02, 2.249550352942653e+03, 5.928849530673708e-01, 6.520350919591589e-02
2117, 6.485237557867041e-02, 1.401902946568434e-02, -2.115165294760354e+00, -4.658680359281580e-01, 5.872198711142019e-03, 3.014109000000000e+05, 1.997386730090349e-02, 1.632735353969624e+03, 5.930705997067117e-01, 6.494579769921499e-02
2118, 6.485237557869195e-02, 1.382765027084424e-02, -2.114056122774802e+00, -4.722092259071744e-01, 9.201230761503157e-03, 3.014109000000000e+05, 2.904193603329965e-02, 1.319550890380820e+03, 5.932760721403382e-01, 6.454032649211704e-02
2119, 6.485237557871590e-02, 1.361500671954387e-02, -2.112814897762982e+00, -4.581353420471862e-01, 1.224274769396651e-02, 3.014109000000000e+05, 3.954310095170632e-02, 1.204409352668775e+03, 5.934728193819578e-01, 6.394328217097969e-02
2120, 6.485237557874246e-02, 1.337873610958083e-02, -2.111412339682742e+00, -4.189045423688406e-01, 1.273864660477867e-02, 3.014109000000000e+05, 5.181453463293983e-02, 1.249857818324392e+03, 5.936122273868641e-01, 6.310476393032545e-02
2121, 6.485237557877202e-02, 1.311621321757971e-02, -2.109010675710504e+00, -3.397155721791358e-01, 5.452012506292713e-03, 3.014109000000000e+05, 6.609013756402539e-02, 1.459203864653838e+03, 5.936306181955658e-01, 6.196894081328831e-02
2122, 6.485237557880486e-02, 1.282452111732206e-02, -2.103492511721946e+00, -1.896332255472200e-01, -2.000215248731891e-02, 3.014108999999999e+05, 8.145203753040460e-02, 1.891647407723904e+03, 5.934678607558480e-01, 6.047607210646470e-02
2123, 6.485237557884135e-02, 1.250041877437750e-02, -2.093446502122835e+00, 7.882953500295699e-02, -7.951024286266903e-02, 3.014109000000000e+05, 9.065250437597668e-02, 2.612881287080565e+03, 5.930641789418742e-01, 5.862251181505761e-02
2124, 6.485237557888188e-02, 1.214030506540236e-02, -2.074899378452690e+00, 5.100763300400604e-01, -1.902164936183653e-01, 3.014109000000001e+05, 8.180696962367687e-02, 3.273595259179924e+03, 5.923475511213531e-01, 5.678259561823967e-02
2125, 6.485237557892692e-02, 1.174017872904797e-02, -2.037994268256260e+00, 1.105669748704091e+00, -3.576829627711431e-01, 3.014109000000001e+05, 6.048207429952244e-02, 3.515029130462733e+03, 5.913169060082308e-01, 5.552856876408401e-02
2126, 6.485237557897697e-02, 1.129559391412429e-02, -1.969484221608796e+00, 1.779577782700061e+00, -5.579229803136546e-01, 3.014109000000001e+05, 4.023379770042604e-02, 3.253393397961758e+03, 5.898725238727843e-01, 5.575420109576570e-02
2127, 6.485237557903259e-02, 1.080161078757173e-02, -1.848387608065986e+00, 2.376081557247581e+00, -7.369450168770164e-01, 3.014109000000000e+05, 2.766686942274129e-02, 2.701810464341084e+03, 5.877883396043070e-01, 5.861579400151579e-02
2128, 6.485237557909437e-02, 1.025274063994510e-02, -1.661435582055714e+00, 2.759429447479620e+00, -8.406877117773648e-01, 3.014108999999999e+05, 2.312393578063801e-02, 2.108998562868816e+03, 5.849691938169630e-01, 6.550156750152697e-02
2129, 6.485237557916301e-02, 9.642884908382124e-03, -1.423196746393042e+00, 2.899829701867965e+00, -8.507224836771841e-01, 3.014108999999999e+05, 2.440068479184239e-02, 1.597334416857237e+03, 5.815937509033018e-01, 7.805888013782132e-02
2130, 6.485237557923931e-02, 8.965267439410498e-03, -1.164808755481205e+00, 2.874773648769448e+00, -7.912437369340751e-01, 3.014108999999999e+05, 2.824679619975411e-02, 1.192816229929747e+03, 5.777863456733919e-01, 9.809163218524475e-02
2131, 6.485237557932404e-02, 8.212359138094502e-03, -9.177910224402734e-01, 2.788582536373025e+00, -7.023658348022490e-01, 3.014108999999999e+05, 3.077487123313932e-02, 9.033430531338753e+02, 5.730095539682524e-01, 1.271704876037525e-01
2132, 6.485237557941823e-02, 7.375794360766897e-03, -7.034194005177556e-01, 2.699069989934297e+00, -6.086542782966745e-01, 3.014109000000000e+05, 2.925278412576319e-02, 7.204056854716185e+02, 5.663076601262167e-01, 1.662030650752953e-01
2133, 6.485237557952286e-02, 6.446277946499204e-03, -5.240397583611814e-01, 2.623969656338184e+00, -5.145240778014651e-01, 3.014109000000000e+05, 2.393697516841518e-02, 5.954028757694178e+02, 5.574172989895557e-01, 2.151374118748439e-01
2134, 6.485237557963910e-02, 5.413481928562759e-03, -3.718215285567191e-01, 2.577901131478523e+00, -4.196534488400077e-01, 3.014108999999999e+05, 1.839982666530144e-02, 4.691034017881823e+02, 5.469286740285693e-01, 2.719781970548027e-01
2135, 6.485237557976828e-02, 4.265930797675640e-03, -2.483762396133826e-01, 2.562308775301131e+00, -3.245773102567099e-01, 3.014109000000000e+05, 1.672342522610806e-02, 3.309635095791506e+02, 5.355380018583271e-01, 3.310157701118681e-01
2136, 6.485237557991183e-02, 2.990873992721212e-03, -1.586443753616823e-01, 2.553789104214584e+00, -2.258401639476668e-01, 3.014109000000000e+05, 1.853266642609568e-02, 2.202528399552176e+02, 5.246829992257803e-01, 3.834032727124074e-01
2137, 6.485237558007131e-02, 1.574144205424918e-03, -1.005637004566424e-01, 2.540278864561580e+00, -1.185075858493986e-01, 3.014108999999999e+05, 1.962716725370191e-02, 1.591398142745659e+02, 5.167453131233077e-01, 4.208439284960407e-01
2138, 6.588582320387151e-02, 1.491761752497220e-02, -2.109944149527978e+00, -5.981831682435349e-02, -2.090495223511541e-04, 3.014109000000000e+05, 6.217167494586615e-06, 1.946564152380647e+05, 5.892654421293586e-01, 7.437816030250970e-02
2139, 6.588582320388464e-02, 1.482608144928170e-02, -2.109826308385646e+00, -1.227831417543333e-01, -1.139634603852344e-03, 3.014109000000000e+05, 7.251391994958961e-05, 5.071004840650290e+04, 5.892682073767357e-01, 7.438184723373424e-02
2140, 6.588582320389923e-02, 1.472437470239336e-02, -2.109610984132216e+00, -1.894559103080091e-01, -2.652106788466654e-03, 3.014109000000000e+05, 3.675392896581547e-04, 1.991643491533611e+04, 5.892758432125650e-01, 7.438181401300056e-02
2141, 6.588582320391545e-02, 1.461136720246290e-02, -2.109528313633055e+00, -2.592657779931882e-01, -4.684924671592003e-03, 3.014109000000000e+05, 1.225623897988964e-03, 9.838882391561232e+03, 5.892947902319797e-01, 7.436987479842415e-02
2142, 6.588582320393344e-02, 1.448580330972956e-02, -2.109412252650452e+00, -3.288631751148395e-01, -7.019865295336638e-03, 3.014109000000000e+05, 3.174556263675369e-03, 5.610800998621296e+03, 5.893357364645890e-01, 7.433340546502921e-02
2143, 6.588582320395348e-02, 1.434628787701350e-02, -2.109198267596964e+00, -3.910501972190394e-01, -9.381135794857538e-03, 3.014109000000000e+05, 6.826179457103985e-03, 3.519216152798742e+03, 5.894101333895423e-01, 7.425357865780105e-02
2144, 6.588582320397575e-02, 1.419127073664346e-02, -2.108828412694757e+00, -4.365358354107233e-01, -1.142178753971177e-02, 3.014109000000000e+05, 1.254499971770165e-02, 2.370066293629659e+03, 5.895292584289276e-01, 7.410484169528071e-02
2145, 6.588582320400045e-02, 1.401902946568845e-02, -2.108277409018317e+00, -4.601180894291208e-01, -1.277304721454446e-02, 3.014109000000000e+05, 2.022617943792542e-02, 1.716518489664943e+03, 5.897033416363250e-01, 7.385618837099042e-02
2146, 6.588582320402793e-02, 1.382765027084937e-02, -2.107613941127785e+00, -4.635423178399745e-01, -1.314379441553449e-02, 3.014109000000000e+05, 2.950529991315644e-02, 1.355491944145042e+03, 5.899387886428121e-01, 7.347325480939570e-02
2147, 6.588582320405845e-02, 1.361500671955055e-02, -2.106957495604592e+00, -4.504360545869028e-01, -1.248369252540078e-02, 3.014109000000000e+05, 4.013649287607034e-02, 1.178699370610836e+03, 5.902337873260791e-01, 7.291912397774543e-02
2148, 6.588582320409235e-02, 1.337873610958857e-02, -2.106369094990028e+00, -4.208277002271689e-01, -1.131729127745913e-02, 3.014108999999999e+05, 5.228663752150120e-02, 1.136986321111548e+03, 5.905738726968506e-01, 7.215311283939262e-02
2149, 6.588582320413004e-02, 1.311621321758909e-02, -2.105899981061078e+00, -3.678377384947814e-01, -1.144677625401327e-02, 3.014109000000000e+05, 6.665813523262572e-02, 1.230975708383162e+03, 5.909281271092420e-01, 7.112900599343244e-02
2150, 6.588582320417188e-02, 1.282452111733336e-02, -2.104676311097057e+00, -2.733382212239566e-01, -1.753781998264596e-02, 3.014109000000000e+05, 8.359569550177286e-02, 1.473962474055666e+03, 5.912546589241460e-01, 6.979928436534212e-02
2151, 6.588582320421842e-02, 1.250041877439178e-02, -2.098847894077750e+00, -9.802185748195233e-02, -3.978701684925635e-02, 3.014109000000000e+05, 1.018495134328286e-01, 1.913193779036083e+03, 5.915234553527170e-01, 6.812350056316853e-02
2152, 6.588582320427008e-02, 1.214030506541847e-02, -2.086864696205420e+00, 2.158338164755108e-01, -9.385293993754641e-02, 3.014109000000000e+05, 1.133616720771349e-01, 2.603364458929510e+03, 5.916209911702250e-01, 6.613962897965972e-02
2153, 6.588582320432752e-02, 1.174017872906708e-02, -2.062604463602223e+00, 7.106627822314247e-01, -1.955163458041793e-01, 3.014109000000000e+05, 1.020583889102455e-01, 3.152914972288130e+03, 5.913132846041557e-01, 6.433972748536994e-02
2154, 6.588582320439133e-02, 1.129559391414685e-02, -2.015208654924816e+00, 1.367927828042252e+00, -3.465082917839398e-01, 3.014109000000001e+05, 7.265581323318082e-02, 3.239528800361733e+03, 5.903581592543852e-01, 6.347003327515738e-02
2155, 6.588582320446225e-02, 1.080161078759826e-02, -1.938196061932056e+00, 2.064251832334155e+00, -5.173141719518046e-01, 3.014109000000000e+05, 4.539746782654670e-02, 2.849014737753944e+03, 5.883494872064481e-01, 6.469706048371644e-02
2156, 6.588582320454103e-02, 1.025274063997624e-02, -1.809016244366090e+00, 2.617994990399989e+00, -6.533867290682400e-01, 3.014108999999999e+05, 2.988788721798990e-02, 2.263594434595342e+03, 5.851992319504532e-01, 6.952519528375666e-02
2157, 6.588582320462855e-02, 9.642884908420583e-03, -1.618125813943549e+00, 2.913566798400527e+00, -7.129077053677566e-01, 3.014109000000000e+05, 2.510815308671109e-02, 1.722375417310207e+03, 5.813087496887460e-01, 7.971287882826265e-02
2158, 6.588582320472579e-02, 8.965267439452992e-03, -1.385385926637436e+00, 2.971650972937230e+00, -6.945624987936779e-01, 3.014108999999999e+05, 2.666771712318347e-02, 1.296980862565400e+03, 5.771675188727421e-01, 9.718701911631883e-02
2159, 6.588582320483384e-02, 8.212359138146715e-03, -1.143831039801751e+00, 2.902263684120045e+00, -6.292837500742081e-01, 3.014108999999999e+05, 2.950786506691529e-02, 9.832589781010446e+02, 5.726225794750882e-01, 1.237323821736896e-01
2160, 6.588582320495394e-02, 7.375794360824361e-03, -9.234899226509115e-01, 2.803271452569863e+00, -5.487607632985685e-01, 3.014109000000000e+05, 2.930672079105256e-02, 7.697369719043709e+02, 5.666806694597882e-01, 1.604684329208997e-01
2161, 6.588582320508732e-02, 6.446277946565701e-03, -7.370595275347761e-01, 2.717791282819569e+00, -4.660367340230974e-01, 3.014109000000000e+05, 2.497013799000193e-02, 6.225823090255653e+02, 5.585642904648159e-01, 2.074456073896282e-01
2162, 6.588582320523553e-02, 5.413481928639587e-03, -5.799858665016976e-01, 2.662761436097011e+00, -3.823000282153270e-01, 3.014108999999998e+05, 1.948743504113699e-02, 4.886614412149590e+02, 5.485309950409096e-01, 2.629330690129583e-01
2163, 6.588582320540025e-02, 4.265930797764274e-03, -4.507892645462667e-01, 2.640187156330739e+00, -2.969630139537173e-01, 3.014109000000000e+05, 1.730126745825822e-02, 3.477344516808027e+02, 5.373616759756816e-01, 3.217701242516166e-01
2164, 6.588582320558327e-02, 2.990873992823332e-03, -3.548229965717281e-01, 2.628987781431952e+00, -2.072015127417632e-01, 3.014109000000000e+05, 1.893619271051976e-02, 2.317699375820676e+02, 5.265024749713335e-01, 3.751225586769308e-01
2165, 6.588582320578658e-02, 1.574144205548208e-03, -2.928684980710601e-01, 2.614992437945287e+00, -1.089632652520887e-01, 3.014109000000000e+05, 2.039783224756682e-02, 1.657386168640577e+02, 5.183670638987603e-01, 4.137632235459194e-01
2166, 6.703409837240885e-02, 1.491761752497247e-02, -2.100701969298844e+00, -6.774565547736983e-02, -2.431362703330078e-04, 3.014109000000000e+05, 7.583154632450878e-06, 1.946701254066260e+05, 5.862789351050621e-01, 8.352693590115445e-02
2167, 6.703409837242519e-02, 1.482608144928231e-02, -2.100606953854767e+00, -1.386471764556061e-01, -1.335083029916237e-03, 3.014109000000000e+05, 8.842600848933227e-05, 5.074272963416952e+04, 5.862835901320388e-01, 8.353049135714857e-02
2168, 6.703409837244341e-02, 1.472437470239437e-02, -2.100315992292764e+00, -2.120561224628780e-01, -3.259262407361562e-03, 3.014109000000000e+05, 4.475220354988743e-04, 1.996882467233302e+04, 5.862919562732896e-01, 8.352953752086606e-02
2169, 6.703409837246364e-02, 1.461136720246440e-02, -2.100101353754185e+00, -2.863532452367091e-01, -6.144953526517171e-03, 3.014109000000000e+05, 1.485702265019290e-03, 9.904201624143861e+03, 5.863067737943957e-01, 8.351508533041424e-02
2170, 6.703409837248613e-02, 1.448580330973176e-02, -2.099878992702021e+00, -3.574617378353661e-01, -9.895154836616878e-03, 3.014109000000000e+05, 3.812454733307306e-03, 5.678489658710987e+03, 5.863348211449073e-01, 8.347386191343209e-02
2171, 6.703409837251111e-02, 1.434628787701627e-02, -2.099719655667770e+00, -4.176478051501395e-01, -1.420588277742201e-02, 3.014109000000000e+05, 8.076020154872693e-03, 3.582088736080611e+03, 5.863850066672014e-01, 8.338700214644786e-02
2172, 6.703409837253883e-02, 1.419127073664705e-02, -2.099637186646718e+00, -4.578856718388140e-01, -1.856196736236653e-02, 3.014109000000000e+05, 1.457224184194508e-02, 2.427670166191125e+03, 5.864698001030524e-01, 8.323024630181565e-02
2173, 6.703409837256967e-02, 1.401902946569301e-02, -2.099456619434328e+00, -4.744049444348427e-01, -2.242890475792428e-02, 3.014109000000000e+05, 2.306750656794729e-02, 1.768221715660748e+03, 5.866059278067032e-01, 8.297565022244498e-02
2174, 6.703409837260392e-02, 1.382765027085507e-02, -2.099112541415394e+00, -4.705586981590970e-01, -2.543144361688953e-02, 3.014109000000000e+05, 3.306440415749481e-02, 1.394804135784582e+03, 5.868095165135808e-01, 8.259312679127452e-02
2175, 6.703409837264193e-02, 1.361500671955798e-02, -2.098755398816345e+00, -4.514366868399969e-01, -2.734993446917560e-02, 3.014109000000000e+05, 4.418153298941858e-02, 1.194086930652938e+03, 5.870912825225412e-01, 8.205088235723529e-02
2176, 6.703409837268427e-02, 1.337873610959718e-02, -2.098572951497561e+00, -4.192432713741877e-01, -2.812655597438040e-02, 3.014109000000000e+05, 5.642916921735680e-02, 1.110431040726509e+03, 5.874550152994522e-01, 8.131476632049214e-02
2177, 6.703409837273124e-02, 1.311621321759952e-02, -2.098606139177607e+00, -3.714142372321502e-01, -2.814518314145058e-02, 3.014109000000000e+05, 7.033169693679091e-02, 1.130023090185363e+03, 5.878973278168965e-01, 8.034704982556468e-02
2178, 6.703409837278343e-02, 1.282452111734591e-02, -2.099191164437586e+00, -2.980954128066514e-01, -2.890495399512163e-02, 3.014109000000000e+05, 8.691607424600847e-02, 1.276122061263827e+03, 5.884033256125389e-01, 7.910578337099497e-02
2179, 6.703409837284144e-02, 1.250041877440765e-02, -2.098071162456907e+00, -1.750631682247464e-01, -3.505084793301854e-02, 3.014109000000000e+05, 1.068326706126991e-01, 1.571741642036571e+03, 5.889682874129901e-01, 7.755454411853988e-02
2180, 6.703409837290589e-02, 1.214030506543638e-02, -2.090881887786873e+00, 4.941864422142895e-02, -5.694836149278917e-02, 3.014109000000000e+05, 1.275937747155656e-01, 2.076974219476268e+03, 5.895735251851920e-01, 7.567660337134728e-02
2181, 6.703409837297747e-02, 1.174017872908830e-02, -2.077267911403872e+00, 4.368715825943512e-01, -1.091950047970408e-01, 3.014109000000001e+05, 1.403267414748768e-01, 2.683619299301226e+03, 5.899612771211062e-01, 7.372141827685881e-02
2182, 6.703409837305706e-02, 1.129559391417191e-02, -2.043793694135432e+00, 1.012354058625766e+00, -2.043258239828115e-01, 3.014109000000001e+05, 1.194814162851858e-01, 3.057023736506944e+03, 5.898074445076262e-01, 7.224756405790771e-02
2183, 6.703409837314549e-02, 1.080161078762775e-02, -1.985342408326553e+00, 1.722810517777777e+00, -3.380298943825588e-01, 3.014109000000002e+05, 7.850719682202752e-02, 2.930876778560949e+03, 5.885601157373299e-01, 7.226682514333729e-02
2184, 6.703409837324371e-02, 1.025274064001083e-02, -1.898443324610015e+00, 2.397351533086218e+00, -4.738273104627596e-01, 3.014109000000000e+05, 4.564740161524582e-02, 2.413237933233216e+03, 5.856534103272644e-01, 7.530113609613705e-02
2185, 6.703409837335285e-02, 9.642884908463314e-03, -1.758766320802073e+00, 2.851178812450951e+00, -5.622898935531353e-01, 3.014109000000000e+05, 2.992617421498546e-02, 1.836974544653957e+03, 5.814408227714868e-01, 8.325393314026101e-02
2186, 6.703409837347413e-02, 8.965267439500208e-03, -1.565756125407824e+00, 3.025010675107895e+00, -5.804746018965540e-01, 3.014108999999999e+05, 2.651095711545279e-02, 1.379073478764963e+03, 5.767922747935259e-01, 9.820648715845375e-02
2187, 6.703409837360887e-02, 8.212359138204731e-03, -1.345467245596952e+00, 3.000944501750233e+00, -5.428167400872470e-01, 3.014109000000000e+05, 2.825417657242603e-02, 1.047561446826290e+03, 5.720917020174563e-01, 1.221310334215732e-01
2188, 6.703409837375857e-02, 7.375794360888212e-03, -1.130903916768467e+00, 2.903101793159589e+00, -4.793109131143072e-01, 3.014109000000000e+05, 2.890108663247967e-02, 8.143310845634659e+02, 5.666175053539507e-01, 1.563757624371940e-01
2189, 6.703409837392496e-02, 6.446277946639586e-03, -9.438441928240530e-01, 2.808406361176325e+00, -4.093951889263959e-01, 3.014109000000000e+05, 2.558454967938404e-02, 6.489163700634413e+02, 5.592686894623544e-01, 2.011484218690985e-01
2190, 6.703409837410979e-02, 5.413481928724950e-03, -7.862343082418527e-01, 2.745389816279904e+00, -3.378095752547421e-01, 3.014108999999999e+05, 2.037171291772974e-02, 5.066591158075456e+02, 5.498353133703729e-01, 2.549198141111696e-01
2191, 6.703409837431518e-02, 4.265930797862757e-03, -6.556706781009536e-01, 2.717242511614233e+00, -2.638244144502742e-01, 3.014109000000000e+05, 1.781161788519900e-02, 3.628295135753376e+02, 5.390155351943079e-01, 3.130014182873878e-01
2192, 6.703409837454340e-02, 2.990873992936801e-03, -5.567241670209514e-01, 2.704165922142726e+00, -1.848182161692579e-01, 3.014109000000000e+05, 1.923628463067141e-02, 2.423702695236631e+02, 5.282770280707177e-01, 3.667445543632794e-01
2193, 6.703409837479690e-02, 1.574144205685199e-03, -4.925150720063142e-01, 2.690212310480552e+00, -9.747477662982737e-02, 3.014108999999999e+05, 2.099357538602184e-02, 1.718010902094045e+02, 5.200557706619771e-01, 4.061978664199984e-01
2194, 6.830995967944785e-02, 1.491761752497278e-02, -2.089901483191667e+00, -7.780003816034310e-02, -2.757853705091456e-04, 3.014109000000000e+05, 1.000834052046861e-05, 1.946840214492863e+05, 5.835386987508938e-01, 9.278539065654616e-02
2195, 6.830995967946919e-02, 1.482608144928299e-02, -2.089824632865712e+00, -1.591211169302470e-01, -1.499175541425744e-03, 3.014109000000000e+05, 1.166884812853068e-04, 5.077342653524029e+04, 5.835451670700624e-01, 9.278864472975640e-02
2196, 6.830995967949287e-02, 1.472437470239549e-02, -2.089516905533559e+00, -2.424501317809082e-01, -3.642010678959603e-03, 3.014109000000000e+05, 5.899339297870094e-04, 2.001286732002331e+04, 5.835558443364972e-01, 9.278663027699359e-02
2197, 6.830995967951922e-02, 1.461136720246606e-02, -2.089266206166316e+00, -3.247815208601977e-01, -6.883084145570400e-03, 3.014109000000000e+05, 1.951052198173780e-03, 9.950043070497939e+03, 5.835716550176767e-01, 9.276965947229192e-02
2198, 6.830995967954850e-02, 1.448580330973419e-02, -2.089008231327993e+00, -4.002601508244562e-01, -1.115682045420172e-02, 3.014109000000000e+05, 4.959613607001703e-03, 5.713361020710381e+03, 5.835964701578630e-01, 9.272371188297843e-02
2199, 6.830995967958099e-02, 1.434628787701935e-02, -2.088904203105201e+00, -4.595484965430678e-01, -1.613499508592934e-02, 3.014109000000000e+05, 1.033048936437297e-02, 3.603795688307759e+03, 5.836358324778688e-01, 9.262953270481175e-02
2200, 6.830995967961712e-02, 1.419127073665104e-02, -2.088981212861863e+00, -4.939535109865767e-01, -2.124361659927971e-02, 3.014109000000000e+05, 1.823457918012070e-02, 2.446544378565396e+03, 5.837004589588151e-01, 9.246371824555241e-02
2201, 6.830995967965729e-02, 1.401902946569808e-02, -2.088971779673125e+00, -5.023033445262034e-01, -2.595464754532950e-02, 3.014109000000000e+05, 2.820335567561872e-02, 1.792143704127978e+03, 5.838074967037917e-01, 9.220085295071825e-02
2202, 6.830995967970190e-02, 1.382765027086141e-02, -2.088775232692543e+00, -4.901265370784824e-01, -2.998491831090184e-02, 3.014109000000000e+05, 3.953291128020245e-02, 1.421655506031767e+03, 5.839741227794492e-01, 9.181444214936003e-02
2203, 6.830995967975145e-02, 1.361500671956624e-02, -2.088552358842458e+00, -4.632711203345745e-01, -3.319111715489120e-02, 3.014109000000000e+05, 5.172207355620687e-02, 1.215965431165173e+03, 5.842133900895647e-01, 9.127692316560572e-02
2204, 6.830995967980649e-02, 1.337873610960675e-02, -2.088482600211395e+00, -4.245041816740639e-01, -3.543786847170426e-02, 3.014109000000000e+05, 6.469517952205815e-02, 1.115615443523457e+03, 5.845353067665184e-01, 9.055943354410848e-02
2205, 6.830995967986771e-02, 1.311621321761111e-02, -2.088694211057753e+00, -3.729334703234976e-01, -3.664519507819842e-02, 3.014109000000000e+05, 7.883913834353933e-02, 1.099100600100505e+03, 5.849477174542154e-01, 8.963137979174622e-02
2206, 6.830995967993569e-02, 1.282452111735987e-02, -2.089237514690970e+00, -3.030308651363953e-01, -3.710759111632077e-02, 3.014109000000000e+05, 9.506179173437652e-02, 1.174449753417505e+03, 5.854569585548117e-01, 8.846091228163279e-02
2207, 6.830995968001122e-02, 1.250041877442528e-02, -2.090209188966633e+00, -2.009042829578556e-01, -3.830767390124418e-02, 3.014109000000000e+05, 1.145523065062824e-01, 1.371188581677839e+03, 5.860682240225287e-01, 8.701974159329613e-02
2208, 6.830995968009518e-02, 1.214030506545626e-02, -2.087547469045197e+00, -2.994150303431315e-02, -4.539934936557120e-02, 3.014109000000000e+05, 1.381172876249715e-01, 1.731273659238909e+03, 5.868138731085852e-01, 8.529406722009780e-02
2209, 6.830995968018844e-02, 1.174017872911189e-02, -2.078635280806041e+00, 2.738266866701206e-01, -6.858757759100773e-02, 3.014109000000000e+05, 1.615363183102123e-01, 2.269584358312929e+03, 5.876093020802164e-01, 8.334993986254245e-02
2210, 6.830995968029208e-02, 1.129559391419977e-02, -2.060772077560156e+00, 7.561386474892862e-01, -1.202053950635315e-01, 3.014109000000001e+05, 1.671298252881718e-01, 2.758839610531661e+03, 5.880668030396433e-01, 8.161047046306347e-02
2211, 6.830995968040721e-02, 1.080161078766051e-02, -2.014703757315142e+00, 1.413887215996346e+00, -2.084506515800917e-01, 3.014109000000001e+05, 1.274504948572274e-01, 2.899387216977721e+03, 5.877512997579445e-01, 8.089006535097652e-02
2212, 6.830995968053513e-02, 1.025274064004927e-02, -1.947363800731146e+00, 2.140702269676600e+00, -3.205819489389737e-01, 3.014108999999999e+05, 7.453994627304643e-02, 2.542098025158686e+03, 5.857390462544729e-01, 8.254850314107261e-02
2213, 6.830995968067727e-02, 9.642884908510794e-03, -1.849496632097336e+00, 2.726262349121710e+00, -4.157632547360578e-01, 3.014109000000000e+05, 4.105404952399092e-02, 1.953956440903233e+03, 5.817199875815477e-01, 8.853147148080527e-02
2214, 6.830995968083522e-02, 8.965267439552671e-03, -1.700456133396417e+00, 3.028504941507662e+00, -4.584404807150641e-01, 3.014108999999999e+05, 2.873327612843227e-02, 1.448201854100124e+03, 5.767009008669230e-01, 1.011069127151476e-01
2215, 6.830995968101072e-02, 8.212359138269194e-03, -1.512352790549098e+00, 3.074430583508563e+00, -4.464789815469933e-01, 3.014109000000000e+05, 2.749859707029089e-02, 1.094367944204830e+03, 5.716357721740105e-01, 1.224418644168705e-01
2216, 6.830995968120571e-02, 7.375794360959156e-03, -1.315249396002071e+00, 2.992651620522556e+00, -4.019819504618447e-01, 3.014108999999999e+05, 2.822812356167755e-02, 8.490436969945116e+02, 5.663025187688782e-01, 1.540931862233163e-01
2217, 6.830995968142237e-02, 6.446277946721680e-03, -1.135815486226996e+00, 2.892778482765486e+00, -3.462417701231244e-01, 3.014109000000000e+05, 2.580278752728382e-02, 6.712863090954395e+02, 5.595683874822863e-01, 1.964501684776981e-01
2218, 6.830995968166309e-02, 5.413481928819798e-03, -9.829218314705755e-01, 2.823032063441838e+00, -2.875082035611549e-01, 3.014108999999999e+05, 2.100031483706924e-02, 5.218773881620702e+02, 5.507941450372051e-01, 2.481680829153100e-01
2219, 6.830995968193057e-02, 4.265930797972181e-03, -8.556076958401174e-01, 2.790746126960204e+00, -2.259176655522700e-01, 3.014109000000000e+05, 1.821199568733767e-02, 3.755161588509570e+02, 5.404444837355267e-01, 3.049535401455108e-01
2220, 6.830995968222778e-02, 2.990873993062877e-03, -7.574969862596341e-01, 2.776837063149269e+00, -1.590618182193900e-01, 3.014109000000000e+05, 1.942010531136116e-02, 2.515278593144057e+02, 5.299593535473780e-01, 3.584514393034922e-01
2221, 6.830995968255799e-02, 1.574144205837410e-03, -6.932232385434307e-01, 2.763610469468031e+00, -8.419772102056533e-02, 3.014109000000000e+05, 2.139083507455624e-02, 1.770631205564904e+02, 5.217777047538080e-01, 3.982308647496436e-01
2222, 6.972758333870757e-02, 1.491761752497312e-02, -2.075616687784443e+00, -9.036425154736569e-02, -3.059617784236018e-04, 3.014109000000000e+05, 1.366360689713214e-05, 1.946985452765768e+05, 5.810124280230438e-01, 1.020138362575878e-01
2223, 6.972758333873226e-02, 1.482608144928374e-02, -2.075543907264894e+00, -1.841609241798099e-01, -1.646331130075246e-03, 3.014109000000000e+05, 1.592874024356444e-04, 5.080457559514420e+04, 5.810203176098349e-01, 1.020164689312153e-01
2224, 6.972758333875972e-02, 1.472437470239674e-02, -2.075226425507957e+00, -2.790966220230510e-01, -3.926344152159745e-03, 3.014109000000000e+05, 8.045707623499561e-04, 2.005300793513179e+04, 5.810332651131377e-01, 1.020129143367066e-01
2225, 6.972758333879016e-02, 1.461136720246791e-02, -2.074986741660341e+00, -3.707102372988851e-01, -7.287585841643265e-03, 3.014109000000000e+05, 2.651104130563692e-03, 9.982159415940778e+03, 5.810514478335438e-01, 1.019929444693291e-01
2226, 6.972758333882408e-02, 1.448580330973690e-02, -2.074769131374487e+00, -4.509249853759936e-01, -1.160261179379900e-02, 3.014108999999999e+05, 6.672878310600808e-03, 5.723360972847693e+03, 5.810772088304195e-01, 1.019420394094253e-01
2227, 6.972758333886166e-02, 1.434628787702277e-02, -2.074779076488190e+00, -5.085090480244354e-01, -1.647397584289401e-02, 3.014108999999999e+05, 1.364985399277873e-02, 3.596417201552983e+03, 5.811139633614060e-01, 1.018408711773694e-01
2228, 6.972758333890347e-02, 1.419127073665548e-02, -2.074959085862103e+00, -5.359103575537969e-01, -2.132302218788558e-02, 3.014108999999999e+05, 2.353305323589653e-02, 2.440807967896983e+03, 5.811710487372811e-01, 1.016672258373030e-01
2229, 6.972758333894991e-02, 1.401902946570372e-02, -2.074990667086824e+00, -5.356261400395022e-01, -2.573808018980623e-02, 3.014108999999999e+05, 3.551125462215600e-02, 1.798712445840477e+03, 5.812637408185356e-01, 1.013981333796631e-01
2230, 6.972758333900153e-02, 1.382765027086845e-02, -2.074839321024635e+00, -5.154319006310759e-01, -2.959377250224979e-02, 3.014109000000000e+05, 4.864487017676476e-02, 1.438676557287868e+03, 5.814060853534880e-01, 1.010101018748404e-01
2231, 6.972758333905887e-02, 1.361500671957541e-02, -2.074674751729109e+00, -4.813452817616488e-01, -3.286381653468494e-02, 3.014109000000000e+05, 6.236908409543544e-02, 1.237161741791078e+03, 5.816088405394891e-01, 1.004788745139748e-01
2232, 6.972758333912257e-02, 1.337873610961737e-02, -2.074638359176018e+00, -4.358113339413237e-01, -3.546855852542778e-02, 3.014109000000000e+05, 7.659617526050312e-02, 1.133377523995230e+03, 5.818819233862875e-01, 9.977931567279522e-02
2233, 6.972758333919338e-02, 1.311621321762398e-02, -2.074824278824956e+00, -3.782104371237541e-01, -3.725825082146222e-02, 3.014109000000000e+05, 9.163649990481344e-02, 1.102512120002284e+03, 5.822360123100222e-01, 9.888541939166001e-02
2234, 6.972758333927206e-02, 1.282452111737536e-02, -2.075220908885251e+00, -3.047567152021397e-01, -3.813717205371450e-02, 3.014109000000000e+05, 1.082065096184366e-01, 1.143798640255208e+03, 5.826839081420989e-01, 9.777135955917780e-02
2235, 6.972758333935947e-02, 1.250041877444488e-02, -2.076122015927715e+00, -2.065589115376216e-01, -3.836112978235321e-02, 3.014109000000000e+05, 1.275474146399259e-01, 1.280357552593352e+03, 5.832391641995853e-01, 9.641493412189116e-02
2236, 6.972758333945656e-02, 1.214030506547836e-02, -2.076145788162600e+00, -5.981921082709136e-02, -3.977075612053241e-02, 3.014109000000000e+05, 1.512094237839240e-01, 1.550532594457736e+03, 5.839346049696202e-01, 9.480622225222685e-02
2237, 6.972758333956444e-02, 1.174017872913809e-02, -2.070232463187782e+00, 1.886587981171667e-01, -4.823059082541148e-02, 3.014109000000001e+05, 1.781853127859401e-01, 1.976425027842371e+03, 5.848022019391873e-01, 9.298229281573717e-02
2238, 6.972758333968437e-02, 1.129559391423071e-02, -2.060866074660741e+00, 5.966241499054855e-01, -7.255570564828798e-02, 3.014109000000001e+05, 1.981222559571429e-01, 2.459645736303025e+03, 5.855734181972241e-01, 9.120273353270823e-02
2239, 6.972758333981757e-02, 1.080161078769691e-02, -2.031962879694720e+00, 1.179595278981178e+00, -1.225392825178271e-01, 3.014109000000001e+05, 1.812300567055914e-01, 2.757816545136164e+03, 5.858794522867350e-01, 9.011830577489130e-02
2240, 6.972758333996559e-02, 1.025274064009198e-02, -1.973053262262173e+00, 1.893264455627384e+00, -2.009911599106275e-01, 3.014109000000000e+05, 1.179903095731101e-01, 2.614299479553431e+03, 5.849731410254588e-01, 9.088240533435474e-02
2241, 6.972758334013006e-02, 9.642884908563552e-03, -1.899921454498574e+00, 2.564294041779227e+00, -2.854762284560102e-01, 3.014109000000000e+05, 6.093453300730656e-02, 2.072894861169897e+03, 5.817423162069865e-01, 9.529654681441943e-02
2242, 6.972758334031277e-02, 8.965267439610954e-03, -1.790837415326353e+00, 2.987221811038855e+00, -3.388265106722420e-01, 3.014109000000000e+05, 3.427845515974252e-02, 1.513816057221080e+03, 5.767275964971011e-01, 1.057478146411229e-01
2243, 6.972758334051582e-02, 8.212359138340820e-03, -1.639045069734903e+00, 3.117354246975929e+00, -3.461844611149484e-01, 3.014108999999999e+05, 2.765470177479868e-02, 1.125991783514693e+03, 5.713277766079152e-01, 1.246298766446081e-01
2244, 6.972758334074144e-02, 7.375794361037986e-03, -1.467742344031716e+00, 3.066078230282150e+00, -3.198614244897978e-01, 3.014109000000000e+05, 2.749260335904662e-02, 8.711092832115650e+02, 5.659082311865198e-01, 1.536913635408295e-01
2245, 6.972758334099211e-02, 6.446277946812896e-03, -1.304009881515984e+00, 2.967288816526954e+00, -2.788583305077851e-01, 3.014109000000000e+05, 2.568870000342113e-02, 6.869468393909790e+02, 5.595661433179797e-01, 1.934874733844648e-01
2246, 6.972758334127063e-02, 5.413481928925185e-03, -1.161545629570360e+00, 2.892822164371062e+00, -2.332956018655244e-01, 3.014109000000000e+05, 2.135292213989718e-02, 5.329700373324546e+02, 5.514099569119166e-01, 2.428498259552775e-01
2247, 6.972758334158011e-02, 4.265930798093764e-03, -1.042033322857747e+00, 2.857833248026298e+00, -1.845704841425530e-01, 3.014108999999998e+05, 1.847147090582490e-02, 3.850729324173257e+02, 5.416128102647022e-01, 2.978250678832533e-01
2248, 6.972758334192394e-02, 2.990873993202962e-03, -9.486427966872627e-01, 2.844188768975557e+00, -1.307224995416301e-01, 3.014109000000001e+05, 1.948349607769729e-02, 2.587626484441502e+02, 5.315090421614115e-01, 3.504147533396485e-01
2249, 6.972758334230600e-02, 1.574144206006534e-03, -8.867710330303057e-01, 2.832425241428269e+00, -6.950241246712476e-02, 3.014108999999999e+05, 2.158539386776777e-02, 1.813016025499562e+02, 5.234983073426027e-01, 3.899620866447220e-01
2250, 7.130272068990851e-02, 1.491761752497349e-02, -2.054074208036571e+00, -1.055223754055471e-01, -3.225027455589118e-04, 3.014109000000000e+05, 1.887808581779981e-05, 1.947108450394104e+05, 5.786868820231112e-01, 1.111068787174026e-01
2251, 7.130272068993843e-02, 1.482608144928457e-02, -2.054000830043762e+00, -2.135399745470576e-01, -1.718021486393756e-03, 3.014109000000000e+05, 2.200505140969654e-04, 5.083025996668408e+04, 5.786954489289691e-01, 1.111086249783986e-01
2252, 7.130272068997162e-02, 1.472437470239813e-02, -2.053681339484780e+00, -3.208205673414288e-01, -4.017971742944720e-03, 3.014109000000000e+05, 1.110366832836260e-03, 2.008071096251835e+04, 5.787095111205233e-01, 1.111031422843423e-01
2253, 7.130272069000854e-02, 1.461136720246996e-02, -2.053475031807431e+00, -4.212843680985191e-01, -7.289860579563666e-03, 3.014109000000000e+05, 3.643264774416167e-03, 9.991137202136193e+03, 5.787288715798093e-01, 1.110798344077784e-01
2254, 7.130272069004960e-02, 1.448580330973991e-02, -2.053354355693791e+00, -5.044680950205541e-01, -1.130198181983382e-02, 3.014109000000000e+05, 9.067325702942719e-03, 5.702724042723299e+03, 5.787551217415028e-01, 1.110240376490584e-01
2255, 7.130272069009511e-02, 1.434628787702657e-02, -2.053522632520014e+00, -5.577987212854417e-01, -1.557537044153212e-02, 3.014109000000000e+05, 1.817762554553378e-02, 3.561960191190998e+03, 5.787910000593399e-01, 1.109169896138400e-01
2256, 7.130272069014576e-02, 1.419127073666041e-02, -2.053771872742101e+00, -5.765132461352106e-01, -1.958024642803488e-02, 3.014109000000000e+05, 3.054796680831477e-02, 2.417576830318708e+03, 5.788456542991013e-01, 1.107383821922560e-01
2257, 7.130272069020205e-02, 1.401902946570999e-02, -2.053809852876182e+00, -5.674794856464315e-01, -2.307579284403149e-02, 3.014109000000000e+05, 4.491508710867557e-02, 1.794769061185369e+03, 5.789318734462233e-01, 1.104679035510942e-01
2258, 7.130272069026455e-02, 1.382765027087627e-02, -2.053711799248906e+00, -5.400842591145436e-01, -2.608137447542461e-02, 3.014109000000000e+05, 6.014313612170923e-02, 1.449494041552258e+03, 5.790595338138503e-01, 1.100848795750311e-01
2259, 7.130272069033397e-02, 1.361500671958560e-02, -2.053637297042705e+00, -4.998804496210253e-01, -2.864534085004981e-02, 3.014109000000000e+05, 7.570685824491416e-02, 1.256462565257082e+03, 5.792361508928604e-01, 1.095680173452662e-01
2260, 7.130272069041116e-02, 1.337873610962918e-02, -2.053678139441840e+00, -4.485705530098723e-01, -3.073476025144727e-02, 3.014109000000000e+05, 9.158972834113167e-02, 1.155636300305163e+03, 5.794695116672740e-01, 1.088952953181707e-01
2261, 7.130272069049690e-02, 1.311621321763829e-02, -2.053872379591004e+00, -3.852037233963836e-01, -3.222333438936225e-02, 3.014109000000000e+05, 1.080956989645962e-01, 1.121333734138237e+03, 5.797690601840624e-01, 1.080441836818898e-01
2262, 7.130272069059219e-02, 1.282452111739259e-02, -2.054207008180924e+00, -3.064352060481577e-01, -3.292996334322949e-02, 3.014109000000000e+05, 1.258168356720406e-01, 1.148545511643794e+03, 5.801467345307936e-01, 1.069929887097177e-01
2263, 7.130272069069804e-02, 1.250041877446665e-02, -2.054674701866279e+00, -2.054315033639285e-01, -3.274683923912931e-02, 3.014109000000000e+05, 1.457562549081002e-01, 1.250654317977653e+03, 5.806179708491549e-01, 1.057248232902213e-01
2264, 7.130272069081570e-02, 1.214030506550292e-02, -2.055047105700651e+00, -6.570492934421178e-02, -3.209143305976019e-02, 3.014109000000000e+05, 1.694528973692799e-01, 1.460747479298415e+03, 5.812085670655358e-01, 1.042342341550111e-01
2265, 7.130272069094637e-02, 1.174017872916721e-02, -2.052539470966309e+00, 1.537725204630254e-01, -3.341795513869466e-02, 3.014109000000001e+05, 1.973443958635173e-01, 1.801871335773590e+03, 5.819640721459965e-01, 1.025519966760377e-01
2266, 7.130272069109159e-02, 1.129559391426510e-02, -2.044995595824569e+00, 5.109560885010083e-01, -4.235183345714151e-02, 3.014109000000001e+05, 2.235095764969450e-01, 2.226522590936365e+03, 5.828027900063153e-01, 1.008574251174062e-01
2267, 7.130272069125293e-02, 1.080161078773735e-02, -2.029745298510190e+00, 1.028054431985609e+00, -6.611226759634309e-02, 3.014109000000001e+05, 2.258132317172480e-01, 2.568429432385313e+03, 5.833763460463112e-01, 9.965051711591218e-02
2268, 7.130272069143223e-02, 1.025274064013943e-02, -1.983633482804525e+00, 1.690834849829523e+00, -1.129551599483852e-01, 3.014109000000001e+05, 1.706471038223900e-01, 2.603432734354220e+03, 5.832571609999376e-01, 9.992029359650087e-02
2269, 7.130272069163140e-02, 9.642884908622171e-03, -1.919752978277933e+00, 2.393814777460319e+00, -1.769935449780458e-01, 3.014109000000000e+05, 9.108303892485614e-02, 2.178120087443880e+03, 5.811678665083782e-01, 1.032358141769102e-01
2270, 7.130272069185276e-02, 8.965267439675725e-03, -1.841575462436674e+00, 2.914144888282201e+00, -2.295543975932808e-01, 3.014109000000000e+05, 4.393661294489921e-02, 1.581265126341681e+03, 5.766115951006761e-01, 1.119157641193105e-01
2271, 7.130272069209864e-02, 8.212359138420406e-03, -1.724515659103533e+00, 3.130383877410873e+00, -2.482859621302804e-01, 3.014109000000000e+05, 2.895380993549134e-02, 1.146283005725558e+03, 5.710996844302292e-01, 1.285718687298921e-01
2272, 7.130272069237192e-02, 7.375794361125570e-03, -1.582515757901764e+00, 3.119397551332293e+00, -2.369655791908496e-01, 3.014108999999999e+05, 2.684060474132158e-02, 8.799011831668581e+02, 5.655324196868398e-01, 1.551427183859799e-01
2273, 7.130272069267551e-02, 6.446277946914248e-03, -1.440373587970940e+00, 3.028334221977692e+00, -2.100697890863315e-01, 3.014109000000000e+05, 2.531961728702430e-02, 6.940837628117423e+02, 5.593816218065022e-01, 1.923106601740535e-01
2274, 7.130272069301286e-02, 5.413481929042283e-03, -1.313458909100189e+00, 2.951895734131389e+00, -1.774747698495383e-01, 3.014109000000000e+05, 2.143702170636891e-02, 5.387812676889270e+02, 5.517302028009697e-01, 2.390628035658304e-01
2275, 7.130272069338769e-02, 4.265930798228856e-03, -1.205774516898525e+00, 2.915678509462518e+00, -1.415357740709044e-01, 3.014108999999999e+05, 1.857501201337737e-02, 3.908856734772551e+02, 5.425133866642359e-01, 2.917513357755919e-01
2276, 7.130272069380414e-02, 2.990873993358610e-03, -1.120553745473798e+00, 2.903289748213110e+00, -1.009467717647776e-01, 3.014109000000000e+05, 1.943257026856511e-02, 2.636980393999081e+02, 5.328992305924650e-01, 3.427756501683423e-01
2277, 7.130272069426691e-02, 1.574144206194450e-03, -1.063439788926697e+00, 2.893642103298916e+00, -5.395901222062075e-02, 3.014109000000000e+05, 2.159375632202944e-02, 1.843686958632105e+02, 5.251864595188414e-01, 3.814978704766100e-01
2278, 7.305287329050965e-02, 1.491761752497391e-02, -2.019683963531259e+00, -1.226085156785354e-01, -3.121600090735003e-04, 3.014109000000000e+05, 2.607750657676362e-05, 1.947172738757269e+05, 5.765882670292606e-01, 1.200167317618655e-01
2279, 7.305287329054568e-02, 1.482608144928550e-02, -2.019612015917729e+00, -2.458051005087676e-01, -1.650690882798086e-03, 3.014109000000000e+05, 3.039286284027947e-04, 5.084289692607519e+04, 5.765965645798287e-01, 1.200174342046361e-01
2280, 7.305287329058568e-02, 1.472437470239967e-02, -2.019310958059647e+00, -3.651541321557220e-01, -3.789553613335942e-03, 3.014109000000000e+05, 1.531741289129946e-03, 2.008500002399255e+04, 5.766100796296093e-01, 1.200098701943352e-01
2281, 7.305287329063020e-02, 1.461136720247225e-02, -2.019154833958376e+00, -4.727102609583235e-01, -6.711954506878934e-03, 3.014109000000000e+05, 5.000439536676003e-03, 9.965671644887758e+03, 5.766283278537310e-01, 1.199832830396179e-01
2282, 7.305287329067962e-02, 1.448580330974325e-02, -2.019165403042818e+00, -5.556571756526385e-01, -1.008663851992459e-02, 3.014109000000000e+05, 1.228199304055137e-02, 5.645760720150453e+03, 5.766524531670478e-01, 1.199232417992981e-01
2283, 7.305287329073455e-02, 1.434628787703079e-02, -2.019484980971845e+00, -6.014225395802558e-01, -1.339190098973827e-02, 3.014109000000000e+05, 2.406504024205490e-02, 3.502848401701812e+03, 5.766855643486676e-01, 1.198122370998996e-01
2284, 7.305287329079557e-02, 1.419127073666588e-02, -2.019766301434397e+00, -6.100335613506761e-01, -1.620934872048810e-02, 3.014109000000000e+05, 3.932236985499310e-02, 2.382407336619061e+03, 5.767371570010792e-01, 1.196324735598007e-01
2285, 7.305287329086337e-02, 1.401902946571694e-02, -2.019839317862866e+00, -5.926032558720402e-01, -1.847135376610659e-02, 3.014109000000000e+05, 5.627446944523845e-02, 1.785025551507091e+03, 5.768172882701353e-01, 1.193664198715529e-01
2286, 7.305287329093874e-02, 1.382765027088496e-02, -2.019859379802364e+00, -5.589871038798202e-01, -2.028308898715287e-02, 3.014109000000000e+05, 7.371314615626691e-02, 1.457095351975801e+03, 5.769322929770502e-01, 1.189961947552034e-01
2287, 7.305287329102243e-02, 1.361500671959693e-02, -2.019944802714767e+00, -5.137339744037979e-01, -2.171115095675454e-02, 3.014109000000000e+05, 9.126674447417324e-02, 1.274641745190652e+03, 5.770871823196937e-01, 1.185033906287858e-01
2288, 7.305287329111544e-02, 1.337873610964230e-02, -2.020138052844543e+00, -4.576682038921829e-01, -2.273279493320297e-02, 3.014109000000000e+05, 1.090479508501990e-01, 1.179833251570288e+03, 5.772876443945337e-01, 1.178689267963599e-01
2289, 7.305287329121879e-02, 1.311621321765419e-02, -2.020433180118252e+00, -3.893398641478544e-01, -2.323910436362382e-02, 3.014109000000000e+05, 1.273980598631331e-01, 1.147392782894234e+03, 5.775408125924537e-01, 1.170733880532246e-01
2290, 7.305287329133363e-02, 1.282452111741173e-02, -2.020795459935095e+00, -3.053477543194713e-01, -2.304514152834247e-02, 3.014109000000000e+05, 1.468345875457368e-01, 1.170278752931595e+03, 5.778555266712687e-01, 1.160985640402845e-01
2291, 7.305287329146122e-02, 1.250041877449084e-02, -2.021022864838087e+00, -1.996475260964579e-01, -2.195538900054154e-02, 3.014109000000000e+05, 1.681409817095832e-01, 1.256053315523999e+03, 5.782440411546236e-01, 1.149318023432799e-01
2292, 7.305287329160300e-02, 1.214030506553020e-02, -2.021128826247080e+00, -5.868734776920013e-02, -1.987063823487809e-02, 3.014109000000000e+05, 1.926211905457760e-01, 1.429666556043571e+03, 5.787222735822631e-01, 1.135703302406380e-01
2293, 7.305287329176048e-02, 1.174017872919957e-02, -2.020232611561569e+00, 1.499948763065449e-01, -1.742643786362988e-02, 3.014109000000000e+05, 2.210797450417687e-01, 1.712868234406703e+03, 5.793201598349695e-01, 1.120439392238706e-01
2294, 7.305287329193551e-02, 1.129559391430330e-02, -2.014168804669105e+00, 4.763177075858908e-01, -1.771733677352690e-02, 3.014109000000001e+05, 2.491305140590205e-01, 2.070400169527866e+03, 5.800535933816190e-01, 1.104964038972392e-01
2295, 7.305287329212999e-02, 1.080161078778229e-02, -2.004425567220100e+00, 9.469202915182215e-01, -2.565558878196491e-02, 3.014109000000001e+05, 2.594786592026978e-01, 2.393541109251601e+03, 5.806818434489200e-01, 1.093286170558079e-01
2296, 7.305287329234607e-02, 1.025274064019216e-02, -1.973840597941441e+00, 1.550688332468422e+00, -4.859336817489340e-02, 3.014108999999999e+05, 2.232212054274914e-01, 2.521103087169454e+03, 5.809053938757843e-01, 1.093798093657120e-01
2297, 7.305287329258613e-02, 9.642884908687298e-03, -1.916801473641236e+00, 2.239282846938699e+00, -9.038628272467930e-02, 3.014108999999999e+05, 1.305190556345421e-01, 2.245637775295789e+03, 5.798293710287996e-01, 1.120205037852051e-01
2298, 7.305287329285289e-02, 8.965267439747680e-03, -1.857241609250193e+00, 2.825059796369573e+00, -1.345647866880396e-01, 3.014109000000000e+05, 5.808052241855541e-02, 1.649911251486086e+03, 5.761253775198476e-01, 1.193537705938475e-01
2299, 7.305287329314929e-02, 8.212359138508832e-03, -1.770284332317688e+00, 3.118866322557580e+00, -1.577311038817368e-01, 3.014108999999999e+05, 3.134567595254509e-02, 1.158403678698010e+03, 5.708005577878680e-01, 1.340813171832765e-01
2300, 7.305287329347863e-02, 7.375794361222888e-03, -1.656479230516282e+00, 3.151181977667242e+00, -1.572421037652590e-01, 3.014108999999999e+05, 2.630216502914554e-02, 8.759717328441939e+02, 5.651785345255680e-01, 1.583360119613773e-01
2301, 7.305287329384454e-02, 6.446277947026860e-03, -1.538605764950813e+00, 3.072926584600930e+00, -1.428612359174787e-01, 3.014109000000000e+05, 2.475827105112168e-02, 6.919021162073831e+02, 5.591017113635347e-01, 1.928787437657181e-01
2302, 7.305287329425113e-02, 5.413481929172388e-03, -1.430717159316955e+00, 2.997587589049130e+00, -1.224925978052871e-01, 3.014109000000000e+05, 2.127803839154500e-02, 5.385732344264200e+02, 5.518222027213159e-01, 2.368191106525211e-01
2303, 7.305287329470288e-02, 4.265930798378960e-03, -1.337800575046254e+00, 2.961666942833612e+00, -9.876637144691162e-02, 3.014108999999999e+05, 1.852378887442043e-02, 3.925444176330888e+02, 5.431665193125415e-01, 2.867925681465064e-01
2304, 7.305287329520485e-02, 2.990873993531555e-03, -1.263320398668997e+00, 2.951319898612237e+00, -7.109321903288016e-02, 3.014109000000000e+05, 1.928322003039104e-02, 2.661066391050620e+02, 5.341207354474212e-01, 3.356303380218731e-01
2305, 7.305287329576256e-02, 1.574144206403244e-03, -1.212838782075277e+00, 2.944240705929934e+00, -3.827243179591223e-02, 3.014109000000000e+05, 2.144986835109234e-02, 1.862127169183291e+02, 5.268181630571354e-01, 3.729403399468894e-01
2306, 7.499748734670746e-02, 1.491761752497438e-02, -1.966002732718743e+00, -1.401658523631078e-01, -2.717774655495138e-04, 3.014109000000000e+05, 3.566459346482913e-05, 1.947160627987845e+05, 5.747227077063495e-01, 1.287465910381344e-01
2307, 7.499748734675306e-02, 1.482608144928653e-02, -1.965939161724284e+00, -2.780925464227311e-01, -1.426905258944098e-03, 3.014109000000000e+05, 4.156039057180375e-04, 5.083782311607463e+04, 5.747297064286914e-01, 1.287461808164387e-01
2308, 7.499748734680374e-02, 1.472437470240138e-02, -1.965684724005397e+00, -4.078848864402236e-01, -3.204553833003924e-03, 3.014109000000000e+05, 2.091632481375779e-03, 2.005889592502473e+04, 5.747409598321072e-01, 1.287366181587171e-01
2309, 7.499748734686007e-02, 1.461136720247478e-02, -1.965598151070610e+00, -5.195493999944557e-01, -5.506544000905623e-03, 3.014109000000000e+05, 6.788402168717502e-03, 9.900592788084996e+03, 5.747557792712058e-01, 1.287072528993837e-01
2310, 7.499748734692264e-02, 1.448580330974696e-02, -1.965756799187805e+00, -5.982836547698338e-01, -7.936379098596416e-03, 3.014109000000000e+05, 1.642292959671483e-02, 5.554568593573676e+03, 5.747750386144995e-01, 1.286442833883792e-01
2311, 7.499748734699216e-02, 1.434628787703548e-02, -1.966185834833755e+00, -6.335131138326870e-01, -9.999858120057133e-03, 3.014109000000000e+05, 3.136153972645431e-02, 3.426663246294958e+03, 5.748027479564347e-01, 1.285320403483728e-01
2312, 7.499748734706940e-02, 1.419127073667197e-02, -1.966495790359078e+00, -6.315600978081208e-01, -1.143711846179267e-02, 3.014109000000000e+05, 4.972415339809034e-02, 2.341902384588204e+03, 5.748482377922103e-01, 1.283554761685691e-01
2313, 7.499748734715524e-02, 1.401902946572467e-02, -1.966686006902659e+00, -6.066062276815745e-01, -1.231255364492980e-02, 3.014109000000000e+05, 6.926745086782245e-02, 1.773706454397707e+03, 5.749186854031045e-01, 1.280997552462030e-01
2314, 7.499748734725058e-02, 1.382765027089462e-02, -1.966918231404502e+00, -5.677753424979530e-01, -1.275192034198499e-02, 3.014109000000000e+05, 8.889666107683951e-02, 1.464187160514872e+03, 5.750180014656082e-01, 1.277497558661342e-01
2315, 7.499748734735653e-02, 1.361500671960951e-02, -1.967249915137473e+00, -5.183345668805205e-01, -1.280267431746178e-02, 3.014109000000000e+05, 1.084801013587300e-01, 1.293244229685687e+03, 5.751496672784988e-01, 1.272899120691809e-01
2316, 7.499748734747429e-02, 1.337873610965688e-02, -1.967680423799026e+00, -4.582667609614443e-01, -1.242904795284827e-02, 3.014109000000000e+05, 1.282853908273900e-01, 1.206068675763154e+03, 5.753178565774411e-01, 1.267040511904159e-01
2317, 7.499748734760510e-02, 1.311621321767185e-02, -1.968172878902339e+00, -3.856350227001410e-01, -1.152198133138832e-02, 3.014109000000000e+05, 1.487130343031796e-01, 1.178438166646494e+03, 5.755276538141938e-01, 1.259758469500781e-01
2318, 7.499748734775044e-02, 1.282452111743299e-02, -1.968669336606626e+00, -2.968245177664424e-01, -9.898602404161731e-03, 3.014109000000000e+05, 1.702450447794808e-01, 1.202453414022237e+03, 5.757847902811049e-01, 1.250905051537303e-01
2319, 7.499748734791196e-02, 1.250041877451771e-02, -1.968922070492195e+00, -1.860331637036194e-01, -7.332552993176363e-03, 3.014109000000000e+05, 1.935046035196295e-01, 1.282264992792347e+03, 5.760964676217314e-01, 1.240391765874144e-01
2320, 7.499748734809140e-02, 1.214030506556051e-02, -1.968842699974637e+00, -4.043492699471419e-02, -3.551120185604004e-03, 3.014109000000000e+05, 2.195373726396584e-01, 1.436243926836821e+03, 5.764701059742787e-01, 1.228216997861218e-01
2321, 7.499748734829080e-02, 1.174017872923551e-02, -1.968141315784737e+00, 1.675026069221820e-01, 1.510939297768642e-03, 3.014109000000000e+05, 2.489474052985726e-01, 1.682319691789847e+03, 5.769209300796085e-01, 1.214702726635130e-01
2322, 7.499748734851235e-02, 1.129559391434575e-02, -1.963950517088398e+00, 4.778451311298365e-01, 6.450621143943190e-03, 3.014109000000000e+05, 2.768186220305290e-01, 1.979906119442413e+03, 5.774784834119223e-01, 1.201101612289307e-01
2323, 7.499748734875848e-02, 1.080161078783222e-02, -1.954819073275213e+00, 9.163477554827589e-01, 7.695097437141914e-03, 3.014109000000000e+05, 2.890811406945767e-01, 2.254338774518420e+03, 5.780383260806162e-01, 1.190904812804845e-01
2324, 7.499748734903199e-02, 1.025274064025074e-02, -1.937189782273322e+00, 1.470934793565358e+00, 4.408670321239041e-04, 3.014109000000000e+05, 2.638733730889999e-01, 2.403981603230257e+03, 5.783074797779266e-01, 1.191078602131128e-01
2325, 7.499748734933591e-02, 9.642884908759669e-03, -1.891296139392380e+00, 2.119082231908986e+00, -2.207012516996693e-02, 3.014109000000001e+05, 1.729329353375492e-01, 2.258015307019742e+03, 5.778469905740166e-01, 1.213975097014076e-01
2326, 7.499748734967356e-02, 8.965267439827640e-03, -1.838879689821821e+00, 2.734063759736198e+00, -5.445801412542419e-02, 3.014109000000001e+05, 7.593450491812280e-02, 1.712026426867629e+03, 5.751842073489279e-01, 1.278086986921424e-01
2327, 7.499748735004874e-02, 8.212359138607083e-03, -1.777054967521267e+00, 3.090147275499350e+00, -7.751642400145162e-02, 3.014109000000000e+05, 3.436874940679008e-02, 1.163555443133907e+03, 5.702918214716518e-01, 1.409384849076432e-01
2328, 7.499748735046562e-02, 7.375794361331019e-03, -1.687869009577771e+00, 3.162090157446898e+00, -8.396742425775285e-02, 3.014109000000000e+05, 2.576416181476378e-02, 8.600285669231447e+02, 5.647831769983405e-01, 1.630959463149740e-01
2329, 7.499748735092879e-02, 6.446277947151986e-03, -1.594079736925086e+00, 3.098972135141775e+00, -8.000164628119619e-02, 3.014109000000000e+05, 2.403852198200905e-02, 6.804236000735519e+02, 5.587575721292503e-01, 1.950653096730827e-01
2330, 7.499748735144346e-02, 5.413481929316952e-03, -1.506655312072890e+00, 3.027631422306913e+00, -7.065889280961719e-02, 3.014108999999999e+05, 2.090971437381439e-02, 5.321150006259477e+02, 5.517470568123387e-01, 2.360424483492078e-01
2331, 7.499748735201531e-02, 4.265930798545739e-03, -1.430005420212708e+00, 2.993547062788959e+00, -5.815517857367419e-02, 3.014109000000000e+05, 1.833262458532136e-02, 3.899067783734533e+02, 5.436116298675852e-01, 2.829298549431633e-01
2332, 7.499748735265066e-02, 2.990873993723714e-03, -1.367699484000222e+00, 2.985787940426770e+00, -4.253895565383774e-02, 3.014109000000001e+05, 1.905880952721650e-02, 2.659337808329457e+02, 5.351824283752373e-01, 3.290224975474939e-01
2333, 7.499748735335664e-02, 1.574144206635238e-03, -1.325003486138306e+00, 2.981465789414051e+00, -2.318255385489253e-02, 3.014109000000000e+05, 2.119823021627597e-02, 1.868797934445499e+02, 5.283784800567273e-01, 3.643781387643462e-01
2334, 7.715816959966315e-02, 1.491761752497490e-02, -1.886201728432328e+00, -1.562149241487332e-01, -2.062002133727550e-04, 3.014109000000000e+05, 4.788871813835503e-05, 1.947066264379703e+05, 5.730923622311990e-01, 1.373457309892850e-01
2335, 7.715816959971455e-02, 1.482608144928767e-02, -1.886156126685831e+00, -3.065310598590333e-01, -1.062237442378338e-03, 3.014108999999999e+05, 5.579741475295689e-04, 5.081217201480779e+04, 5.730972714253418e-01, 1.373442652187152e-01
2336, 7.715816959977165e-02, 1.472437470240328e-02, -1.885978406261646e+00, -4.435033960103527e-01, -2.297761720090902e-03, 3.014109000000000e+05, 2.803972181061427e-03, 1.999887174397018e+04, 5.731050578267660e-01, 1.373330906531818e-01
2337, 7.715816959983514e-02, 1.461136720247760e-02, -1.885984474512165e+00, -5.551470284690286e-01, -3.745009541787375e-03, 3.014108999999999e+05, 9.042016614810808e-03, 9.797019588754692e+03, 5.731149586928777e-01, 1.373019980307373e-01
2338, 7.715816959990560e-02, 1.448580330975109e-02, -1.886294959107478e+00, -6.255456625522990e-01, -4.992314440414818e-03, 3.014108999999999e+05, 2.150736521452427e-02, 5.438008371486368e+03, 5.731277433436233e-01, 1.372382431993900e-01
2339, 7.715816959998394e-02, 1.434628787704069e-02, -1.886803645205874e+00, -6.483909622458194e-01, -5.643285577802927e-03, 3.014109000000000e+05, 3.993074842007671e-02, 3.343526816390183e+03, 5.731482283120736e-01, 1.371284045162472e-01
2340, 7.715816960007096e-02, 1.419127073667873e-02, -1.887214181964009e+00, -6.365030005139680e-01, -5.603693721932250e-03, 3.014108999999999e+05, 6.138444120321312e-02, 2.302141760615923e+03, 5.731843660053089e-01, 1.369600708842982e-01
2341, 7.715816960016764e-02, 1.401902946573326e-02, -1.887650653817575e+00, -6.052394040003406e-01, -5.006144388074877e-03, 3.014108999999999e+05, 8.335475076620151e-02, 1.764142076998590e+03, 5.732405721221157e-01, 1.367209456626460e-01
2342, 7.715816960027512e-02, 1.382765027090535e-02, -1.888215989670565e+00, -5.621499846744088e-01, -3.953112181594283e-03, 3.014109000000000e+05, 1.050427305131093e-01, 1.472870701778855e+03, 5.733192429005350e-01, 1.363986198863521e-01
2343, 7.715816960039447e-02, 1.361500671962349e-02, -1.888904676985054e+00, -5.092178641756168e-01, -2.459584280619426e-03, 3.014109000000000e+05, 1.265964447922892e-01, 1.313665674222435e+03, 5.734229186145384e-01, 1.359803503809826e-01
2344, 7.715816960052715e-02, 1.337873610967308e-02, -1.889681058438215e+00, -4.457046148041921e-01, -4.702329460667173e-04, 3.014108999999999e+05, 1.484461701676711e-01, 1.235089387363749e+03, 5.735546665635864e-01, 1.354529458638938e-01
2345, 7.715816960067451e-02, 1.311621321769147e-02, -1.890487018508382e+00, -3.692493610856424e-01, 2.132191408245244e-03, 3.014109000000000e+05, 1.710445102514059e-01, 1.214479081581609e+03, 5.737179222892556e-01, 1.348034720884334e-01
2346, 7.715816960083829e-02, 1.282452111745662e-02, -1.891244321656578e+00, -2.759777714105767e-01, 5.531942006598767e-03, 3.014109000000000e+05, 1.947998818151253e-01, 1.243766080154774e+03, 5.739158738556112e-01, 1.340213122959802e-01
2347, 7.715816960102023e-02, 1.250041877454757e-02, -1.891698440151088e+00, -1.600481614245948e-01, 9.965601419639406e-03, 3.014109000000000e+05, 2.201857212040071e-01, 1.324738575912898e+03, 5.741515659725576e-01, 1.331023848751279e-01
2348, 7.715816960122242e-02, 1.214030506559419e-02, -1.891600301846482e+00, -8.704830958900948e-03, 1.574434726602792e-02, 3.014109000000000e+05, 2.478394443965324e-01, 1.469340446789410e+03, 5.744272045005538e-01, 1.320524722452744e-01
2349, 7.715816960144706e-02, 1.174017872927545e-02, -1.890732129773688e+00, 2.028068803663570e-01, 2.311880248040568e-02, 3.014109000000000e+05, 2.772903358522016e-01, 1.684599709047004e+03, 5.747504820404539e-01, 1.309032284864206e-01
2350, 7.715816960169666e-02, 1.129559391439292e-02, -1.887621573902545e+00, 5.061366924623051e-01, 3.150091596543093e-02, 3.014109000000000e+05, 3.031409418146910e-01, 1.929847728011494e+03, 5.751408286430844e-01, 1.297735363620167e-01
2351, 7.715816960197398e-02, 1.080161078788770e-02, -1.879523469572257e+00, 9.224830575054772e-01, 3.842874482716326e-02, 3.014109000000000e+05, 3.129426071514100e-01, 2.148210954093157e+03, 5.755630319102815e-01, 1.289792482226749e-01
2352, 7.715816960228217e-02, 1.025274064031584e-02, -1.868378156676208e+00, 1.442063005585769e+00, 4.086264894995818e-02, 3.014109000000000e+05, 2.895514765558316e-01, 2.274865037560908e+03, 5.757624862023680e-01, 1.291123124990823e-01
2353, 7.715816960262456e-02, 9.642884908840077e-03, -1.835244771683628e+00, 2.041196448296143e+00, 3.282614798669418e-02, 3.014109000000001e+05, 2.113696831530213e-01, 2.206878205746518e+03, 5.755202329865174e-01, 1.312469979303174e-01
2354, 7.715816960300498e-02, 8.965267439916482e-03, -1.786069788262900e+00, 2.649744689634012e+00, 1.198624562013614e-02, 3.014109000000000e+05, 9.791307639002921e-02, 1.761411516372464e+03, 5.737781315194943e-01, 1.370366597554685e-01
2355, 7.715816960342770e-02, 8.212359138716253e-03, -1.742295684537998e+00, 3.050558479669206e+00, -8.931317861842071e-03, 3.014109000000000e+05, 3.740942472469858e-02, 1.163609167361871e+03, 5.695285172835786e-01, 1.489147830789494e-01
2356, 7.715816960389738e-02, 7.375794361451164e-03, -1.675642172358301e+00, 3.153990214107573e+00, -1.976898390482237e-02, 3.014109000000000e+05, 2.501913991555767e-02, 8.325173598372639e+02, 5.642545164289664e-01, 1.691960735602248e-01
2357, 7.715816960441921e-02, 6.446277947291014e-03, -1.603813328379952e+00, 3.105460892761307e+00, -2.385466528832784e-02, 3.014109000000000e+05, 2.317499596947957e-02, 6.602911772945384e+02, 5.583312555830143e-01, 1.986653418287979e-01
2358, 7.715816960499905e-02, 5.413481929477580e-03, -1.536327522517590e+00, 3.040370017657079e+00, -2.390377885470297e-02, 3.014108999999999e+05, 2.036941049060807e-02, 5.196772898330581e+02, 5.515477500543463e-01, 2.365682543762649e-01
2359, 7.715816960564331e-02, 4.265930798731049e-03, -1.475938704329515e+00, 3.009544287032924e+00, -2.129267585331644e-02, 3.014109000000000e+05, 1.802647984882941e-02, 3.831146101289977e+02, 5.438976564694346e-01, 2.800615712232629e-01
2360, 7.715816960635918e-02, 2.990873993937226e-03, -1.426087349364508e+00, 3.004693253580832e+00, -1.648958624796120e-02, 3.014109000000002e+05, 1.878681911326080e-02, 2.632968589546605e+02, 5.361079023073517e-01, 3.229353268117097e-01
2361, 7.715816960715458e-02, 1.574144206893010e-03, -1.391575940449143e+00, 3.003071133062515e+00, -9.362162918009804e-03, 3.014108999999999e+05, 2.088552336901381e-02, 1.864985682934092e+02, 5.298609956433581e-01, 3.558743132200131e-01
2362, 7.955892761632447e-02, 1.491761752497547e-02, -1.772684516409343e+00, -1.682244761426520e-01, -1.138483963533825e-04, 3.014108999999999e+05, 6.274617289850382e-05, 1.946864462746651e+05, 5.717703292575317e-01, 1.459052528095945e-01
2363, 7.955892761638533e-02, 1.482608144928894e-02, -1.772663206196468e+00, -3.263261798772976e-01, -5.610498149341517e-04, 3.014108999999999e+05, 7.309816175062088e-04, 5.076143653214014e+04, 5.717725530432414e-01, 1.459028659213936e-01
2364, 7.955892761645297e-02, 1.472437470240539e-02, -1.772587163450210e+00, -4.654530516846674e-01, -1.095757614465737e-03, 3.014108999999999e+05, 3.667677086510492e-03, 1.990247362687202e+04, 5.717759952867885e-01, 1.458906640659595e-01
2365, 7.955892761652807e-02, 1.461136720248073e-02, -1.772702860274319e+00, -5.720195215837296e-01, -1.499934994372671e-03, 3.014108999999999e+05, 1.174523470334634e-02, 9.660423655158325e+03, 5.717799984148465e-01, 1.458592782791463e-01
2366, 7.955892761661160e-02, 1.448580330975568e-02, -1.773149938811672e+00, -6.304024289935631e-01, -1.401893335437855e-03, 3.014108999999999e+05, 2.742095772546976e-02, 5.308387714646849e+03, 5.717853872092253e-01, 1.457974744074390e-01
2367, 7.955892761670436e-02, 1.434628787704647e-02, -1.773739337080682e+00, -6.403941463656710e-01, -5.496267010365529e-04, 3.014109000000000e+05, 4.943467042572748e-02, 3.262797632194868e+03, 5.717971992466777e-01, 1.456942963756725e-01
2368, 7.955892761680741e-02, 1.419127073668624e-02, -1.774367986852937e+00, -6.199059682938838e-01, 1.019230364015272e-03, 3.014109000000000e+05, 7.378394420315805e-02, 2.267081311837912e+03, 5.718210395502790e-01, 1.455397715636182e-01
2369, 7.955892761692197e-02, 1.401902946574280e-02, -1.775187887518604e+00, -5.835780296515771e-01, 3.169033524705646e-03, 3.014109000000000e+05, 9.788867618693595e-02, 1.758866559975446e+03, 5.718590920488129e-01, 1.453241579323270e-01
2370, 7.955892761704919e-02, 1.382765027091727e-02, -1.776198707944192e+00, -5.370600154120295e-01, 5.841278932979963e-03, 3.014109000000000e+05, 1.213757160461460e-01, 1.485117104233869e+03, 5.719126667375156e-01, 1.450378281724922e-01
2371, 7.955892761719063e-02, 1.361500671963902e-02, -1.777335597256071e+00, -4.812240391026226e-01, 9.050825932147906e-03, 3.014109000000000e+05, 1.446450897171072e-01, 1.337216540771150e+03, 5.719832577764401e-01, 1.446710145239765e-01
2372, 7.955892761734774e-02, 1.337873610969108e-02, -1.778527024382341e+00, -4.147400997898675e-01, 1.286789185518693e-02, 3.014109000000000e+05, 1.682276351286960e-01, 1.267016035525520e+03, 5.720725963364742e-01, 1.442138986861637e-01
2373, 7.955892761752228e-02, 1.311621321771327e-02, -1.779693065694886e+00, -3.348805734940252e-01, 1.741323573510432e-02, 3.014109000000000e+05, 1.926124478714440e-01, 1.252943037026275e+03, 5.721823541575402e-01, 1.436574829062981e-01
2374, 7.955892761771625e-02, 1.282452111748288e-02, -1.780744912225211e+00, -2.375368833538294e-01, 2.286513204917012e-02, 3.014109000000000e+05, 2.182010399134573e-01, 1.286740991411214e+03, 5.723134080260690e-01, 1.429957555686487e-01
2375, 7.955892761793175e-02, 1.250041877458076e-02, -1.781406002511704e+00, -1.167637032716690e-01, 2.944348581771220e-02, 3.014109000000000e+05, 2.452590699367829e-01, 1.368394312200577e+03, 5.724657176906158e-01, 1.422305182917896e-01
2376, 7.955892761817122e-02, 1.214030506563162e-02, -1.781321298712432e+00, 4.019001229067030e-02, 3.743299017262238e-02, 3.014109000000000e+05, 2.739662445376201e-01, 1.504883583842429e+03, 5.726381726446848e-01, 1.413753424971358e-01
2377, 7.955892761843723e-02, 1.174017872931983e-02, -1.780285985742953e+00, 2.561511377358207e-01, 4.707041882226885e-02, 3.014109000000000e+05, 3.027282779370051e-01, 1.695276949720264e+03, 5.728348306989485e-01, 1.404519825543783e-01
2378, 7.955892761873289e-02, 1.129559391444533e-02, -1.777560466034278e+00, 5.565602824392892e-01, 5.804038896387684e-02, 3.014109000000000e+05, 3.255828243452285e-01, 1.898027214551058e+03, 5.730610931798347e-01, 1.395886999514091e-01
2379, 7.955892761906136e-02, 1.080161078794934e-02, -1.771146173102049e+00, 9.573162573525058e-01, 6.871578283252637e-02, 3.014109000000000e+05, 3.309148588942031e-01, 2.064553044718027e+03, 5.732971577483548e-01, 1.390769712181413e-01
2380, 7.955892761942629e-02, 1.025274064038817e-02, -1.761390243264959e+00, 1.450363294260845e+00, 7.657545180782738e-02, 3.014109000000000e+05, 3.049997217173434e-01, 2.152346350504300e+03, 5.733799029986443e-01, 1.394504811427625e-01
2381, 7.955892761983188e-02, 9.642884908929419e-03, -1.740516675683230e+00, 2.003813166629924e+00, 7.745563674248966e-02, 3.014109000000001e+05, 2.365097411819243e-01, 2.101120297304405e+03, 5.730950904061903e-01, 1.416254696121976e-01
2382, 7.955892762028241e-02, 8.965267440015195e-03, -1.699604569171239e+00, 2.578455233742644e+00, 6.608997131258176e-02, 3.014109000000000e+05, 1.201649387542911e-01, 1.757509300697536e+03, 5.718740807945346e-01, 1.470759745136962e-01
2383, 7.955892762078307e-02, 8.212359138837553e-03, -1.664171933530336e+00, 3.000971246370993e+00, 4.804292925704493e-02, 3.014109000000000e+05, 4.260196748568616e-02, 1.169841706213281e+03, 5.684463598505164e-01, 1.579251019191529e-01
2384, 7.955892762133936e-02, 7.375794361584660e-03, -1.618907662139515e+00, 3.129154772648878e+00, 3.382398728199841e-02, 3.014109000000000e+05, 2.442887618960210e-02, 8.024916583418866e+02, 5.635191298568183e-01, 1.764170343581895e-01
2385, 7.955892762195742e-02, 6.446277947445490e-03, -1.566179450725388e+00, 3.093017994209040e+00, 2.380793526823129e-02, 3.014108999999999e+05, 2.220584288158937e-02, 6.344895289805173e+02, 5.577978046164167e-01, 2.033885721281084e-01
2386, 7.955892762264417e-02, 5.413481929656052e-03, -1.516585939606704e+00, 3.035096092305466e+00, 1.626823306771765e-02, 3.014108999999999e+05, 1.971289787128494e-02, 5.026157811677423e+02, 5.512640837069942e-01, 2.380922329100900e-01
2387, 7.955892762340723e-02, 4.265930798936951e-03, -1.471335508405482e+00, 3.008458809039071e+00, 1.057324274898600e-02, 3.014109000000001e+05, 1.765803034819121e-02, 3.730756296805822e+02, 5.440860367326632e-01, 2.779269174214745e-01
2388, 7.955892762425509e-02, 2.990873994174460e-03, -1.433357849719191e+00, 3.006621079480123e+00, 6.091116178794857e-03, 3.014109000000000e+05, 1.849617209586928e-02, 2.588347203747181e+02, 5.369402574271702e-01, 3.172168091982008e-01
2389, 7.955892762519710e-02, 1.574144207179422e-03, -1.406860972922560e+00, 3.007514273106072e+00, 2.637396412596748e-03, 3.014109000000000e+05, 2.054891319229518e-02, 1.854071820838228e+02, 5.312735009655712e-01, 3.474125026236678e-01
2390, 8.222643650417188e-02, 1.491761752497610e-02, -1.620195060230321e+00, -1.731580995277826e-01, -1.341775571575562e-06, 3.014108999999999e+05, 8.004670692519067e-05, 1.946536668098397e+05, 5.707461250621833e-01, 1.544966194282246e-01
2391, 8.222643650424376e-02, 1.482608144929035e-02, -1.620200127102142e+00, -3.320074016756189e-01, 3.825279130153259e-05, 3.014108999999999e+05, 9.323679766018013e-04, 5.068272686192636e+04, 5.707452137537844e-01, 1.544934307059938e-01
2392, 8.222643650432358e-02, 1.472437470240773e-02, -1.620241602459991e+00, -4.666330479748317e-01, 3.033541478621947e-04, 3.014108999999999e+05, 4.668419682346226e-03, 1.977294959105613e+04, 5.707436269432008e-01, 1.544807651610111e-01
2393, 8.222643650441230e-02, 1.461136720248421e-02, -1.620468007109251e+00, -5.625611336682185e-01, 1.035981999445387e-03, 3.014108999999999e+05, 1.481243582373636e-02, 9.506305249778250e+03, 5.707410009284848e-01, 1.544504935813725e-01
2394, 8.222643650451089e-02, 1.448580330976077e-02, -1.621014392640460e+00, -6.061958382043369e-01, 2.517698810084654e-03, 3.014108999999999e+05, 3.378180080460674e-02, 5.188898053993868e+03, 5.707383085255622e-01, 1.543932787473112e-01
2395, 8.222643650462046e-02, 1.434628787705291e-02, -1.621732071571192e+00, -6.040412464169681e-01, 4.853373319042033e-03, 3.014108999999999e+05, 5.894244441184390e-02, 3.205771613363972e+03, 5.707398803913843e-01, 1.543006006127638e-01
2396, 8.222643650474216e-02, 1.419127073669459e-02, -1.622693015010609e+00, -5.764512900948510e-01, 7.936545884343777e-03, 3.014108999999999e+05, 8.550372810030632e-02, 2.254005843073702e+03, 5.707486678519318e-01, 1.541647202650884e-01
2397, 8.222643650487740e-02, 1.401902946575341e-02, -1.623977596841450e+00, -5.360159125314131e-01, 1.166377716887314e-02, 3.014108999999999e+05, 1.112939125703773e-01, 1.766842179565933e+03, 5.707651595815100e-01, 1.539782946908297e-01
2398, 8.222643650502766e-02, 1.382765027093052e-02, -1.625490243172747e+00, -4.866813030279210e-01, 1.601423454463857e-02, 3.014108999999999e+05, 1.362636984691445e-01, 1.503837768440483e+03, 5.707895311311301e-01, 1.537343210410420e-01
2399, 8.222643650519458e-02, 1.361500671965628e-02, -1.627110426165716e+00, -4.284470726536528e-01, 2.102257135921245e-02, 3.014108999999999e+05, 1.609677171551286e-01, 1.362644095386169e+03, 5.708219780464963e-01, 1.534259146541136e-01
2400, 8.222643650538011e-02, 1.337873610971108e-02, -1.628727888150892e+00, -3.595151337155438e-01, 2.676493162932619e-02, 3.014109000000000e+05, 1.859888912085869e-01, 1.297558908681384e+03, 5.708626221396356e-01, 1.530465935171033e-01
2401, 8.222643650558620e-02, 1.311621321773750e-02, -1.630237400612730e+00, -2.768591011674654e-01, 3.335500106333174e-02, 3.014109000000000e+05, 2.117972915494986e-01, 1.287628093802200e+03, 5.709111694109421e-01, 1.525913602350834e-01
2402, 8.222643650581521e-02, 1.282452111751204e-02, -1.631546822263892e+00, -1.761752803202540e-01, 4.095004110574028e-02, 3.014109000000000e+05, 2.386888401141030e-01, 1.324021002412456e+03, 5.709661101536921e-01, 1.520590607108014e-01
2403, 8.222643650606969e-02, 1.250041877461762e-02, -1.632374869554533e+00, -5.143618794263319e-02, 4.972879960257297e-02, 3.014109000000000e+05, 2.666789371153703e-01, 1.404742253416074e+03, 5.710247060152186e-01, 1.514573855929161e-01
2404, 8.222643650635240e-02, 1.214030506567320e-02, -1.632277589070302e+00, 1.099127280897473e-01, 5.990062147343869e-02, 3.014109000000000e+05, 2.954187187975612e-01, 1.532349790332081e+03, 5.710834081812137e-01, 1.508080758426853e-01
2405, 8.222643650666654e-02, 1.174017872936914e-02, -1.631138442564424e+00, 3.290570596544161e-01, 7.159884261052588e-02, 3.014109000000000e+05, 3.226038831693493e-01, 1.700466053747153e+03, 5.711411583609145e-01, 1.501352459165723e-01
2406, 8.222643650701558e-02, 1.129559391450356e-02, -1.628701075523523e+00, 6.269070410088314e-01, 8.451470183931389e-02, 3.014109000000000e+05, 3.416203394235814e-01, 1.867046424894879e+03, 5.711938227374465e-01, 1.495669894809936e-01
2407, 8.222643650740342e-02, 1.080161078801783e-02, -1.623838031798522e+00, 1.014143878255648e+00, 9.741767237833604e-02, 3.014109000000000e+05, 3.415455230985571e-01, 1.988083795803996e+03, 5.712240591073130e-01, 1.493755604469489e-01
2408, 8.222643650783434e-02, 1.025274064046853e-02, -1.615088909470690e+00, 1.481601598143919e+00, 1.079060280716371e-01, 3.014109000000000e+05, 3.115132138690561e-01, 2.035971676579359e+03, 5.711459935868686e-01, 1.500516100533517e-01
2409, 8.222643650831314e-02, 9.642884909028687e-03, -1.602401086246206e+00, 1.995815605421490e+00, 1.130487154259430e-01, 3.014109000000000e+05, 2.452595138489677e-01, 1.974411735647454e+03, 5.707475643912466e-01, 1.523895998468555e-01
2410, 8.222643650884517e-02, 8.965267440124871e-03, -1.574207315729893e+00, 2.525001270002817e+00, 1.080148190541538e-01, 3.014109000000000e+05, 1.362480301703787e-01, 1.699065728062918e+03, 5.697234245927341e-01, 1.576860208675379e-01
2411, 8.222643650943631e-02, 8.212359138972329e-03, -1.543885975097704e+00, 2.942272983375387e+00, 9.296971005804955e-02, 3.014108999999999e+05, 4.895544411614242e-02, 1.165134249569709e+03, 5.670193788725079e-01, 1.677676923847260e-01
2412, 8.222643651009308e-02, 7.375794361732984e-03, -1.515892121031489e+00, 3.087931906867027e+00, 7.619658942028695e-02, 3.014109000000000e+05, 2.421733053844239e-02, 7.729052528480514e+02, 5.625145149922239e-01, 1.845953626931217e-01
2413, 8.222643651082286e-02, 6.446277947617131e-03, -1.480222111304538e+00, 3.062643802377135e+00, 6.170997225486682e-02, 3.014109000000000e+05, 2.117936630492630e-02, 6.047349830601972e+02, 5.570890430606982e-01, 2.090421655879028e-01
2414, 8.222643651163374e-02, 5.413481929854356e-03, -1.446198451161316e+00, 3.012003974033193e+00, 4.853905450265211e-02, 3.014109000000000e+05, 1.898686633729898e-02, 4.818406775583027e+02, 5.508914096535517e-01, 2.403956821281734e-01
2415, 8.222643651253468e-02, 4.265930799165731e-03, -1.414690991045076e+00, 2.989915708439059e+00, 3.632390876933329e-02, 3.014108999999999e+05, 1.728530780406990e-02, 3.607081260607898e+02, 5.442152433249240e-01, 2.763026350805914e-01
2416, 8.222643651353574e-02, 2.990873994438053e-03, -1.387699779516149e+00, 2.990970801562443e+00, 2.438841143794189e-02, 3.014108999999999e+05, 1.821229196650486e-02, 2.534600016841536e+02, 5.377200830062661e-01, 3.116956863552305e-01
2417, 8.222643651464806e-02, 1.574144207497659e-03, -1.368729782347596e+00, 2.994163196747710e+00, 1.237354396024097e-02, 3.014108999999999e+05, 2.020829462199390e-02, 1.841550347209181e+02, 5.326337622446192e-01, 3.389285826377635e-01
2418, 8.519033526152311e-02, 1.491761752497681e-02, -1.428961054313488e+00, -1.681814192248199e-01, 1.154007723892816e-04, 3.014108999999999e+05, 9.774314628394569e-05, 1.946266645663768e+05, 5.698893629453314e-01, 1.631588629090583e-01
2419, 8.519033526160778e-02, 1.482608144929192e-02, -1.428991089755852e+00, -3.186714048525160e-01, 6.533213480561568e-04, 3.014108999999999e+05, 1.136244136909288e-03, 5.061610769792037e+04, 5.698851946124385e-01, 1.631551246788425e-01
2420, 8.519033526170182e-02, 1.472437470241034e-02, -1.429149849864465e+00, -4.410323517656469e-01, 1.710287099347151e-03, 3.014108999999999e+05, 5.658760760797548e-03, 1.966379288504433e+04, 5.698783809599424e-01, 1.631428081208133e-01
2421, 8.519033526180632e-02, 1.461136720248807e-02, -1.429462906822397e+00, -5.209316161506579e-01, 3.523763409955674e-03, 3.014108999999999e+05, 1.774062562717800e-02, 9.388776821625092e+03, 5.698689788933061e-01, 1.631154347930043e-01
2422, 8.519033526192245e-02, 1.448580330976643e-02, -1.430077730465092e+00, -5.482906785381184e-01, 6.262198891208754e-03, 3.014108999999999e+05, 3.957416382209970e-02, 5.111583306713499e+03, 5.698579081378139e-01, 1.630658473064430e-01
2423, 8.519033526205150e-02, 1.434628787706006e-02, -1.430981170126386e+00, -5.350427154784625e-01, 9.919031768138697e-03, 3.014108999999999e+05, 6.727248811366579e-02, 3.175477221897776e+03, 5.698479499794706e-01, 1.629878404369308e-01
2424, 8.519033526219483e-02, 1.419127073670386e-02, -1.432322881528414e+00, -5.014432661307848e-01, 1.437052395152223e-02, 3.014108999999999e+05, 9.557366855006706e-02, 2.250738886673210e+03, 5.698397061132862e-01, 1.628758706515038e-01
2425, 8.519033526235412e-02, 1.401902946576519e-02, -1.434076015491802e+00, -4.576337334904458e-01, 1.954663415011039e-02, 3.014108999999999e+05, 1.226416725372067e-01, 1.776248655559058e+03, 5.698323373182047e-01, 1.627250443669256e-01
2426, 8.519033526253111e-02, 1.382765027094524e-02, -1.436074898771372e+00, -4.060689853490531e-01, 2.544872047568309e-02, 3.014108999999999e+05, 1.486987798883986e-01, 1.519618724870367e+03, 5.698248384428274e-01, 1.625310280473806e-01
2427, 8.519033526272775e-02, 1.361500671967546e-02, -1.438149145106934e+00, -3.460423625645048e-01, 3.212103740032085e-02, 3.014109000000000e+05, 1.744098762851556e-01, 1.382339671433129e+03, 5.698160660890376e-01, 1.622900012103455e-01
2428, 8.519033526294625e-02, 1.337873610973329e-02, -1.440154823397361e+00, -2.753893252357708e-01, 3.963732099327777e-02, 3.014109000000000e+05, 2.003778099999567e-01, 1.320065762435986e+03, 5.698045008896403e-01, 1.619991372072493e-01
2429, 8.519033526318900e-02, 1.311621321776442e-02, -1.441969165086098e+00, -1.908657711257808e-01, 4.809521382200184e-02, 3.014109000000000e+05, 2.270237514472707e-01, 1.311959563043766e+03, 5.697878801936300e-01, 1.616578905104388e-01
2430, 8.519033526345879e-02, 1.282452111754446e-02, -1.443501739139942e+00, -8.805427624254855e-02, 5.761755066334662e-02, 3.014109000000000e+05, 2.545075724872746e-01, 1.348396545781885e+03, 5.697624495146856e-01, 1.612705258688906e-01
2431, 8.519033526375851e-02, 1.250041877465859e-02, -1.444500731468527e+00, 3.905378684471773e-02, 6.832425047262634e-02, 3.014109000000000e+05, 2.825705738556464e-01, 1.425456484888072e+03, 5.697230778231105e-01, 1.608511660510873e-01
2432, 8.519033526409155e-02, 1.214030506571941e-02, -1.444443502561410e+00, 2.024499188959693e-01, 8.031260806476251e-02, 3.014109000000000e+05, 3.101889134355644e-01, 1.541971583400810e+03, 5.696683849154610e-01, 1.604031517229037e-01
2433, 8.519033526446158e-02, 1.174017872942393e-02, -1.443292543334689e+00, 4.217081411945721e-01, 9.355637204531138e-02, 3.014109000000000e+05, 3.347571769336012e-01, 1.688622145369412e+03, 5.695916768376265e-01, 1.599795111852802e-01
2434, 8.519033526487271e-02, 1.129559391456826e-02, -1.441262421011426e+00, 7.143940189131562e-01, 1.076297098163584e-01, 3.014109000000000e+05, 3.493495205736099e-01, 1.824088396811290e+03, 5.694828688417647e-01, 1.597083574715281e-01
2435, 8.519033526532957e-02, 1.080161078809394e-02, -1.437724291061122e+00, 1.086618278320526e+00, 1.214213035789066e-01, 3.014108999999999e+05, 3.437957968630878e-01, 1.907329278290174e+03, 5.693270708195582e-01, 1.598454597339834e-01
2436, 8.519033526583712e-02, 1.025274064055782e-02, -1.431463428690720e+00, 1.527438390774184e+00, 1.328428356941651e-01, 3.014108999999998e+05, 3.094811444668636e-01, 1.920024630885137e+03, 5.690685065386534e-01, 1.608363838471455e-01
2437, 8.519033526640116e-02, 9.642884909138987e-03, -1.423388471054089e+00, 2.004839077701196e+00, 1.394394670454617e-01, 3.014109000000000e+05, 2.434116423920844e-01, 1.840474683820328e+03, 5.685386835641373e-01, 1.633790478106207e-01
2438, 8.519033526702778e-02, 8.965267440246739e-03, -1.406147825138793e+00, 2.485000062388360e+00, 1.373763493759778e-01, 3.014109000000001e+05, 1.442976883393266e-01, 1.603542039089287e+03, 5.675355558180104e-01, 1.685825778242904e-01
2439, 8.519033526772408e-02, 8.212359139122083e-03, -1.383746718774783e+00, 2.876250781234925e+00, 1.244077478267989e-01, 3.014109000000000e+05, 5.513866492371855e-02, 1.140926502691844e+03, 5.653162901616898e-01, 1.780074207036908e-01
2440, 8.519033526849773e-02, 7.375794361897794e-03, -1.368976710313357e+00, 3.031123157532167e+00, 1.062733943431529e-01, 3.014109000000000e+05, 2.440983668499658e-02, 7.442945019693087e+02, 5.612756192263584e-01, 1.932771077590511e-01
2441, 8.519033526935732e-02, 6.446277947807841e-03, -1.348629197263663e+00, 3.015713679441535e+00, 8.873978755723874e-02, 3.014109000000000e+05, 2.016237674649714e-02, 5.726203128278488e+02, 5.562078848483405e-01, 2.152072831024335e-01
2442, 8.519033527031247e-02, 5.413481930074695e-03, -1.328101648621702e+00, 2.972210822195330e+00, 7.177562639747796e-02, 3.014109000000000e+05, 1.822933616146809e-02, 4.582908419197054e+02, 5.504326578870278e-01, 2.431552100755948e-01
2443, 8.519033527137371e-02, 4.265930799419931e-03, -1.308765935291205e+00, 2.954696025801947e+00, 5.499887614398792e-02, 3.014108999999999e+05, 1.691852858428950e-02, 3.465369147528430e+02, 5.443019268468945e-01, 2.750156911289885e-01
2444, 8.519033527255288e-02, 2.990873994730935e-03, -1.291665541475652e+00, 2.958380607291312e+00, 3.772819401414271e-02, 3.014109000000000e+05, 1.794303391114117e-02, 2.473726254449985e+02, 5.384569920760094e-01, 3.063609523713224e-01
2445, 8.519033527386305e-02, 1.574144207851254e-03, -1.279485734429475e+00, 2.963582351193062e+00, 1.949952328989120e-02, 3.014109000000000e+05, 1.987936761458731e-02, 1.827991099518015e+02, 5.339370514338481e-01, 3.305111688369257e-01
2446, 8.848355614502983e-02, 1.491761752497760e-02, -1.206743703070376e+00, -1.515843756967115e-01, 2.180252366821692e-04, 3.014108999999999e+05, 1.120826009884880e-04, 1.945952979032071e+05, 5.690319566304330e-01, 1.718521996925691e-01
2447, 8.848355614512909e-02, 1.482608144929366e-02, -1.206792924731964e+00, -2.836139203255149e-01, 1.182952380274537e-03, 3.014108999999999e+05, 1.300810631903459e-03, 5.054330417699803e+04, 5.690249186913107e-01, 1.718481389270820e-01
2448, 8.848355614523938e-02, 1.472437470241324e-02, -1.207046850010194e+00, -3.858073788103084e-01, 2.897005226447521e-03, 3.014108999999999e+05, 6.452249101540486e-03, 1.955930406566394e+04, 5.690135056978196e-01, 1.718368034756306e-01
2449, 8.848355614536185e-02, 1.461136720249237e-02, -1.207407613067259e+00, -4.450540606805582e-01, 5.573188561997648e-03, 3.014108999999999e+05, 2.005412457781443e-02, 9.292452928499917e+03, 5.689982001141780e-01, 1.718135853807156e-01
2450, 8.848355614549797e-02, 1.448580330977273e-02, -1.208072027390707e+00, -4.553659504075634e-01, 9.278331558303921e-03, 3.014108999999999e+05, 4.401623918106566e-02, 5.057161303952577e+03, 5.689795256356988e-01, 1.717735249863312e-01
2451, 8.848355614564928e-02, 1.434628787706800e-02, -1.209160798996316e+00, -4.319083265577555e-01, 1.393935034245122e-02, 3.014108999999999e+05, 7.342233015414523e-02, 3.156890211633024e+03, 5.689585072699006e-01, 1.717125619845801e-01
2452, 8.848355614581729e-02, 1.419127073671417e-02, -1.210827018043183e+00, -3.930597854075782e-01, 1.943858710801359e-02, 3.014108999999999e+05, 1.027659648338646e-01, 2.249479203913441e+03, 5.689340499301581e-01, 1.716272928741727e-01
2453, 8.848355614600402e-02, 1.401902946577828e-02, -1.212964582950824e+00, -3.464436585629213e-01, 2.573112075473096e-02, 3.014108999999999e+05, 1.305106251080149e-01, 1.781855038528457e+03, 5.689043017284464e-01, 1.715151547323520e-01
2454, 8.848355614621145e-02, 1.382765027096159e-02, -1.215356257854741e+00, -2.932180258848571e-01, 3.283111323142668e-02, 3.014108999999999e+05, 1.570641753884935e-01, 1.527862001446726e+03, 5.688672107534095e-01, 1.713743592061011e-01
2455, 8.848355614644203e-02, 1.361500671969676e-02, -1.217794816791251e+00, -2.320985759995667e-01, 4.078441289567136e-02, 3.014108999999999e+05, 1.831469139502981e-01, 1.391495113937283e+03, 5.688203507583168e-01, 1.712040215510741e-01
2456, 8.848355614669816e-02, 1.337873610975799e-02, -1.220111865793404e+00, -1.606502950731800e-01, 4.965507198602182e-02, 3.014108999999999e+05, 2.093446453123994e-01, 1.329085133917348e+03, 5.687606234924000e-01, 1.710048130538096e-01
2457, 8.848355614698278e-02, 1.311621321779433e-02, -1.222176045676112e+00, -7.550878521173646e-02, 5.951702720239758e-02, 3.014108999999999e+05, 2.360007797889173e-01, 1.319565829253822e+03, 5.686838961132263e-01, 1.707803813110645e-01
2458, 8.848355614729901e-02, 1.282452111758047e-02, -1.223903332444458e+00, 2.774432978713510e-02, 7.044908205609142e-02, 3.014108999999999e+05, 2.631192670775019e-01, 1.352370326950488e+03, 5.685843701720928e-01, 1.705399808678225e-01
2459, 8.848355614765036e-02, 1.250041877470410e-02, -1.225102751069539e+00, 1.549616085190852e-01, 8.250422418477621e-02, 3.014108999999999e+05, 2.901742544221398e-01, 1.422193236106448e+03, 5.684576065167424e-01, 1.702836193799391e-01
2460, 8.848355614804074e-02, 1.214030506577074e-02, -1.225196126174702e+00, 3.170665781152059e-01, 9.565069488513124e-02, 3.014108999999999e+05, 3.160007255506809e-01, 1.525825707296243e+03, 5.683001392652214e-01, 1.700359282493858e-01
2461, 8.848355614847452e-02, 1.174017872948481e-02, -1.224167661061032e+00, 5.318926728289467e-01, 1.096757499810371e-01, 3.014109000000000e+05, 3.375358048827086e-01, 1.651913918637458e+03, 5.681046061069697e-01, 1.698585638601834e-01
2462, 8.848355614895652e-02, 1.129559391464015e-02, -1.222664582255027e+00, 8.147626426968623e-01, 1.240000375120587e-01, 3.014108999999999e+05, 3.479374792017434e-01, 1.761453066788382e+03, 5.678571877119090e-01, 1.698776621362432e-01
2463, 8.848355614949202e-02, 1.080161078817850e-02, -1.220482238407014e+00, 1.168347408565445e+00, 1.375416561668400e-01, 3.014108999999999e+05, 3.378441629070741e-01, 1.815174943538369e+03, 5.675431048345663e-01, 1.703303265468073e-01
2464, 8.848355615008707e-02, 1.025274064065704e-02, -1.217020608959290e+00, 1.580201744645256e+00, 1.485145521302227e-01, 3.014108999999999e+05, 3.004377865506043e-01, 1.800100236268985e+03, 5.671184824042466e-01, 1.716147860889790e-01
2465, 8.848355615074818e-02, 9.642884909261542e-03, -1.212764842147478e+00, 2.019850363638056e+00, 1.547169529328602e-01, 3.014109000000000e+05, 2.351611010313669e-01, 1.704405525598263e+03, 5.664618899855831e-01, 1.743412577746283e-01
2466, 8.848355615148280e-02, 8.965267440382150e-03, -1.204338586275058e+00, 2.450726146938896e+00, 1.531511203150922e-01, 3.014108999999999e+05, 1.455615880057558e-01, 1.489924876152345e+03, 5.654112821164152e-01, 1.794385614564154e-01
2467, 8.848355615229905e-02, 8.212359139288472e-03, -1.191692068705066e+00, 2.804831253426932e+00, 1.413044097927142e-01, 3.014109000000000e+05, 6.010587276950040e-02, 1.097482082847830e+03, 5.634569902331706e-01, 1.882159399982146e-01
2468, 8.848355615320597e-02, 7.375794362080915e-03, -1.186983508868805e+00, 2.961132579057411e+00, 1.229988186703659e-01, 3.014108999999998e+05, 2.495349681374959e-02, 7.161670455054269e+02, 5.598703338731554e-01, 2.019929371299271e-01
2469, 8.848355615421369e-02, 6.446277948019743e-03, -1.179634740379727e+00, 2.954931909583365e+00, 1.040437358284507e-01, 3.014108999999999e+05, 1.921526221938312e-02, 5.398022286301776e+02, 5.552073744381828e-01, 2.214513471637406e-01
2470, 8.848355615533332e-02, 5.413481930319514e-03, -1.170485570745550e+00, 2.918303244029069e+00, 8.521594572767513e-02, 3.014109000000000e+05, 1.747347433613563e-02, 4.330584044858194e+02, 5.499188379347345e-01, 2.460325477572931e-01
2471, 8.848355615657741e-02, 4.265930799702375e-03, -1.161389065771176e+00, 2.905061644922645e+00, 6.599063441064398e-02, 3.014109000000000e+05, 1.655927767764620e-02, 3.311563435824376e+02, 5.443707818888189e-01, 2.738769889565770e-01
2472, 8.848355615795969e-02, 2.990873995056360e-03, -1.152745395185728e+00, 2.910955604041586e+00, 4.568371224343477e-02, 3.014109000000001e+05, 1.768329284896797e-02, 2.407494912007941e+02, 5.391671895122020e-01, 3.011865987119094e-01
2473, 8.848355615949557e-02, 1.574144208244139e-03, -1.146411862357195e+00, 2.917790717491575e+00, 2.379107390868877e-02, 3.014109000000000e+05, 1.955914002678956e-02, 1.813246229060193e+02, 5.351888790040714e-01, 3.222462298404543e-01
2474, 9.214269053080480e-02, 1.491761752497847e-02, -9.701883663422077e-01, -1.237386290042385e-01, 2.849872679890545e-04, 3.014108999999999e+05, 1.194633769594251e-04, 1.945658559671798e+05, 5.679234718601877e-01, 1.804945680726442e-01
2475, 9.214269053092738e-02, 1.482608144929559e-02, -9.702484047726639e-01, -2.279091211519055e-01, 1.521825719343211e-03, 3.014108999999999e+05, 1.385143095509120e-03, 5.047976106058818e+04, 5.679145667561791e-01, 1.804905952762438e-01
2476, 9.214269053106360e-02, 1.472437470241645e-02, -9.705575041613809e-01, -3.030472406377888e-01, 3.638867259321198e-03, 3.014108999999999e+05, 6.857490064595632e-03, 1.948050939338626e+04, 5.679001992950445e-01, 1.804810618182960e-01
2477, 9.214269053121492e-02, 1.461136720249714e-02, -9.709263537774012e-01, -3.381200479146502e-01, 6.818779102584238e-03, 3.014108999999999e+05, 2.123436004546584e-02, 9.233196176614940e+03, 5.678811367908382e-01, 1.804632816401530e-01
2478, 9.214269053138309e-02, 1.448580330977971e-02, -9.716051805847395e-01, -3.309725998952249e-01, 1.105986855265709e-02, 3.014108999999999e+05, 4.623506402735056e-02, 5.031239618666747e+03, 5.678573302068067e-01, 1.804344128786965e-01
2479, 9.214269053156995e-02, 1.434628787707682e-02, -9.728028928142715e-01, -2.977891478109492e-01, 1.626244445520950e-02, 3.014108999999999e+05, 7.633201298168558e-02, 3.150532651818515e+03, 5.678283557086613e-01, 1.803924351902070e-01
2480, 9.214269053177757e-02, 1.419127073672562e-02, -9.746523309730083e-01, -2.540586997962825e-01, 2.232500854486649e-02, 3.014108999999999e+05, 1.059189192664978e-01, 2.249080060286341e+03, 5.677920406516269e-01, 1.803360225402586e-01
2481, 9.214269053200823e-02, 1.401902946579283e-02, -9.770067691893105e-01, -2.049765794863417e-01, 2.921847504465617e-02, 3.014108999999999e+05, 1.336447370373250e-01, 1.781611628613506e+03, 5.677457706956056e-01, 1.802648006317733e-01
2482, 9.214269053226457e-02, 1.382765027097977e-02, -9.796258443722072e-01, -1.505583615188045e-01, 3.696109091094534e-02, 3.014108999999999e+05, 1.600069684746155e-01, 1.525742652144545e+03, 5.676865994377988e-01, 1.801793707039435e-01
2483, 9.214269053254931e-02, 1.361500671972044e-02, -9.822849248080476e-01, -8.904154117008035e-02, 4.559345339891865e-02, 3.014108999999999e+05, 1.857303192832196e-01, 1.386521075596669e+03, 5.676109705561290e-01, 1.800816163672244e-01
2484, 9.214269053286576e-02, 1.337873610978542e-02, -9.848023285922268e-01, -1.781020197428156e-02, 5.516426694814162e-02, 3.014108999999999e+05, 2.113543823437846e-01, 1.320241084306227e+03, 5.675143983243713e-01, 1.799755052924301e-01
2485, 9.214269053321734e-02, 1.311621321782756e-02, -9.870431202171396e-01, 6.651779978821575e-02, 6.571970075894992e-02, 3.014108999999999e+05, 2.371660280773293e-01, 1.305529352430165e+03, 5.673925168169506e-01, 1.798610902627039e-01
2486, 9.214269053360800e-02, 1.282452111762048e-02, -9.889260220178406e-01, 1.682458716705826e-01, 7.729156984829930e-02, 3.014108999999999e+05, 2.631010843739790e-01, 1.331388797399586e+03, 5.672404376350824e-01, 1.797379752329661e-01
2487, 9.214269053404203e-02, 1.250041877475467e-02, -9.903706883296447e-01, 2.929008604140675e-01, 8.987185690917202e-02, 3.014108999999999e+05, 2.885819034685242e-01, 1.391384080735298e+03, 5.670506479420675e-01, 1.796238508023560e-01
2488, 9.214269053452431e-02, 1.214030506582778e-02, -9.907682557358652e-01, 4.497420500753697e-01, 1.033015173277816e-01, 3.014108999999999e+05, 3.122385331092242e-01, 1.480399010679636e+03, 5.668191262478663e-01, 1.795549477289923e-01
2489, 9.214269053506022e-02, 1.174017872955245e-02, -9.900354963084921e-01, 6.547347916342058e-01, 1.171982918865530e-01, 3.014109000000000e+05, 3.308227535593364e-01, 1.586950641808384e+03, 5.665397924365251e-01, 1.795979589223255e-01
2490, 9.214269053565557e-02, 1.129559391472003e-02, -9.891515972036028e-01, 9.221113913339745e-01, 1.308456976175772e-01, 3.014108999999999e+05, 3.379649925456764e-01, 1.675973857815710e+03, 5.661973309454709e-01, 1.798749862955528e-01
2491, 9.214269053631717e-02, 1.080161078827245e-02, -9.883210744978198e-01, 1.252374999014067e+00, 1.431656207369609e-01, 3.014108999999999e+05, 3.250587823701148e-01, 1.708797862594721e+03, 5.657751451058854e-01, 1.806011415048362e-01
2492, 9.214269053705226e-02, 1.025274064076727e-02, -9.873673495891354e-01, 1.632075390882456e+00, 1.526088403394095e-01, 3.014109000000000e+05, 2.865859791640968e-01, 1.674754156563909e+03, 5.652354663715428e-01, 1.821254120252091e-01
2493, 9.214269053786900e-02, 9.642884909397714e-03, -9.865388669763446e-01, 2.031955743443469e+00, 1.572603872499529e-01, 3.014109000000000e+05, 2.236289938791276e-01, 1.569386830452858e+03, 5.644893173728039e-01, 1.849713275272094e-01
2494, 9.214269053877652e-02, 8.965267440532599e-03, -9.847407924389777e-01, 2.415108655479007e+00, 1.548822100483940e-01, 3.014108999999999e+05, 1.426883673319884e-01, 1.372670264298175e+03, 5.633953941802511e-01, 1.899023169617167e-01
2495, 9.214269053978486e-02, 8.212359139473350e-03, -9.812477172922563e-01, 2.729799395836172e+00, 1.436586477768626e-01, 3.014108999999999e+05, 6.362242031130748e-02, 1.041713272968147e+03, 5.615834156270475e-01, 1.979917962846795e-01
2496, 9.214269054090524e-02, 7.375794362284381e-03, -9.841316255199127e-01, 2.882190583562744e+00, 1.262420167529090e-01, 3.014108999999999e+05, 2.578770093866250e-02, 6.883876947661556e+02, 5.584069269521715e-01, 2.103084657986669e-01
2497, 9.214269054215010e-02, 6.446277948255186e-03, -9.866116617782099e-01, 2.884660599578831e+00, 1.075711023030624e-01, 3.014109000000000e+05, 1.839002559762026e-02, 5.079109116910876e+02, 5.541823859926727e-01, 2.273787185219283e-01
2498, 9.214269054353327e-02, 5.413481930591536e-03, -9.863525503001644e-01, 2.854502417353638e+00, 8.879586940990435e-02, 3.014109000000000e+05, 1.674284989484679e-02, 4.072971413525307e+02, 5.494163391083272e-01, 2.487212299101766e-01
2499, 9.214269054507013e-02, 4.265930800016202e-03, -9.852293385033765e-01, 2.844905517027905e+00, 6.924136165301611e-02, 3.014109000000000e+05, 1.619916228259758e-02, 3.151717111159807e+02, 5.444673371226472e-01, 2.727143345058434e-01
2500, 9.214269054677776e-02, 2.990873995417941e-03, -9.832995551596425e-01, 2.852410805882533e+00, 4.821376257467439e-02, 3.014109000000000e+05, 1.741511505378502e-02, 2.337332048043744e+02, 5.398830560564661e-01, 2.961484827040876e-01
2501, 9.214269054867513e-02, 1.574144208680677e-03, -9.816444482096739e-01, 2.860400519722332e+00, 2.522544139754596e-02, 3.014109000000001e+05, 1.922768530447097e-02, 1.796519482079333e+02, 5.364119856623536e-01, 3.142206253018394e-01
2502, 9.620839534265696e-02, 1.491761752497944e-02, -7.409615149481539e-01, -8.759115670678440e-02, 3.037737647612756e-04, 3.014109000000000e+05, 1.174507167257800e-04, 1.945455961737173e+05, 5.663390881578361e-01, 1.889137609620644e-01
2503, 9.620839534279237e-02, 1.482608144929774e-02, -7.410237653335187e-01, -1.571234784302363e-01, 1.611806715314445e-03, 3.014109000000000e+05, 1.361648993698563e-03, 5.044058171298251e+04, 5.663297013108247e-01, 1.889103198296807e-01
2504, 9.620839534294280e-02, 1.472437470242003e-02, -7.413404204313736e-01, -2.004675577111206e-01, 3.817798062473083e-03, 3.014109000000000e+05, 6.744833106363188e-03, 1.944448162297531e+04, 5.663146728399212e-01, 1.889032647068689e-01
2505, 9.620839534310993e-02, 1.461136720250244e-02, -7.416808863085630e-01, -2.091441143508754e-01, 7.078423988764316e-03, 3.014109000000000e+05, 2.092562627546058e-02, 9.221701414965848e+03, 5.662948624103074e-01, 1.888916529633431e-01
2506, 9.620839534329564e-02, 1.448580330978748e-02, -7.423215625196348e-01, -1.841474234098036e-01, 1.136503012051092e-02, 3.014109000000000e+05, 4.563294699567576e-02, 5.037570812696280e+03, 5.662696984597986e-01, 1.888745308062881e-01
2507, 9.620839534350199e-02, 1.434628787708662e-02, -7.435034164672830e-01, -1.411475127997074e-01, 1.658356876619224e-02, 3.014109000000000e+05, 7.527661391418509e-02, 3.157240244862660e+03, 5.662378310245481e-01, 1.888517262324272e-01
2508, 9.620839534373128e-02, 1.419127073673834e-02, -7.453423563412730e-01, -9.242514808802904e-02, 2.265145257929011e-02, 3.014109000000000e+05, 1.042290932243290e-01, 2.249142124406095e+03, 5.661965149395330e-01, 1.888237830273980e-01
2509, 9.620839534398605e-02, 1.401902946580899e-02, -7.476922687782200e-01, -4.090960248193945e-02, 2.954599040103775e-02, 3.014109000000000e+05, 1.311671390584147e-01, 1.774325159139333e+03, 5.661426214611162e-01, 1.887922281143107e-01
2510, 9.620839534426909e-02, 1.382765027099996e-02, -7.503207379937127e-01, 1.442886572776590e-02, 3.728131924912821e-02, 3.014109000000000e+05, 1.566087996588544e-01, 1.511551997818041e+03, 5.660732589963579e-01, 1.887570400951442e-01
2511, 9.620839534458361e-02, 1.361500671974675e-02, -7.530069777928456e-01, 7.576927612817276e-02, 4.588663844474936e-02, 3.014109000000000e+05, 1.812788383067225e-01, 1.365631069078603e+03, 5.659852653579742e-01, 1.887179308596674e-01
2512, 9.620839534493311e-02, 1.337873610981590e-02, -7.555720957317600e-01, 1.458402272143562e-01, 5.539206425599916e-02, 3.014109000000000e+05, 2.057185345060553e-01, 1.292477650371653e+03, 5.658750319733488e-01, 1.886746501567584e-01
2513, 9.620839534532138e-02, 1.311621321786448e-02, -7.578896626277014e-01, 2.279553843913411e-01, 6.581531767327591e-02, 3.014109000000000e+05, 2.301760192118250e-01, 1.270027914633844e+03, 5.657372302334325e-01, 1.886337760001029e-01
2514, 9.620839534575282e-02, 1.282452111766494e-02, -7.598799062029432e-01, 3.261925674809169e-01, 7.714408710029422e-02, 3.014108999999999e+05, 2.545344988560549e-01, 1.286384317645984e+03, 5.655652492430268e-01, 1.886079465447741e-01
2515, 9.620839534623220e-02, 1.250041877481086e-02, -7.615606742970202e-01, 4.456211049341023e-01, 8.931809669832570e-02, 3.014109000000000e+05, 2.781487592037461e-01, 1.334171546561789e+03, 5.653509129701623e-01, 1.886190050784521e-01
2516, 9.620839534676480e-02, 1.214030506589116e-02, -7.624752738846383e-01, 5.933828849704313e-01, 1.021022606125081e-01, 3.014109000000000e+05, 2.995738075021223e-01, 1.407136467851535e+03, 5.650896204372868e-01, 1.887061538665853e-01
2517, 9.620839534735663e-02, 1.174017872962761e-02, -7.622995574396764e-01, 7.833647049123743e-01, 1.150211324848043e-01, 3.014109000000000e+05, 3.156708272317338e-01, 1.495075303902847e+03, 5.647777986711665e-01, 1.889384105702584e-01
2518, 9.620839534801419e-02, 1.129559391480878e-02, -7.619383935227150e-01, 1.029495854131685e+00, 1.272462038621088e-01, 3.014109000000000e+05, 3.208927800458451e-01, 1.568487001984822e+03, 5.644025311478158e-01, 1.894323976277687e-01
2519, 9.620839534874485e-02, 1.080161078837685e-02, -7.621773875736748e-01, 1.331585469142104e+00, 1.376599363453954e-01, 3.014108999999999e+05, 3.073171824431322e-01, 1.589010653221171e+03, 5.639430588846155e-01, 1.903777668085753e-01
2520, 9.620839534955665e-02, 1.025274064088977e-02, -7.630568705227427e-01, 1.676050800900094e+00, 1.449390727460373e-01, 3.014108999999999e+05, 2.701614603086301e-01, 1.545490458837762e+03, 5.633651556606956e-01, 1.920732004613294e-01
2521, 9.620839535045868e-02, 9.642884909549017e-03, -7.648317833455515e-01, 2.035230439487372e+00, 1.475592619978041e-01, 3.014109000000000e+05, 2.112440599640913e-01, 1.438787232096834e+03, 5.625964413440758e-01, 1.949562518453043e-01
2522, 9.620839535146095e-02, 8.965267440699773e-03, -7.674317717292394e-01, 2.374258283430838e+00, 1.440213332864944e-01, 3.014109000000001e+05, 1.383190508412285e-01, 1.260861134808895e+03, 5.615093072538319e-01, 1.996430215264890e-01
2523, 9.620839535257454e-02, 8.212359139678771e-03, -7.704307015705656e-01, 2.653187936112898e+00, 1.333764966220679e-01, 3.014109000000000e+05, 6.619958346689676e-02, 9.822711297955946e+02, 5.598157887249212e-01, 2.069957919722726e-01
2524, 9.620839535381188e-02, 7.375794362510457e-03, -7.782872922572635e-01, 2.799791769836687e+00, 1.176535847750881e-01, 3.014108999999999e+05, 2.693150031065591e-02, 6.620218036120903e+02, 5.570076008168962e-01, 2.178771266203827e-01
2525, 9.620839535518673e-02, 6.446277948516793e-03, -7.868765282462767e-01, 2.810640579856471e+00, 1.007095288258428e-01, 3.014109000000000e+05, 1.773583584631386e-02, 4.785103222169024e+02, 5.532389738331716e-01, 2.326802523635038e-01
2526, 9.620839535671429e-02, 5.413481930893782e-03, -7.924759340545244e-01, 2.786386911841926e+00, 8.361917726072632e-02, 3.014109000000000e+05, 1.605053004305318e-02, 3.821129092868873e+02, 5.490065960755316e-01, 2.509882075655511e-01
2527, 9.620839535841158e-02, 4.265930800364897e-03, -7.966569586163733e-01, 2.779512199212138e+00, 6.557597741037556e-02, 3.014108999999999e+05, 1.582195243039147e-02, 2.991319552062835e+02, 5.446500270110178e-01, 2.714014300544742e-01
2528, 9.620839536029753e-02, 2.990873995819700e-03, -7.993299211352601e-01, 2.787851100063015e+00, 4.587732374424806e-02, 3.014109000000001e+05, 1.711238541752655e-02, 2.264307237490050e+02, 5.406504017749985e-01, 2.912385201320374e-01
2529, 9.620839536239296e-02, 1.574144209165719e-03, -8.009338390106685e-01, 2.796420097282233e+00, 2.408927487911892e-02, 3.014108999999999e+05, 1.885580986243335e-02, 1.776662399901791e+02, 5.376450384710750e-01, 3.065217135557076e-01
2530, 1.007258451457834e-01, 1.491761752498053e-02, -5.386424850438822e-01, -4.796956883173895e-02, 2.777663495087331e-04, 3.014109000000000e+05, 1.064085709993018e-04, 1.945386689894589e+05, 5.642395773706109e-01, 1.968691997441874e-01
2531, 1.007258451459496e-01, 1.482608144930013e-02, -5.386993065802874e-01, -8.007624474143973e-02, 1.474255500026155e-03, 3.014109000000000e+05, 1.234407631289313e-03, 5.043344938794730e+04, 5.642310517181448e-01, 1.968665912282777e-01
2532, 1.007258451461343e-01, 1.472437470242400e-02, -5.389821388107062e-01, -8.980132615206590e-02, 3.487426360469434e-03, 3.014109000000000e+05, 6.130463543823514e-03, 1.945762311509583e+04, 5.642175945750489e-01, 1.968622188220667e-01
2533, 1.007258451463395e-01, 1.461136720250833e-02, -5.392672530994693e-01, -7.127258275651599e-02, 6.455210867579924e-03, 3.014109000000000e+05, 1.915162725709065e-02, 9.260881058371782e+03, 5.642000240473254e-01, 1.968564781112970e-01
2534, 1.007258451465675e-01, 1.448580330979611e-02, -5.398181418232444e-01, -2.792490477228979e-02, 1.035706725962085e-02, 3.014109000000000e+05, 4.222005782407873e-02, 5.078644445441011e+03, 5.641774732682093e-01, 1.968498887706588e-01
2535, 1.007258451468209e-01, 1.434628787709752e-02, -5.408595014310497e-01, 2.560228868569858e-02, 1.512614507296927e-02, 3.014108999999999e+05, 7.029598123127748e-02, 3.179968358784506e+03, 5.641486732418164e-01, 1.968424402347202e-01
2536, 1.007258451471024e-01, 1.419127073675247e-02, -5.424989724570215e-01, 7.993197640725322e-02, 2.069828165878209e-02, 3.014108999999999e+05, 9.785495391549015e-02, 2.252507620101836e+03, 5.641115748538436e-01, 1.968338089394563e-01
2537, 1.007258451474152e-01, 1.401902946582695e-02, -5.446276998531125e-01, 1.341902730746952e-01, 2.705013362766192e-02, 3.014108999999999e+05, 1.234787879609651e-01, 1.762997457388833e+03, 5.640639844139548e-01, 1.968237055137162e-01
2538, 1.007258451477628e-01, 1.382765027102239e-02, -5.470507089853011e-01, 1.904187964368454e-01, 3.418617407213525e-02, 3.014109000000000e+05, 1.475778537202270e-01, 1.489021977472810e+03, 5.640029453089815e-01, 1.968143289840018e-01
2539, 1.007258451481489e-01, 1.361500671977598e-02, -5.495719860344053e-01, 2.512091947179709e-01, 4.212164825245523e-02, 3.014108999999999e+05, 1.708069754667892e-01, 1.333482604779657e+03, 5.639248838228684e-01, 1.968096094633463e-01
2540, 1.007258451485780e-01, 1.337873610984976e-02, -5.520272880729212e-01, 3.193740481069301e-01, 5.086824052213287e-02, 3.014108999999999e+05, 1.936521570401623e-01, 1.250840304773777e+03, 5.638254927766083e-01, 1.968157121373975e-01
2541, 1.007258451490548e-01, 1.311621321790551e-02, -5.542978743708907e-01, 3.980950926763454e-01, 6.041964704011978e-02, 3.014109000000000e+05, 2.163354615535397e-01, 1.218082992792928e+03, 5.636995492828581e-01, 1.968423236621982e-01
2542, 1.007258451495845e-01, 1.282452111771434e-02, -5.563124524462013e-01, 4.911328390215532e-01, 7.073217330434346e-02, 3.014109000000000e+05, 2.387350274036310e-01, 1.222583946562078e+03, 5.635408416005090e-01, 1.969047588842491e-01
2543, 1.007258451501731e-01, 1.250041877487330e-02, -5.580870266953025e-01, 6.030102138894944e-01, 8.170325677070217e-02, 3.014109000000000e+05, 2.602396470896011e-01, 1.256353706544522e+03, 5.633420126888929e-01, 1.970272635411946e-01
2544, 1.007258451508270e-01, 1.214030506596158e-02, -5.595156095828819e-01, 7.392915272058377e-01, 9.309969063674500e-02, 3.014109000000000e+05, 2.795000690426181e-01, 1.312662810806619e+03, 5.630966654331552e-01, 1.972490388263280e-01
2545, 1.007258451515537e-01, 1.174017872971111e-02, -5.600615587535230e-01, 9.108906057242796e-01, 1.044310141853349e-01, 3.014109000000000e+05, 2.938157550494238e-01, 1.382506553837788e+03, 5.628032709312943e-01, 1.976376709371780e-01
2546, 1.007258451523611e-01, 1.129559391490740e-02, -5.600810593520102e-01, 1.130674824920071e+00, 1.148011456659546e-01, 3.014109000000000e+05, 2.984054758430701e-01, 1.443146704535851e+03, 5.624549852474116e-01, 1.983022835907157e-01
2547, 1.007258451532582e-01, 1.080161078849284e-02, -5.608757466502395e-01, 1.400371356463353e+00, 1.230574080993512e-01, 3.014108999999999e+05, 2.862666364494005e-01, 1.458946380643884e+03, 5.620281057857678e-01, 1.994069381185643e-01
2548, 1.007258451542549e-01, 1.025274064102586e-02, -5.626826020034313e-01, 1.707620767333650e+00, 1.280870992342625e-01, 3.014109000000000e+05, 2.527676518502415e-01, 1.415153427305094e+03, 5.614895492497471e-01, 2.012006457121239e-01
2549, 1.007258451553625e-01, 9.642884909717129e-03, -5.658030410262963e-01, 2.027132606143643e+00, 1.287923899805468e-01, 3.014109000000000e+05, 1.995330704468132e-01, 1.315200348523018e+03, 5.607733954002326e-01, 2.040387272457894e-01
2550, 1.007258451565930e-01, 8.965267440885518e-03, -5.704967451887587e-01, 2.327352271649463e+00, 1.243188131052018e-01, 3.014109000000000e+05, 1.343134259432780e-01, 1.158765582210599e+03, 5.597626988153260e-01, 2.084088136594748e-01
2551, 1.007258451579603e-01, 8.212359139907015e-03, -5.766098550103294e-01, 2.577043826863890e+00, 1.144005384536266e-01, 3.014108999999998e+05, 6.867359519208650e-02, 9.256988073656681e+02, 5.582237460956290e-01, 2.149921959097815e-01
2552, 1.007258451594796e-01, 7.375794362761650e-03, -5.866034970441478e-01, 2.719200439566611e+00, 1.007734414391548e-01, 3.014109000000000e+05, 2.853591915142967e-02, 6.390342553172173e+02, 5.557654128886690e-01, 2.244793957214092e-01
2553, 1.007258451611676e-01, 6.446277948807467e-03, -5.977324314574364e-01, 2.738771988959631e+00, 8.641068582283816e-02, 3.014108999999999e+05, 1.731418568244337e-02, 4.530888221352983e+02, 5.524562312280674e-01, 2.371682862061686e-01
2554, 1.007258451630432e-01, 5.413481931229612e-03, -6.060181272783087e-01, 2.719870256275501e+00, 7.206596605182612e-02, 3.014108999999999e+05, 1.540434406045827e-02, 3.584460468003879e+02, 5.487525569888784e-01, 2.527000482793095e-01
2555, 1.007258451651272e-01, 4.265930800752337e-03, -6.127443716869226e-01, 2.714686011468462e+00, 5.679941496577141e-02, 3.014108999999999e+05, 1.541026243348682e-02, 2.834770499450067e+02, 5.449664922316572e-01, 2.698748292343574e-01
2556, 1.007258451674427e-01, 2.990873996266098e-03, -6.177842637939972e-01, 2.723012787383440e+00, 3.990587578900176e-02, 3.014109000000000e+05, 1.674996217032257e-02, 2.189228372388743e+02, 5.415106468549394e-01, 2.864707554502164e-01
2557, 1.007258451700156e-01, 1.574144209704655e-03, -6.211273040821405e-01, 2.731560748684656e+00, 2.101881270798661e-02, 3.014109000000000e+05, 1.841691602836306e-02, 1.752615696667441e+02, 5.389276978430377e-01, 2.992312479123396e-01
2558, 1.057452338071545e-01, 1.491761752498172e-02, -3.742808796109739e-01, -9.915713881243125e-03, 2.245432395918153e-04, 3.014109000000000e+05, 9.088068034065932e-05, 1.945440794785363e+05, 5.618611915948069e-01, 2.041462882105487e-01
2559, 1.057452338073376e-01, 1.482608144930279e-02, -3.743270291772492e-01, -5.979702175796802e-03, 1.197387611076279e-03, 3.014109000000000e+05, 1.055409076509189e-03, 5.045504054899212e+04, 5.618544347309233e-01, 2.041444668903517e-01
2560, 1.057452338075411e-01, 1.472437470242842e-02, -3.745523213967993e-01, 1.673272047903142e-02, 2.843152726326833e-03, 3.014109000000000e+05, 5.261547010224219e-03, 1.951269859794351e+04, 5.618441511715193e-01, 2.041419651561944e-01
2561, 1.057452338077671e-01, 1.461136720251488e-02, -3.747703786840528e-01, 6.180472462905039e-02, 5.283966251120357e-03, 3.014109000000000e+05, 1.660445809531674e-02, 9.344188072714076e+03, 5.618313432593244e-01, 2.041393362042498e-01
2562, 1.057452338080182e-01, 1.448580330980569e-02, -3.752043047521773e-01, 1.239137709442615e-01, 8.524289335354922e-03, 3.014109000000000e+05, 3.727387245093185e-02, 5.154380855260968e+03, 5.618156566245083e-01, 2.041366812938024e-01
2563, 1.057452338082973e-01, 1.434628787710962e-02, -3.760383357046148e-01, 1.890557294417406e-01, 1.253435822758454e-02, 3.014109000000000e+05, 6.314797180181668e-02, 3.223743684133869e+03, 5.617959966645544e-01, 2.041352080495274e-01
2564, 1.057452338086074e-01, 1.419127073676818e-02, -3.773704497144101e-01, 2.499544006320120e-01, 1.727048279881413e-02, 3.014109000000000e+05, 8.886469308755086e-02, 2.266112108838948e+03, 5.617704636055793e-01, 2.041369223342422e-01
2565, 1.057452338089519e-01, 1.401902946584690e-02, -3.791401055915284e-01, 3.075446975178199e-01, 2.270752353367338e-02, 3.014109000000000e+05, 1.127679879981501e-01, 1.754882043541905e+03, 5.617367271956801e-01, 2.041446514110974e-01
2566, 1.057452338093347e-01, 1.382765027104732e-02, -3.812037096921494e-01, 3.649028407217288e-01, 2.883979545169269e-02, 3.014109000000000e+05, 1.351250928320967e-01, 1.465054599672181e+03, 5.616920701742300e-01, 2.041622983071300e-01
2567, 1.057452338097600e-01, 1.361500671980845e-02, -3.834037053371341e-01, 4.250735220739529e-01, 3.566960757751730e-02, 3.014109000000000e+05, 1.565184276254886e-01, 1.296562802805861e+03, 5.616333135750422e-01, 2.041953310804112e-01
2568, 1.057452338102326e-01, 1.337873610988739e-02, -3.856010187114736e-01, 4.909638455818146e-01, 4.319431624779069e-02, 3.014109000000000e+05, 1.773957851945241e-01, 1.201900484645850e+03, 5.615566851991866e-01, 2.042515654949492e-01
2569, 1.057452338107577e-01, 1.311621321795110e-02, -3.876896960064490e-01, 5.656079195052302e-01, 5.139209330591842e-02, 3.014109000000000e+05, 1.979688278490864e-01, 1.156819317949007e+03, 5.614576761317795e-01, 2.043423765042857e-01
2570, 1.057452338113411e-01, 1.282452111776923e-02, -3.896081062833940e-01, 6.524199179259599e-01, 6.020430713074214e-02, 3.014109000000000e+05, 2.181435087950575e-01, 1.147891287519453e+03, 5.613309235918900e-01, 2.044845629030072e-01
2571, 1.057452338119894e-01, 1.250041877494267e-02, -3.913379000285984e-01, 7.553800080371165e-01, 6.950992740353371e-02, 3.014109000000000e+05, 2.373996964652008e-01, 1.166633361138065e+03, 5.611702843306250e-01, 2.047032596514903e-01
2572, 1.057452338127097e-01, 1.214030506603983e-02, -3.929769465344712e-01, 8.791883522084103e-01, 7.910006382572975e-02, 3.014109000000000e+05, 2.545874033401056e-01, 1.206135767134402e+03, 5.609686505568678e-01, 2.050362571194159e-01
2573, 1.057452338135100e-01, 1.174017872980390e-02, -3.941048730154698e-01, 1.031035309629792e+00, 8.852368968065365e-02, 3.014108999999999e+05, 2.675591241306720e-01, 1.258209204560743e+03, 5.607245342472930e-01, 2.055449860500127e-01
2574, 1.057452338143993e-01, 1.129559391501697e-02, -3.945319291566928e-01, 1.221632317144672e+00, 9.694317617275745e-02, 3.014109000000000e+05, 2.722998609740348e-01, 1.306936190039235e+03, 5.604370190067641e-01, 2.063279811478230e-01
2575, 1.057452338153874e-01, 1.080161078862172e-02, -3.953418087405057e-01, 1.456335110742377e+00, 1.032442543666541e-01, 3.014108999999999e+05, 2.630774478713484e-01, 1.322892937297244e+03, 5.600870973852869e-01, 2.075283163918120e-01
2576, 1.057452338164852e-01, 1.025274064117708e-02, -3.972104903457979e-01, 1.725816664698705e+00, 1.064197016835298e-01, 3.014108999999999e+05, 2.350773371657679e-01, 1.286249404860610e+03, 5.596393891216978e-01, 2.093479602333001e-01
2577, 1.057452338177051e-01, 9.642884909903924e-03, -4.004486151929771e-01, 2.008180258524843e+00, 1.057235239248606e-01, 3.014109000000000e+05, 1.889357512971713e-01, 1.199356006753648e+03, 5.590309053874590e-01, 2.120677769096619e-01
2578, 1.057452338190604e-01, 8.965267441091902e-03, -4.053184873719614e-01, 2.275445338000467e+00, 1.007707956136592e-01, 3.014109000000000e+05, 1.314770024439992e-01, 1.066627924545288e+03, 5.581554031329180e-01, 2.160656142571464e-01
2579, 1.057452338205664e-01, 8.212359140160622e-03, -4.117307368052741e-01, 2.502797224745436e+00, 9.171192920248887e-02, 3.014109000000000e+05, 7.176390926477169e-02, 8.746498746924730e+02, 5.568211641046630e-01, 2.218718889466784e-01
2580, 1.057452338222397e-01, 7.375794363040755e-03, -4.214011123937667e-01, 2.643884992797583e+00, 8.014777222926626e-02, 3.014109000000000e+05, 3.087629826920424e-02, 6.212176445468081e+02, 5.547158439856551e-01, 2.300330052642523e-01
2581, 1.057452338240989e-01, 6.446277949130436e-03, -4.324023786112618e-01, 2.673620596504481e+00, 6.852682036390757e-02, 3.014109000000000e+05, 1.722441724860395e-02, 4.330759656720396e+02, 5.518601194535609e-01, 2.407827889871473e-01
2582, 1.057452338261648e-01, 5.413481931602756e-03, -4.407735202740438e-01, 2.659912191001582e+00, 5.729228788298423e-02, 3.014108999999999e+05, 1.481813902944820e-02, 3.370753201021703e+02, 5.486704811760780e-01, 2.538239147046318e-01
2583, 1.057452338284601e-01, 4.265930801182826e-03, -4.477280062168208e-01, 2.655554463034154e+00, 4.534943225415875e-02, 3.014108999999999e+05, 1.495410025457365e-02, 2.685218560089913e+02, 5.454273595518756e-01, 2.681325773987566e-01
2584, 1.057452338310104e-01, 2.990873996762095e-03, -4.532094603868558e-01, 2.663136949640875e+00, 3.198442022155849e-02, 3.014109000000001e+05, 1.631286397178546e-02, 2.112762762634494e+02, 5.424761136896065e-01, 2.818773008395903e-01
2585, 1.057452338338442e-01, 1.574144210303473e-03, -4.569589110583923e-01, 2.671151513277461e+00, 1.689288759803671e-02, 3.014109000000000e+05, 1.789697987073204e-02, 1.723763628395032e+02, 5.402766102595891e-01, 2.924156582438914e-01
2586, 1.113223322883264e-01, 1.491761752498305e-02, -2.490896524750980e-01, 2.293661791651259e-02, 1.646555437664903e-04, 3.014109000000000e+05, 7.524864385345021e-05, 1.945571473728381e+05, 5.595177933887284e-01, 2.107442360516098e-01
2587, 1.113223322885382e-01, 1.482608144930574e-02, -2.491232378555206e-01, 5.837104859062493e-02, 8.837980552751851e-04, 3.014109000000000e+05, 8.749096998973222e-04, 5.049435746456436e+04, 5.595130563618753e-01, 2.107429892223727e-01
2588, 1.113223322887735e-01, 1.472437470243332e-02, -2.492862855004956e-01, 1.098864034261792e-01, 2.111539778327121e-03, 3.014109000000000e+05, 4.378733043167427e-03, 1.959279081754249e+04, 5.595062347362434e-01, 2.107417386044828e-01
2589, 1.113223322890350e-01, 1.461136720252215e-02, -2.494388320960126e-01, 1.793040240197269e-01, 3.951477339201430e-03, 3.014109000000000e+05, 1.395635267918778e-02, 9.455163073332380e+03, 5.594982232401221e-01, 2.107416457595946e-01
2590, 1.113223322893255e-01, 1.448580330981634e-02, -2.497533102169412e-01, 2.599314325635273e-01, 6.431312031403021e-03, 3.014109000000000e+05, 3.191398066628807e-02, 5.257076769712322e+03, 5.594886246982983e-01, 2.107441458085055e-01
2591, 1.113223322896484e-01, 1.434628787712307e-02, -2.503713066392318e-01, 3.377282708663177e-01, 9.558469782398060e-03, 3.014109000000000e+05, 5.514924136805709e-02, 3.288713043275185e+03, 5.594765842939989e-01, 2.107515021571931e-01
2592, 1.113223322900071e-01, 1.419127073678563e-02, -2.513712236440560e-01, 4.063755978048300e-01, 1.331504993781731e-02, 3.014109000000000e+05, 7.865656230748146e-02, 2.293149724180047e+03, 5.594607783663901e-01, 2.107667748133901e-01
2593, 1.113223322904056e-01, 1.401902946586907e-02, -2.527332824749028e-01, 4.681719915057890e-01, 1.767909868597082e-02, 3.014109000000000e+05, 1.005609777916097e-01, 1.754022833114855e+03, 5.594394112025796e-01, 2.107937999801889e-01
2594, 1.113223322908484e-01, 1.382765027107502e-02, -2.543674977607478e-01, 5.272101155657477e-01, 2.263749743286727e-02, 3.014109000000000e+05, 1.209483570830283e-01, 1.444215799242261e+03, 5.594102723019406e-01, 2.108374561814633e-01
2595, 1.113223322913404e-01, 1.361500671984454e-02, -2.561593148408630e-01, 5.870519076881821e-01, 2.818245595276862e-02, 3.014109000000000e+05, 1.403087335259867e-01, 1.260097912576401e+03, 5.593707707073958e-01, 2.109041843423729e-01
2596, 1.113223322918871e-01, 1.337873610992920e-02, -2.579992867381278e-01, 6.507520773131525e-01, 3.430151160356015e-02, 3.014109000000000e+05, 1.590470569098778e-01, 1.151670295537764e+03, 5.593178739190250e-01, 2.110027451321888e-01
2597, 1.113223322924946e-01, 1.311621321800175e-02, -2.597982101672541e-01, 7.212327172236228e-01, 4.096500116363330e-02, 3.014109000000000e+05, 1.773696259773209e-01, 1.093144756646257e+03, 5.592480045403462e-01, 2.111453202299769e-01
2598, 1.113223322931695e-01, 1.282452111783022e-02, -2.614983781403294e-01, 8.015918473586373e-01, 4.811035404781448e-02, 3.014109000000000e+05, 1.952238913436050e-01, 1.070165438881116e+03, 5.591569351215222e-01, 2.113491305825707e-01
2599, 1.113223322939195e-01, 1.250041877501975e-02, -2.630771693659794e-01, 8.953132527192678e-01, 5.562019796277345e-02, 3.014109000000000e+05, 2.122022637956058e-01, 1.073754193611660e+03, 5.590397906237000e-01, 2.116388590691356e-01
2600, 1.113223322947527e-01, 1.214030506612677e-02, -2.645916784194753e-01, 1.006373532242253e+00, 6.329794061579086e-02, 3.014108999999999e+05, 2.273817923531254e-01, 1.096940857992156e+03, 5.588909661891106e-01, 2.120501798040081e-01
2601, 1.113223322956786e-01, 1.174017872990699e-02, -2.660162430806210e-01, 1.139303373021644e+00, 7.079565788922428e-02, 3.014108999999999e+05, 2.390878950420975e-01, 1.132349857060532e+03, 5.587064429474097e-01, 2.126359135293490e-01
2602, 1.113223322967073e-01, 1.129559391513872e-02, -2.668972463379458e-01, 1.301708621484846e+00, 7.745658741151371e-02, 3.014108999999999e+05, 2.443124764369682e-01, 1.168948059246006e+03, 5.584868123426484e-01, 2.134801918160636e-01
2603, 1.113223322978503e-01, 1.080161078876492e-02, -2.674811071578455e-01, 1.500893036112549e+00, 8.227469109318623e-02, 3.014108999999999e+05, 2.385300662675320e-01, 1.185631540782774e+03, 5.582227428795995e-01, 2.147066880591057e-01
2604, 1.113223322991203e-01, 1.025274064134511e-02, -2.688509496824597e-01, 1.733100794461024e+00, 8.425423307642754e-02, 3.014109000000000e+05, 2.170255158218860e-01, 1.160313306658190e+03, 5.578794370941447e-01, 2.164791808893234e-01
2605, 1.113223323005314e-01, 9.642884910111470e-03, -2.713970125523562e-01, 1.981136595554518e+00, 8.283008616270930e-02, 3.014109000000000e+05, 1.789904457008832e-01, 1.090314055803093e+03, 5.573982022489395e-01, 2.190157758832958e-01
2606, 1.113223323020993e-01, 8.965267441321216e-03, -2.753306555301599e-01, 2.220469173102815e+00, 7.788741696563603e-02, 3.014108999999999e+05, 1.296181822066561e-01, 9.820815540114135e+02, 5.566845841745601e-01, 2.226023380942205e-01
2607, 1.113223323038414e-01, 8.212359140442407e-03, -2.804565869921489e-01, 2.430965845639255e+00, 6.976912798138322e-02, 3.014109000000000e+05, 7.574218037868817e-02, 8.277384829085071e+02, 5.555850640789086e-01, 2.276455013518602e-01
2608, 1.113223323057771e-01, 7.375794363350869e-03, -2.882237577551210e-01, 2.574697572643682e+00, 5.994931883130707e-02, 3.014109000000000e+05, 3.427832650511478e-02, 6.088892480022114e+02, 5.538419656089363e-01, 2.345727747807066e-01
2609, 1.113223323079279e-01, 6.446277949489293e-03, -2.976822925672787e-01, 2.617341860252803e+00, 5.068053149948144e-02, 3.014109000000000e+05, 1.763347529146990e-02, 4.197840984236254e+02, 5.514277517041528e-01, 2.435697197220505e-01
2610, 1.113223323103177e-01, 5.413481932017360e-03, -3.046516352080140e-01, 2.609542107707834e+00, 4.231669167523248e-02, 3.014109000000000e+05, 1.432654063939138e-02, 3.187232187748057e+02, 5.487285260283902e-01, 2.544071929656507e-01
2611, 1.113223323129730e-01, 4.265930801661147e-03, -3.103801706985438e-01, 2.605570854304300e+00, 3.360457076565689e-02, 3.014109000000000e+05, 1.445706037100512e-02, 2.544903435010832e+02, 5.459989682276613e-01, 2.662192310873792e-01
2612, 1.113223323159233e-01, 2.990873997313204e-03, -3.150568506749702e-01, 2.611938246705090e+00, 2.378346817330456e-02, 3.014109000000001e+05, 1.580018390092173e-02, 2.035526839791116e+02, 5.435180555213966e-01, 2.774997658371877e-01
2613, 1.113223323192014e-01, 1.574144210968826e-03, -3.183280566333603e-01, 2.619082599961436e+00, 1.259265236772420e-02, 3.014109000000000e+05, 1.729698198891194e-02, 1.690016566806113e+02, 5.416701293040888e-01, 2.861200920691032e-01
2614, 1.175191083908562e-01, 1.491761752498453e-02, -1.578695135962986e-01, 4.899743249073384e-02, 1.122083520910599e-04, 3.014109000000000e+05, 6.120434903447545e-05, 1.945726362189863e+05, 5.573896294159477e-01, 2.167879344344390e-01
2615, 1.175191083911011e-01, 1.482608144930901e-02, -1.578915485740665e-01, 1.097916964160614e-01, 6.052871782550025e-04, 3.014109000000000e+05, 7.123192932003331e-04, 5.053925650323052e+04, 5.573865162971351e-01, 2.167873844880063e-01
2616, 1.175191083913732e-01, 1.472437470243878e-02, -1.580000289936092e-01, 1.849831725788619e-01, 1.454604708835307e-03, 3.014109000000000e+05, 3.576174785072835e-03, 1.968037480177433e+04, 5.573822582007459e-01, 2.167876319199036e-01
2617, 1.175191083916755e-01, 1.461136720253023e-02, -1.580963079201555e-01, 2.752255933726609e-01, 2.741334997040525e-03, 3.014108999999999e+05, 1.149382833694258e-02, 9.576933772873070e+03, 5.573776109045805e-01, 2.167901864251912e-01
2618, 1.175191083920114e-01, 1.448580330982818e-02, -1.583045486587753e-01, 3.730894388029367e-01, 4.504990448463659e-03, 3.014108999999999e+05, 2.674490711812956e-02, 5.376561558476068e+03, 5.573723461587817e-01, 2.167969860397584e-01
2619, 1.175191083923847e-01, 1.434628787713802e-02, -1.587338107077342e-01, 4.641023505431900e-01, 6.781328735837567e-03, 3.014109000000000e+05, 4.718982942712526e-02, 3.372191839102700e+03, 5.573658985928933e-01, 2.168108470823163e-01
2620, 1.175191083927993e-01, 1.419127073680502e-02, -1.594380251016660e-01, 5.416623696987863e-01, 9.580460554397199e-03, 3.014109000000000e+05, 6.832892989663711e-02, 2.334984645479513e+03, 5.573575386947706e-01, 2.168354911576510e-01
2621, 1.175191083932601e-01, 1.401902946589370e-02, -1.604194893307208e-01, 6.087183391243063e-01, 1.289054907029316e-02, 3.014109000000000e+05, 8.811995343318307e-02, 1.763364025938940e+03, 5.573461078456295e-01, 2.168754070851572e-01
2622, 1.175191083937721e-01, 1.382765027110579e-02, -1.616327585037693e-01, 6.702431820645929e-01, 1.669623218151252e-02, 3.014108999999999e+05, 1.064613349154757e-01, 1.430158606640145e+03, 5.573299802561444e-01, 2.169360473494720e-01
2623, 1.175191083943409e-01, 1.361500671988464e-02, -1.630033338682616e-01, 7.303619538306653e-01, 2.098378035564528e-02, 3.014108999999999e+05, 1.237431918874663e-01, 1.228285825668886e+03, 5.573071850292254e-01, 2.170243309045869e-01
2624, 1.175191083949730e-01, 1.337873610997566e-02, -1.644512830378112e-01, 7.923470027252887e-01, 2.573533539274744e-02, 3.014108999999999e+05, 1.403247105625538e-01, 1.104946250486249e+03, 5.572754241564968e-01, 2.171493447395445e-01
2625, 1.175191083956753e-01, 1.311621321805803e-02, -1.659055167219781e-01, 8.590712080198845e-01, 3.091903363701229e-02, 3.014108999999999e+05, 1.564065627971621e-01, 1.032556489938980e+03, 5.572320246682593e-01, 2.173233182530996e-01
2626, 1.175191083964556e-01, 1.282452111789798e-02, -1.673128577772091e-01, 9.333720872864311e-01, 3.647574690524033e-02, 3.014108999999999e+05, 1.719786292296516e-01, 9.956936110741814e+02, 5.571738770868497e-01, 2.175630048906456e-01
2627, 1.175191083973226e-01, 1.250041877510539e-02, -1.686483596576900e-01, 1.018289480167953e+00, 4.230205280031514e-02, 3.014108999999999e+05, 1.867481482741157e-01, 9.848505077044416e+02, 5.570973788047850e-01, 2.178916534625627e-01
2628, 1.175191083982860e-01, 1.214030506622337e-02, -1.699031525923166e-01, 1.117186485390358e+00, 4.822436373500148e-02, 3.014108999999999e+05, 2.000209054831760e-01, 9.930536009173746e+02, 5.569986143556929e-01, 2.183419194886491e-01
2629, 1.175191083993563e-01, 1.174017873002154e-02, -1.712067073445412e-01, 1.233737300858683e+00, 5.398575357733339e-02, 3.014108999999999e+05, 2.105255235231614e-01, 1.013588002982534e+03, 5.568725158785942e-01, 2.189596052721779e-01
2630, 1.175191084005457e-01, 1.129559391527400e-02, -1.724090267649493e-01, 1.371942196718354e+00, 5.914394672922427e-02, 3.014108999999999e+05, 2.161784620119611e-01, 1.037970065824767e+03, 5.567154735798823e-01, 2.198105517360543e-01
2631, 1.175191084018671e-01, 1.080161078892403e-02, -1.730860788494618e-01, 1.538012631861633e+00, 6.292867279217178e-02, 3.014109000000000e+05, 2.134741005467372e-01, 1.052711225583701e+03, 5.565235718676830e-01, 2.209955967312852e-01
2632, 1.175191084033355e-01, 1.025274064153179e-02, -1.737882298956313e-01, 1.734360440569264e+00, 6.438700557979603e-02, 3.014109000000000e+05, 1.984197604249292e-01, 1.038717206196419e+03, 5.562729477148728e-01, 2.226527343763482e-01
2633, 1.175191084049669e-01, 9.642884910342080e-03, -1.753336005158232e-01, 1.950163476134045e+00, 6.288486969063316e-02, 3.014109000000000e+05, 1.689085314288410e-01, 9.869889527028221e+02, 5.559104675813353e-01, 2.249507113623009e-01
2634, 1.175191084067796e-01, 8.965267441576009e-03, -1.780534120713710e-01, 2.164941942210449e+00, 5.840062850803876e-02, 3.014109000000000e+05, 1.278707191795149e-01, 9.026599400235291e+02, 5.553543884609524e-01, 2.281016120945066e-01
2635, 1.175191084087938e-01, 8.212359140755502e-03, -1.815403933173877e-01, 2.361786521194686e+00, 5.133291711210891e-02, 3.014109000000000e+05, 8.020993436035503e-02, 7.806449863714570e+02, 5.544878882387145e-01, 2.324115674512752e-01
2636, 1.175191084110317e-01, 7.375794363695443e-03, -1.867645271808990e-01, 2.510328928043841e+00, 4.292264589591330e-02, 3.014109000000000e+05, 3.894797619585062e-02, 5.997602563243245e+02, 5.531054124403624e-01, 2.382122129780042e-01
2637, 1.175191084135182e-01, 6.446277949888023e-03, -1.942511104873482e-01, 2.569429755025834e+00, 3.536279863276739e-02, 3.014109000000000e+05, 1.879372883361591e-02, 4.139937306970398e+02, 5.511176494646389e-01, 2.456451881073640e-01
2638, 1.175191084162811e-01, 5.413481932478032e-03, -1.994953618398153e-01, 2.569571872278308e+00, 2.924897100021430e-02, 3.014109000000000e+05, 1.400247070477463e-02, 3.042392517036483e+02, 5.488739680892968e-01, 2.545491261963703e-01
2639, 1.175191084193510e-01, 4.265930802192616e-03, -2.034568234529944e-01, 2.566159220843836e+00, 2.325935915696331e-02, 3.014109000000000e+05, 1.393904392514299e-02, 2.416023006078146e+02, 5.466233780283352e-01, 2.642080855880303e-01
2640, 1.175191084227619e-01, 2.990873997925548e-03, -2.068189711552285e-01, 2.571145711310368e+00, 1.651442238859737e-02, 3.014109000000001e+05, 1.522299029361348e-02, 1.958200190090822e+02, 5.445800895406148e-01, 2.733837675277980e-01
2641, 1.175191084265519e-01, 1.574144211708107e-03, -2.092322107594077e-01, 2.577267671962052e+00, 8.765343675049503e-03, 3.014109000000000e+05, 1.662835679005458e-02, 1.651673484711129e+02, 5.430567969758066e-01, 2.803717293414142e-01
2642, 1.244044151703758e-01, 1.491761752498618e-02, -9.368343431586890e-02, 6.835571251652889e-02, 7.250687161101149e-05, 3.014109000000000e+05, 4.945275036882015e-05, 1.945868440695915e+05, 5.554862406138490e-01, 2.222999125263297e-01
2643, 1.244044151706583e-01, 1.482608144931266e-02, -9.369669753595111e-02, 1.482188722260784e-01, 3.915692069033052e-04, 3.014109000000000e+05, 5.759819296163784e-04, 5.058064343739631e+04, 5.554843184914362e-01, 2.222998301257617e-01
2644, 1.244044151709722e-01, 1.472437470244483e-02, -9.376402606525135e-02, 2.415471704603132e-01, 9.445824077985476e-04, 3.014109000000000e+05, 2.898645396592329e-03, 1.976137117892982e+04, 5.554818955778186e-01, 2.223009552293957e-01
2645, 1.244044151713209e-01, 1.461136720253920e-02, -9.381870088562827e-02, 3.483505967973439e-01, 1.789682136159038e-03, 3.014109000000000e+05, 9.378680556490921e-03, 9.693333334010578e+03, 5.554796532642484e-01, 2.223049080641171e-01
2646, 1.244044151717084e-01, 1.448580330984134e-02, -9.394359884617512e-02, 4.611129039822728e-01, 2.965868729127002e-03, 3.014109000000000e+05, 2.215738208293588e-02, 5.499698206405234e+03, 5.554776219446717e-01, 2.223138458134813e-01
2647, 1.244044151721389e-01, 1.434628787715462e-02, -9.422460909449225e-02, 5.650386538538825e-01, 4.522297279295508e-03, 3.014109000000000e+05, 3.988911012962969e-02, 3.467744715684657e+03, 5.554755913477857e-01, 2.223308117169737e-01
2648, 1.244044151726173e-01, 1.419127073682656e-02, -9.469694180634909e-02, 6.523192608513186e-01, 6.492007758968708e-03, 3.014109000000000e+05, 5.866351399590559e-02, 2.390303447497693e+03, 5.554734137391238e-01, 2.223598343272968e-01
2649, 1.244044151731488e-01, 1.401902946592107e-02, -9.536722195064216e-02, 7.256614858208992e-01, 8.878102552424815e-03, 3.014109000000000e+05, 7.635221262603298e-02, 1.783985328883324e+03, 5.554706398507677e-01, 2.224057362561796e-01
2650, 1.244044151737394e-01, 1.382765027113999e-02, -9.621928609620087e-02, 7.906051762963550e-01, 1.166877448086708e-02, 3.014109000000000e+05, 9.268489512538663e-02, 1.424977892368471e+03, 5.554663038537543e-01, 2.224742058899890e-01
2651, 1.244044151743957e-01, 1.361500671992918e-02, -9.721087169123757e-02, 8.518168919026811e-01, 1.484901041305893e-02, 3.014108999999999e+05, 1.079549940491691e-01, 1.203776464858453e+03, 5.554590717242378e-01, 2.225722329529537e-01
2652, 1.244044151751248e-01, 1.337873611002727e-02, -9.828836069376577e-02, 9.128465042936664e-01, 1.839973018741580e-02, 3.014108999999999e+05, 1.224761421870014e-01, 1.064832498635839e+03, 5.554473261608924e-01, 2.227087279801287e-01
2653, 1.244044151759349e-01, 1.311621321812057e-02, -9.939851988771028e-02, 9.765945209827951e-01, 2.229122122692162e-02, 3.014108999999999e+05, 1.364411203449678e-01, 9.786240594707231e+02, 5.554291691374372e-01, 2.228953564036577e-01
2654, 1.244044151768351e-01, 1.282452111797328e-02, -1.004969196830726e-01, 1.045720966658130e+00, 2.647316524948326e-02, 3.014108999999999e+05, 1.498750752151170e-01, 9.285336988377181e+02, 5.554023750752968e-01, 2.231476800996505e-01
2655, 1.244044151778352e-01, 1.250041877520055e-02, -1.015538284440117e-01, 1.122915385497908e+00, 3.086118811748048e-02, 3.014108999999999e+05, 1.625841940354810e-01, 9.044398951533168e+02, 5.553643290093002e-01, 2.234867411270372e-01
2656, 1.244044151789465e-01, 1.214030506633070e-02, -1.025619743008577e-01, 1.211046459111760e+00, 3.531983094982202e-02, 3.014109000000000e+05, 1.740707926464361e-01, 8.992890621587243e+02, 5.553119226787585e-01, 2.239412498695002e-01
2657, 1.244044151801814e-01, 1.174017873014882e-02, -1.035208414515487e-01, 1.313183843239613e+00, 3.963794177601909e-02, 3.014109000000000e+05, 1.834077240381463e-01, 9.069444290172794e+02, 5.552415812455342e-01, 2.245506912289612e-01
2658, 1.244044151815533e-01, 1.129559391542430e-02, -1.045757556908580e-01, 1.432469423454875e+00, 4.352397875522059e-02, 3.014109000000000e+05, 1.890761144465761e-01, 9.204770679518969e+02, 5.551474987146029e-01, 2.253689073812127e-01
2659, 1.244044151830777e-01, 1.080161078910082e-02, -1.055290784311326e-01, 1.572014657008026e+00, 4.650715791990598e-02, 3.014108999999999e+05, 1.887871103784722e-01, 9.304711678988932e+02, 5.550223695965066e-01, 2.264703670208643e-01
2660, 1.244044151847716e-01, 1.025274064173923e-02, -1.060498355518479e-01, 1.735438464880795e+00, 4.784462727110952e-02, 3.014109000000000e+05, 1.792012585675143e-01, 9.236910317367943e+02, 5.548516254030141e-01, 2.279627181432255e-01
2661, 1.244044151866536e-01, 9.642884910598309e-03, -1.067026992124458e-01, 1.920267370863831e+00, 4.679545982527075e-02, 3.014109000000000e+05, 1.577470339858690e-01, 8.888278146682107e+02, 5.545957842872233e-01, 2.299848826742040e-01
2662, 1.244044151887447e-01, 8.965267441859114e-03, -1.083094563541045e-01, 2.112246516495127e+00, 4.318263402968027e-02, 3.014108999999999e+05, 1.250266632107775e-01, 8.259616211734874e+02, 5.541840641234601e-01, 2.326964951240909e-01
2663, 1.244044151910681e-01, 8.212359141103385e-03, -1.104192392056869e-01, 2.296466283753491e+00, 3.734597154261783e-02, 3.014108999999999e+05, 8.432436582338979e-02, 7.323020541081763e+02, 5.535295875010746e-01, 2.363206032833957e-01
2664, 1.244044151936498e-01, 7.375794364078302e-03, -1.132394783146905e-01, 2.448966979020103e+00, 3.019332973800545e-02, 3.014109000000000e+05, 4.472113503549915e-02, 5.897482515408053e+02, 5.524825504076289e-01, 2.411068024150740e-01
2665, 1.244044151965183e-01, 6.446277950331054e-03, -1.186693045610625e-01, 2.527245273962054e+00, 2.375801466946057e-02, 3.014109000000000e+05, 2.100243760575005e-02, 4.151508755875587e+02, 5.509032648655466e-01, 2.471620148401615e-01
2666, 1.244044151997055e-01, 5.413481932989888e-03, -1.225938679780349e-01, 2.538819963968678e+00, 1.912212108530860e-02, 3.014109000000000e+05, 1.397791672469598e-02, 2.947876653053065e+02, 5.490704310339141e-01, 2.543779680071315e-01
2667, 1.244044152032468e-01, 4.265930802783136e-03, -1.249083052547723e-01, 2.536952600743206e+00, 1.514923928783339e-02, 3.014109000000000e+05, 1.343901792861013e-02, 2.302401209674535e+02, 5.472537336325460e-01, 2.621896210825387e-01
2668, 1.244044152071816e-01, 2.990873998605929e-03, -1.269511928446103e-01, 2.540690116764099e+00, 1.078418135803467e-02, 3.014109000000001e+05, 1.460054876333815e-02, 1.881806345429559e+02, 5.456112807235879e-01, 2.695801980613050e-01
2669, 1.244044152115536e-01, 1.574144212529530e-03, -1.284823662069210e-01, 2.545772769440941e+00, 5.739692711891549e-03, 3.014109000000000e+05, 1.590708867734343e-02, 1.609285809162771e+02, 5.443860579266647e-01, 2.751914935730312e-01
2670, 1.320547559934854e-01, 1.491761752498800e-02, -5.020973538969781e-02, 8.211928086105362e-02, 4.612432587886024e-05, 3.014109000000000e+05, 4.013645014299268e-05, 1.945979814034172e+05, 5.537352535535772e-01, 2.272254401127040e-01
2671, 1.320547559938109e-01, 1.482608144931670e-02, -5.021775887859634e-02, 1.756774456426293e-01, 2.483618353361747e-04, 3.014109000000000e+05, 4.677121520963916e-04, 5.061378520070570e+04, 5.537340617041301e-01, 2.272256155664380e-01
2672, 1.320547559941726e-01, 1.472437470245156e-02, -5.025894691296164e-02, 2.822281922242207e-01, 6.013098143561304e-04, 3.014109000000000e+05, 2.357727966479578e-03, 1.982763961196818e+04, 5.537327477917379e-01, 2.272271328356870e-01
2673, 1.320547559945744e-01, 1.461136720254918e-02, -5.028904320224130e-02, 4.014730260606930e-01, 1.145092681621268e-03, 3.014109000000000e+05, 7.666509434294064e-03, 9.792815310800876e+03, 5.537319787864741e-01, 2.272315738847452e-01
2674, 1.320547559950210e-01, 1.448580330985594e-02, -5.035897981940537e-02, 5.262479064553310e-01, 1.911535666241919e-03, 3.014109000000000e+05, 1.833636726585762e-02, 5.613472424318465e+03, 5.537321010433330e-01, 2.272411224288499e-01
2675, 1.320547559955171e-01, 1.434628787717307e-02, -5.053453070726463e-02, 6.418517816118028e-01, 2.948054881836483e-03, 3.014109000000000e+05, 3.360508671690753e-02, 3.565542459414995e+03, 5.537333675274300e-01, 2.272588352976004e-01
2676, 1.320547559960684e-01, 1.419127073685050e-02, -5.084235767047358e-02, 7.389623999825454e-01, 4.297411015293524e-03, 3.014109000000000e+05, 5.015378882605209e-02, 2.454043130545967e+03, 5.537362344034987e-01, 2.272887751432318e-01
2677, 1.320547559966809e-01, 1.401902946595149e-02, -5.128527846302940e-02, 8.192603766716682e-01, 5.975115557854751e-03, 3.014109000000000e+05, 6.585053575988399e-02, 1.813933695738188e+03, 5.537410409249467e-01, 2.273358393467438e-01
2678, 1.320547559973614e-01, 1.382765027117798e-02, -5.186038797267874e-02, 8.884104173428901e-01, 7.975688871751648e-03, 3.014109000000000e+05, 8.029258428870174e-02, 1.428301384391120e+03, 5.537476497335790e-01, 2.274057197812657e-01
2679, 1.320547559981176e-01, 1.361500671997868e-02, -5.254652755777785e-02, 9.515086077549008e-01, 1.028608983703095e-02, 3.014109000000000e+05, 9.369119057047530e-02, 1.187030528837409e+03, 5.537555498727214e-01, 2.275052349139161e-01
2680, 1.320547559989578e-01, 1.337873611008463e-02, -5.330999688780381e-02, 1.012406752852609e+00, 1.288878732554666e-02, 3.014109000000000e+05, 1.063199192125263e-01, 1.032315728467635e+03, 5.537639752514252e-01, 2.276428465020290e-01
2681, 1.320547559998914e-01, 1.311621321819005e-02, -5.411292863226827e-02, 1.074103667408395e+00, 1.575844397408022e-02, 3.014109000000000e+05, 1.183627188234046e-01, 9.327325770931817e+02, 5.537719409269812e-01, 2.278293463228711e-01
2682, 1.320547560009286e-01, 1.282452111805694e-02, -5.492002406820735e-02, 1.139172866182866e+00, 1.885508891466604e-02, 3.014108999999999e+05, 1.298709405000075e-01, 8.703985397029578e+02, 5.537782050473382e-01, 2.280787705420305e-01
2683, 1.320547560020812e-01, 1.250041877530629e-02, -5.570373957550601e-02, 1.210061091473736e+00, 2.211451744517417e-02, 3.014109000000000e+05, 1.407276721199127e-01, 8.344843238181087e+02, 5.537811682309109e-01, 2.284096280748746e-01
2684, 1.320547560033618e-01, 1.214030506644996e-02, -5.644809652223155e-02, 1.289266608775568e+00, 2.543569336693811e-02, 3.014109000000000e+05, 1.505897213423065e-01, 8.177359913669704e+02, 5.537786959583056e-01, 2.288465492598519e-01
2685, 1.320547560047847e-01, 1.174017873029024e-02, -5.715242083528758e-02, 1.379404880693232e+00, 2.866531429024304e-02, 3.014108999999999e+05, 1.587986297654752e-01, 8.143778205325090e+02, 5.537677842186890e-01, 2.294224715669643e-01
2686, 1.320547560063656e-01, 1.129559391559130e-02, -5.782110300739583e-02, 1.483132995555087e+00, 3.157857283859199e-02, 3.014108999999999e+05, 1.642655480273587e-01, 8.186082805935113e+02, 5.537440466042098e-01, 2.301815463304981e-01
2687, 1.320547560081223e-01, 1.080161078929726e-02, -5.856585699874284e-02, 1.602912902991271e+00, 3.387873525482629e-02, 3.014108999999999e+05, 1.653512881845255e-01, 8.232989955143296e+02, 5.536990081114888e-01, 2.311821634602620e-01
2688, 1.320547560100741e-01, 1.025274064196971e-02, -5.920347406677585e-02, 1.740717894066065e+00, 3.512706928519620e-02, 3.014109000000000e+05, 1.598245289609423e-01, 8.190797745396853e+02, 5.536180442362079e-01, 2.325015881703139e-01
2689, 1.320547560122429e-01, 9.642884910883011e-03, -5.951190163107552e-02, 1.897183378302700e+00, 3.472010261312143e-02, 3.014109000000000e+05, 1.451437892520242e-01, 7.963386182366859e+02, 5.534724448611438e-01, 2.342435542630035e-01
2690, 1.320547560146526e-01, 8.965267442173677e-03, -6.015146508048645e-02, 2.066602027972327e+00, 3.224813982471574e-02, 3.014108999999999e+05, 1.203325670959892e-01, 7.511464052230684e+02, 5.532043875938073e-01, 2.365345596215493e-01
2691, 1.320547560173299e-01, 8.212359141489919e-03, -6.115409052275270e-02, 2.237204286447370e+00, 2.779184826018313e-02, 3.014109000000001e+05, 8.702346668054027e-02, 6.810628957712512e+02, 5.527419789017942e-01, 2.395326101366479e-01
2692, 1.320547560203048e-01, 7.375794364503700e-03, -6.222751649202036e-02, 2.390095654019568e+00, 2.191038021883202e-02, 3.014109000000000e+05, 5.085639489472561e-02, 5.735680064613491e+02, 5.519820164928282e-01, 2.434187151001359e-01
2693, 1.320547560236103e-01, 6.446277950823311e-03, -6.548506338540028e-02, 2.487156742326401e+00, 1.626040556064214e-02, 3.014109000000000e+05, 2.444293289919804e-02, 4.201349591926323e+02, 5.507787973207658e-01, 2.482760505755841e-01
2694, 1.320547560272830e-01, 5.413481933558621e-03, -6.853541655058154e-02, 2.514368195053111e+00, 1.236191936963876e-02, 3.014109000000000e+05, 1.444867564947826e-02, 2.912876980867477e+02, 5.493060718959465e-01, 2.540276364160018e-01
2695, 1.320547560313638e-01, 4.265930803439269e-03, -6.965121373376372e-02, 2.516088896896182e+00, 9.610087328697182e-03, 3.014109000000000e+05, 1.302068547801180e-02, 2.209452552401437e+02, 5.478654737516981e-01, 2.602581493505237e-01
2696, 1.320547560358980e-01, 2.990873999361907e-03, -7.056982375703268e-02, 2.519076349533651e+00, 6.833548533711021e-03, 3.014109000000000e+05, 1.395875572154065e-02, 1.807973298123724e+02, 5.465802955508813e-01, 2.661420099060528e-01
2697, 1.320547560409360e-01, 1.574144213442223e-03, -7.133463386788907e-02, 2.523209423929643e+00, 3.645569249825432e-03, 3.014109000000000e+05, 1.515021377035072e-02, 1.563596497198168e+02, 5.456241347869302e-01, 2.705995992475435e-01
2698, 1.405551347068611e-01, 1.491761752499003e-02, -2.124730127124095e-02, 9.213854350178080e-02, 3.240982265052394e-05, 3.014109000000000e+05, 3.324435312876247e-05, 1.946058403424278e+05, 5.523121678095994e-01, 2.314733057679353e-01
2699, 1.405551347072542e-01, 1.482608144932120e-02, -2.125314111504889e-02, 1.958956245085445e-01, 1.768299095665341e-04, 3.014109000000000e+05, 3.875016213360090e-04, 5.063850499941929e+04, 5.523112901293560e-01, 2.314737593700386e-01
2700, 1.405551347076910e-01, 1.472437470245903e-02, -2.128270112166197e-02, 3.125348304871391e-01, 4.339182810350330e-04, 3.014109000000000e+05, 1.955177028131035e-03, 1.987898203104996e+04, 5.523103239808028e-01, 2.314756271577490e-01
2701, 1.405551347081762e-01, 1.461136720256027e-02, -2.130536102256705e-02, 4.415413540370865e-01, 8.374400341465658e-04, 3.014109000000000e+05, 6.376645944866834e-03, 9.873178437154238e+03, 5.523097611530575e-01, 2.314803241623585e-01
2702, 1.405551347087154e-01, 1.448580330987218e-02, -2.135170238872131e-02, 5.760990934321899e-01, 1.415082001241999e-03, 3.014109000000000e+05, 1.537875341358776e-02, 5.711153825707683e+03, 5.523099316417303e-01, 2.314898360305463e-01
2703, 1.405551347093146e-01, 1.434628787719357e-02, -2.146245293335906e-02, 7.018175392432598e-01, 2.203642126378313e-03, 3.014109000000000e+05, 2.856430667242670e-02, 3.656415747402531e+03, 5.523112278587905e-01, 2.315069760458290e-01
2704, 1.405551347099803e-01, 1.419127073687710e-02, -2.166130175958939e-02, 8.081136761818924e-01, 3.237677231072913e-03, 3.014109000000000e+05, 4.313002261344935e-02, 2.518509026824494e+03, 5.523143716635840e-01, 2.315355380775575e-01
2705, 1.405551347107199e-01, 1.401902946598528e-02, -2.195171921622350e-02, 8.953481493278836e-01, 4.533449057906863e-03, 3.014109000000000e+05, 5.701215472480636e-02, 1.847884475818850e+03, 5.523202579927483e-01, 2.315802130285174e-01
2706, 1.405551347115417e-01, 1.382765027122019e-02, -2.233314485051263e-02, 9.689575122097704e-01, 6.089258809194733e-03, 3.014109000000000e+05, 6.972475786336443e-02, 1.436546776000675e+03, 5.523295760727698e-01, 2.316465066360665e-01
2707, 1.405551347124548e-01, 1.361500672003368e-02, -2.279276667219057e-02, 1.034316669257233e+00, 7.894673915465436e-03, 3.014109000000000e+05, 8.142077465896870e-02, 1.175589441298784e+03, 5.523427855207724e-01, 2.317409464982972e-01
2708, 1.405551347134694e-01, 1.337873611014836e-02, -2.330656118146311e-02, 1.095562772551285e+00, 9.934239628988652e-03, 3.014109000000000e+05, 9.234419424007320e-02, 1.005683216953830e+03, 5.523601980139112e-01, 2.318714778971095e-01
2709, 1.405551347145968e-01, 1.311621321826725e-02, -2.384460736500266e-02, 1.155837250944980e+00, 1.218603773008345e-02, 3.014109000000000e+05, 1.026715500552736e-01, 8.936875712571344e+02, 5.523820242835394e-01, 2.320480088155798e-01
2710, 1.405551347158494e-01, 1.282452111814989e-02, -2.437622093252331e-02, 1.217701501470874e+00, 1.461713000555635e-02, 3.014108999999999e+05, 1.124725399586245e-01, 8.204545597074165e+02, 5.524083557026338e-01, 2.322831280632721e-01
2711, 1.405551347172412e-01, 1.250041877542377e-02, -2.487415374796728e-02, 1.283454526038974e+00, 1.717671807918703e-02, 3.014108999999999e+05, 1.216863335505571e-01, 7.743807674427369e+02, 5.524390660992391e-01, 2.325930437450749e-01
2712, 1.405551347187875e-01, 1.214030506658247e-02, -2.531791869992457e-02, 1.355336258760026e+00, 1.978707076128021e-02, 3.014108999999999e+05, 1.300836909497019e-01, 7.478895562697001e+02, 5.524735959355923e-01, 2.329987961271659e-01
2713, 1.405551347205058e-01, 1.174017873044738e-02, -2.569607318536840e-02, 1.435628816777113e+00, 2.233221286083514e-02, 3.014108999999999e+05, 1.372062975303601e-01, 7.353553820918090e+02, 5.525105350683569e-01, 2.335277965755501e-01
2714, 1.405551347224149e-01, 1.129559391577686e-02, -2.600699811394632e-02, 1.526646096849303e+00, 2.464504414602471e-02, 3.014109000000000e+05, 1.422843864355832e-01, 7.317047393779820e+02, 5.525468397453559e-01, 2.342157242613761e-01
2715, 1.405551347245362e-01, 1.080161078951552e-02, -2.625615153313054e-02, 1.630572089657998e+00, 2.649513651175871e-02, 3.014109000000000e+05, 1.441484385068849e-01, 7.313267880559786e+02, 5.525763970237129e-01, 2.351087642023092e-01
2716, 1.405551347268932e-01, 1.025274064222579e-02, -2.650287704593671e-02, 1.749133533647339e+00, 2.759083798968753e-02, 3.014109000000000e+05, 1.411831784602470e-01, 7.272382807752676e+02, 5.525862727212628e-01, 2.362655647577629e-01
2717, 1.405551347295121e-01, 9.642884911199344e-03, -2.661778103070664e-02, 1.883127610083211e+00, 2.755077751776633e-02, 3.014108999999999e+05, 1.314896160009169e-01, 7.116302673048185e+02, 5.525516240677979e-01, 2.377594954089512e-01
2718, 1.405551347324219e-01, 8.965267442523187e-03, -2.658364018235526e-02, 2.030859144552636e+00, 2.596591258553993e-02, 3.014108999999999e+05, 1.135704450029097e-01, 6.794612729338166e+02, 5.524258845999203e-01, 2.396801956272871e-01
2719, 1.405551347356551e-01, 8.212359141919404e-03, -2.669543416099323e-02, 2.185951777237346e+00, 2.266366196034468e-02, 3.014108999999998e+05, 8.738181150676118e-02, 6.279829549336353e+02, 5.521403187266359e-01, 2.421373432019974e-01
2720, 1.405551347392475e-01, 7.375794364976366e-03, -2.672226253086035e-02, 2.334588269153333e+00, 1.790463558244539e-02, 3.014108999999998e+05, 5.604584026622919e-02, 5.472309696812546e+02, 5.516101492308033e-01, 2.452544523756043e-01
2721, 1.405551347432391e-01, 6.446277951370264e-03, -2.805122394561413e-02, 2.446040312081096e+00, 1.286353087861542e-02, 3.014109000000000e+05, 2.887206301665858e-02, 4.230654670083018e+02, 5.507133284107391e-01, 2.490937904077503e-01
2722, 1.405551347476742e-01, 5.413481934190543e-03, -3.024827097763684e-02, 2.491887146155420e+00, 9.177607348216685e-03, 3.014108999999999e+05, 1.562308808687641e-02, 2.932775224240091e+02, 5.495374440798125e-01, 2.536023149924870e-01
2723, 1.405551347526020e-01, 4.265930804168306e-03, -3.058163085265597e-02, 2.500135135136310e+00, 6.866531666105120e-03, 3.014109000000000e+05, 1.277679767949121e-02, 2.144167814047632e+02, 5.484004618779833e-01, 2.584994073200007e-01
2724, 1.405551347580774e-01, 2.990874000201885e-03, -3.057474238222441e-02, 2.503328499885391e+00, 4.832055608766952e-03, 3.014109000000001e+05, 1.333131745992822e-02, 1.739121671448660e+02, 5.474168742518148e-01, 2.631314259047792e-01
2725, 1.405551347641611e-01, 1.574144214456326e-03, -3.068116061106013e-02, 2.506732399190762e+00, 2.574042298694521e-03, 3.014109000000000e+05, 1.437531168024653e-02, 1.515497631822623e+02, 5.466935777126730e-01, 2.666385120328570e-01
2726, 5.988813090430059e-02, 1.491761752497096e-02, -1.685663071845413e+00, 5.525640921070333e-01, -2.144261640855589e+00, 3.014109000000000e+05, 3.867952280772645e-04, 8.845747923669766e+04, 5.826738149653856e-01, 8.203809662761550e-03
2727, 5.988813090430059e-02, 1.482608144927895e-02, -1.642894687126218e+00, 7.495604872359267e-01, -2.184145763723879e+00, 3.014109000000000e+05, 6.121155248294570e-04, 6.438023572681592e+04, 5.826274089636033e-01, 8.717786789518928e-03
2728, 5.988813090430059e-02, 1.472437470238878e-02, -1.651529506097187e+00, 9.160157575153293e-01, -2.243557538130442e+00, 3.014109000000000e+05, 9.661207426377815e-04, 4.645736079545919e+04, 5.829376387882523e-01, 9.216116609750531e-03
2729, 5.988813090430058e-02, 1.461136720245610e-02, -1.586629288546493e+00, 1.063570037675146e+00, -2.305486329970101e+00, 3.014109000000000e+05, 1.490546114230373e-03, 3.337044851278055e+04, 5.839629935647453e-01, 9.719176493161652e-03
2730, 5.988813090430058e-02, 1.448580330971960e-02, -1.515727407330623e+00, 1.201740064942575e+00, -2.369801825972665e+00, 3.014109000000000e+05, 2.233875843355476e-03, 2.377127165592956e+04, 5.857068233701116e-01, 1.024699132936578e-02
2731, 5.988813090430059e-02, 1.434628787700093e-02, -1.426797740215584e+00, 1.332130907633849e+00, -2.421003005028304e+00, 3.014109000000000e+05, 3.253916714039170e-03, 1.675925775859815e+04, 5.881604106789179e-01, 1.082713664791392e-02
2732, 5.988813090430059e-02, 1.419127073662714e-02, -1.328430883959519e+00, 1.451917382193736e+00, -2.446678468716928e+00, 3.014109000000000e+05, 4.620076983387824e-03, 1.169528238774542e+04, 5.911194516574128e-01, 1.149458967212447e-02
2733, 5.988813090430058e-02, 1.401902946566772e-02, -1.220157906179928e+00, 1.556868647792896e+00, -2.436925559758454e+00, 3.014109000000000e+05, 6.418393348869064e-03, 8.096110899471107e+03, 5.942437150593189e-01, 1.229550831489506e-02
2734, 5.988813090430059e-02, 1.382765027082347e-02, -1.105539388367702e+00, 1.644480037443497e+00, -2.388647743589953e+00, 3.014108999999999e+05, 8.739852223607720e-03, 5.583307056656777e+03, 5.970876687390938e-01, 1.329253074144655e-02
2735, 5.988813090430058e-02, 1.361500671951681e-02, -9.872755734294716e-01, 1.715753853631468e+00, -2.305745995565334e+00, 3.014108999999999e+05, 1.162839620834558e-02, 3.856122746824576e+03, 5.992076621224656e-01, 1.457367315632820e-02
2736, 5.988813090430060e-02, 1.337873610954948e-02, -8.664458919242553e-01, 1.774812159896485e+00, -2.197718123839381e+00, 3.014108999999999e+05, 1.499171862556266e-02, 2.680664573256608e+03, 6.002861527517018e-01, 1.626435070697863e-02
2737, 5.988813090430059e-02, 1.311621321754174e-02, -7.410473009694386e-01, 1.826463101859966e+00, -2.076139305480442e+00, 3.014109000000001e+05, 1.856344962080496e-02, 1.886447436592706e+03, 6.002340949961552e-01, 1.854241700867220e-02
2738, 5.988813090430060e-02, 1.282452111727633e-02, -6.079555383012236e-01, 1.873580667055744e+00, -1.950959901166133e+00, 3.014109000000000e+05, 2.202669409116425e-02, 1.356388270512866e+03, 5.992039877278956e-01, 2.165508048992120e-02
2739, 5.988813090430058e-02, 1.250041877431971e-02, -4.663409725600373e-01, 1.916490350709834e+00, -1.828270403452828e+00, 3.014109000000000e+05, 2.520137771051205e-02, 1.009276182582445e+03, 5.974933399770521e-01, 2.593670779846899e-02
2740, 5.988813090430059e-02, 1.214030506533718e-02, -3.193744335990763e-01, 1.954650873069389e+00, -1.710275323421780e+00, 3.014109000000000e+05, 2.802935152786773e-02, 7.858279267259024e+02, 5.953907364205061e-01, 3.182744620308226e-02
2741, 5.988813090430059e-02, 1.174017872897068e-02, -1.722696518258026e-01, 1.988678208541102e+00, -1.596721977624566e+00, 3.014109000000000e+05, 3.037787034442137e-02, 6.441725165488240e+02, 5.930505342133239e-01, 3.989412224552673e-02
2742, 5.988813090430059e-02, 1.129559391403302e-02, -2.889731131020174e-02, 2.020583654731904e+00, -1.486350237678194e+00, 3.014108999999999e+05, 3.196204635942021e-02, 5.578051186325098e+02, 5.904391510516001e-01, 5.085517369726064e-02
2743, 5.988813090430058e-02, 1.080161078746437e-02, 1.095245856400610e-01, 2.051554898408440e+00, -1.377305229282850e+00, 3.014109000000000e+05, 3.249348594701950e-02, 5.123080208580373e+02, 5.873355238612973e-01, 6.560586722020896e-02
2744, 5.988813090430059e-02, 1.025274063981914e-02, 2.425900302243554e-01, 2.078107988328449e+00, -1.266439242272391e+00, 3.014108999999999e+05, 3.185309283054685e-02, 5.020482203312446e+02, 5.833580539214402e-01, 8.522557578001115e-02
2745, 5.988813090430059e-02, 9.642884908226526e-03, 3.676815610326623e-01, 2.089981657550065e+00, -1.148651735700221e+00, 3.014108999999998e+05, 3.000458891953955e-02, 5.223856673012652e+02, 5.780539038585198e-01, 1.109311675784106e-01
2746, 5.988813090430059e-02, 8.965267439238584e-03, 4.799583672580737e-01, 2.076673004724494e+00, -1.018890489150095e+00, 3.014108999999999e+05, 2.664598873528252e-02, 5.598167277300022e+02, 5.711519317130911e-01, 1.439354574133537e-01
2747, 5.988813090430059e-02, 8.212359137883247e-03, 5.775693593871687e-01, 2.044413527560381e+00, -8.784730246364812e-01, 3.014109000000000e+05, 2.155223460729919e-02, 5.827430698235054e+02, 5.628760692182999e-01, 1.851339328157381e-01
2748, 5.988813090430059e-02, 7.375794360534402e-03, 6.638026551922291e-01, 2.023977559349464e+00, -7.395059164257748e-01, 3.014109000000000e+05, 1.586379037887370e-02, 5.512465313925314e+02, 5.537495810085922e-01, 2.343461345018404e-01
2749, 5.988813090430059e-02, 6.446277946230169e-03, 7.373336235813820e-01, 2.042695409171521e+00, -6.156539409229701e-01, 3.014108999999999e+05, 1.196485363881510e-02, 4.502909311463034e+02, 5.437901770949457e-01, 2.889693086352363e-01
2750, 5.988813090430059e-02, 5.413481928251931e-03, 7.903925950166231e-01, 2.086272859949148e+00, -5.054670617765135e-01, 3.014109000000000e+05, 1.143401623800632e-02, 3.169840020153827e+02, 5.327976677664896e-01, 3.434972225960702e-01
2751, 5.988813090430059e-02, 4.265930797317042e-03, 8.268606319131002e-01, 2.116339569131991e+00, -3.944439553126169e-01, 3.014108999999999e+05, 1.329547453487322e-02, 2.081027744554669e+02, 5.220395905267124e-01, 3.918396905881823e-01
2752, 5.988813090430059e-02, 2.990873992308044e-03, 8.576856619976478e-01, 2.121004167971662e+00, -2.732835135308783e-01, 3.014109000000001e+05, 1.397559892829567e-02, 1.428911698071242e+02, 5.136446544563060e-01, 4.300751147368044e-01
2753, 5.988813090430059e-02, 1.574144204926101e-03, 8.819076615711630e-01, 2.115328432584516e+00, -1.418393644162977e-01, 3.014108999999999e+05, 1.265015448578688e-02, 1.135296991151648e+02, 5.085292857046620e-01, 4.559099847981342e-01
2754, 5.974673368005801e-02, 1.491761752497116e-02, -1.186499723824206e+00, 6.286609663164437e-01, -2.603582340299317e+00, 3.014108999999999e+05, 1.472916555404052e-03, 1.696490686686595e+04, 5.868496607436360e-01, 7.188685261237847e-03
2755, 5.974673368005799e-02, 1.482608144927939e-02, -1.279766345704519e+00, 7.739886887495777e-01, -2.644521051378409e+00, 3.014108999999999e+05, 1.801156093968217e-03, 1.523035765253856e+04, 5.867774702161840e-01, 7.676542234735921e-03
2756, 5.974673368005799e-02, 1.472437470238952e-02, -1.303175693666250e+00, 9.239089832749773e-01, -2.659102039087444e+00, 3.014109000000000e+05, 2.276509396641696e-03, 1.320578292968285e+04, 5.871337970577156e-01, 8.188386957013545e-03
2757, 5.974673368005799e-02, 1.461136720245721e-02, -1.270316431378575e+00, 1.064927000105254e+00, -2.652421826504987e+00, 3.014109000000000e+05, 2.948379728324485e-03, 1.108039873322631e+04, 5.879022230872719e-01, 8.731571491468020e-03
2758, 5.974673368005801e-02, 1.448580330972122e-02, -1.212820281652439e+00, 1.194740832867758e+00, -2.628793095385744e+00, 3.014109000000000e+05, 3.874696632228740e-03, 9.010693854603194e+03, 5.890539109606934e-01, 9.320518736560727e-03
2759, 5.974673368005799e-02, 1.434628787700297e-02, -1.137308791876935e+00, 1.312256029158230e+00, -2.587344727004520e+00, 3.014109000000000e+05, 5.120959865650754e-03, 7.119379671082649e+03, 5.905718596953807e-01, 9.978879059147527e-03
2760, 5.974673368005799e-02, 1.419127073662979e-02, -1.053044360714742e+00, 1.416908453808641e+00, -2.527325342316495e+00, 3.014109000000000e+05, 6.752494946054131e-03, 5.484870416060434e+03, 5.923731352647000e-01, 1.074083448995720e-02
2761, 5.974673368005799e-02, 1.401902946567109e-02, -9.631224783228582e-01, 1.507983141403933e+00, -2.448860159281145e+00, 3.014109000000000e+05, 8.815814085933734e-03, 4.141229613238770e+03, 5.943010521719618e-01, 1.165427102947593e-02
2762, 5.974673368005799e-02, 1.382765027082769e-02, -8.706094942677610e-01, 1.585973051791552e+00, -2.354811675322411e+00, 3.014109000000000e+05, 1.130723492639328e-02, 3.084091697057399e+03, 5.961216534456364e-01, 1.278546340441528e-02
2763, 5.974673368005800e-02, 1.361500671952230e-02, -7.763169976883114e-01, 1.653184018366390e+00, -2.250164928171821e+00, 3.014109000000000e+05, 1.414267614804054e-02, 2.283266139398945e+03, 5.975660748250425e-01, 1.422658691928796e-02
2764, 5.974673368005799e-02, 1.337873610955584e-02, -6.791141503949361e-01, 1.713155838737702e+00, -2.140436235592261e+00, 3.014109000000000e+05, 1.716106497345489e-02, 1.696281483386675e+03, 5.983944855425068e-01, 1.610621690935476e-02
2765, 5.974673368005799e-02, 1.311621321754944e-02, -5.759336500488592e-01, 1.768906511989379e+00, -2.029671171025115e+00, 3.014109000000001e+05, 2.018292466822395e-02, 1.278607628887870e+03, 5.984683021981011e-01, 1.860309978385091e-02
2766, 5.974673368005801e-02, 1.282452111728561e-02, -4.635982128218498e-01, 1.821430669762526e+00, -1.919575259933483e+00, 3.014108999999999e+05, 2.308665337154264e-02, 9.890669136156646e+02, 5.977908238012593e-01, 2.196277461697886e-02
2767, 5.974673368005801e-02, 1.250041877433144e-02, -3.412237561737668e-01, 1.869846340368040e+00, -1.810151320439388e+00, 3.014108999999999e+05, 2.581993554952455e-02, 7.922235417916003e+02, 5.964842935138923e-01, 2.651632308950890e-02
2768, 5.974673368005799e-02, 1.214030506535041e-02, -2.113963221873497e-01, 1.913135120229062e+00, -1.701011747844327e+00, 3.014109000000000e+05, 2.830928991219996e-02, 6.598904734408466e+02, 5.947077391852567e-01, 3.270079319096444e-02
2769, 5.974673368005799e-02, 1.174017872898637e-02, -7.870080676662893e-02, 1.951804522660196e+00, -1.592157801345784e+00, 3.014109000000000e+05, 3.035661839655698e-02, 5.722589617576020e+02, 5.925605610217618e-01, 4.108212907872230e-02
2770, 5.974673368005799e-02, 1.129559391405154e-02, 5.305498604601105e-02, 1.987765821084559e+00, -1.483788096171967e+00, 3.014108999999999e+05, 3.165216063296382e-02, 5.176212516120797e+02, 5.900141823120434e-01, 5.238161107149659e-02
2771, 5.974673368005801e-02, 1.080161078748616e-02, 1.821140675107543e-01, 2.021929817646030e+00, -1.375381487670866e+00, 3.014109000000000e+05, 3.193331072588439e-02, 4.913255066609686e+02, 5.868805003930145e-01, 6.750064677578910e-02
2772, 5.974673368005799e-02, 1.025274063984470e-02, 3.072447217176006e-01, 2.050399157322953e+00, -1.264471077332128e+00, 3.014108999999999e+05, 3.112554234256652e-02, 4.928462456565873e+02, 5.828154747315182e-01, 8.752310763746075e-02
2773, 5.974673368005800e-02, 9.642884908258102e-03, 4.251215360528091e-01, 2.062799479638178e+00, -1.146123673245968e+00, 3.014108999999999e+05, 2.919703626904968e-02, 5.204117450546524e+02, 5.774081758924799e-01, 1.136588529815872e-01
2774, 5.974673368005799e-02, 8.965267439273467e-03, 5.308000948916128e-01, 2.049581052431464e+00, -1.015526783181083e+00, 3.014108999999999e+05, 2.581670719574416e-02, 5.610608991675937e+02, 5.704431216799974e-01, 1.470945905952469e-01
2775, 5.974673368005799e-02, 8.212359137926107e-03, 6.228397007061927e-01, 2.018979373040070e+00, -8.747684263191403e-01, 3.014109000000001e+05, 2.078730240431090e-02, 5.831188575942891e+02, 5.621831773081132e-01, 1.886689879400118e-01
2776, 5.974673368005799e-02, 7.375794360581577e-03, 7.044756851784553e-01, 2.002763802989993e+00, -7.366673618826897e-01, 3.014109000000000e+05, 1.529828617181572e-02, 5.481846740703916e+02, 5.531065146425004e-01, 2.380800768466029e-01
2777, 5.974673368005799e-02, 6.446277946284757e-03, 7.736471343491396e-01, 2.026257444361964e+00, -6.144087495192331e-01, 3.014109000000000e+05, 1.165875134189238e-02, 4.443929898975340e+02, 5.431452264561603e-01, 2.925515047295003e-01
2778, 5.974673368005799e-02, 5.413481928314999e-03, 8.227872408498945e-01, 2.072377204381291e+00, -5.052918140820343e-01, 3.014109000000000e+05, 1.130922951714841e-02, 3.110551761430313e+02, 5.321455451617425e-01, 3.465307242357348e-01
2779, 5.974673368005799e-02, 4.265930797389805e-03, 8.566139988526579e-01, 2.102884440663513e+00, -3.944557832167929e-01, 3.014108999999999e+05, 1.318818417550051e-02, 2.038697070776250e+02, 5.214897528508474e-01, 3.941290636616686e-01
2780, 5.974673368005799e-02, 2.990873992391879e-03, 8.857186487999938e-01, 2.107691957885867e+00, -2.731772165488098e-01, 3.014109000000001e+05, 1.373166749772430e-02, 1.402133629689220e+02, 5.132644361359091e-01, 4.316768012638927e-01
2781, 5.974673368005799e-02, 1.574144205027314e-03, 9.087949207427982e-01, 2.102441211503997e+00, -1.417240738822950e-01, 3.014108999999998e+05, 1.241673805010432e-02, 1.119012118886427e+02, 5.082816270317494e-01, 4.570075371650784e-01
2782, 5.956882081690450e-02, 1.491761752497141e-02, -5.820721398713073e-01, 7.311104307082106e-01, -2.526302373473170e+00, 3.014108999999999e+05, 3.452670458508733e-03, 4.500417448685783e+03, 5.910223315580674e-01, 6.505549538383456e-03
2783, 5.956882081690449e-02, 1.482608144927996e-02, -6.933312535520408e-01, 8.272260416009386e-01, -2.553985861038425e+00, 3.014109000000000e+05, 3.971127647540718e-03, 4.235272398886349e+03, 5.908355603242922e-01, 6.944343245008807e-03
2784, 5.956882081690448e-02, 1.472437470239046e-02, -7.575129407469247e-01, 9.335851773378995e-01, -2.562153615163886e+00, 3.014109000000000e+05, 4.649869881222854e-03, 3.921456207418313e+03, 5.908673268379953e-01, 7.434848097580581e-03
2785, 5.956882081690447e-02, 1.461136720245860e-02, -7.918448704650073e-01, 1.042938954844199e+00, -2.552245926173143e+00, 3.014109000000000e+05, 5.533215387644461e-03, 3.563804126423372e+03, 5.911285895191443e-01, 7.985084277357744e-03
2786, 5.956882081690448e-02, 1.448580330972326e-02, -7.932528933480569e-01, 1.149777805724329e+00, -2.523984524339218e+00, 3.014108999999999e+05, 6.668286246349636e-03, 3.175237274460885e+03, 5.916258201907232e-01, 8.608977921064524e-03
2787, 5.956882081690449e-02, 1.434628787700555e-02, -7.715118890796213e-01, 1.250372292909342e+00, -2.479379394359550e+00, 3.014109000000000e+05, 8.092427957393735e-03, 2.772514429276740e+03, 5.923367810526315e-01, 9.328478460127852e-03
2788, 5.956882081690449e-02, 1.419127073663314e-02, -7.322382566838891e-01, 1.343018054434968e+00, -2.420162765227085e+00, 3.014109000000000e+05, 9.823034659788782e-03, 2.374516119503445e+03, 5.932290852239677e-01, 1.017680057330292e-02
2789, 5.956882081690449e-02, 1.401902946567534e-02, -6.803965992284551e-01, 1.427285186263304e+00, -2.348612279624544e+00, 3.014108999999998e+05, 1.184176836108792e-02, 1.998790204024690e+03, 5.942410931117232e-01, 1.120204760895189e-02
2790, 5.956882081690448e-02, 1.382765027083299e-02, -6.190649184223656e-01, 1.503869462779538e+00, -2.267484247267496e+00, 3.014108999999999e+05, 1.408777872208586e-02, 1.659464370364178e+03, 5.952687163348809e-01, 1.247214764920500e-02
2791, 5.956882081690448e-02, 1.361500671952921e-02, -5.499109800254270e-01, 1.574250030056403e+00, -2.179726945123274e+00, 3.014109000000000e+05, 1.646858635324768e-02, 1.365991434144398e+03, 5.961622720357872e-01, 1.408170010976890e-02
2792, 5.956882081690448e-02, 1.337873610956385e-02, -4.732918081149682e-01, 1.640099900943676e+00, -2.087711015387825e+00, 3.014108999999999e+05, 1.889217643659967e-02, 1.122692708053321e+03, 5.967465557587919e-01, 1.616152059881585e-02
2793, 5.956882081690449e-02, 1.311621321755914e-02, -3.884829278462398e-01, 1.702415695948654e+00, -1.992612684185990e+00, 3.014109000000000e+05, 2.130045020613425e-02, 9.288417763803352e+02, 5.968647700158067e-01, 1.889150765478539e-02
2794, 5.956882081690448e-02, 1.282452111729728e-02, -2.944253859890082e-01, 1.760983132418127e+00, -1.894537609952599e+00, 3.014108999999999e+05, 2.367716937871233e-02, 7.795311462339084e+02, 5.964270152724176e-01, 2.251696103655011e-02
2795, 5.956882081690448e-02, 1.250041877434619e-02, -1.909519443727688e-01, 1.814754736780665e+00, -1.793349886334937e+00, 3.014109000000000e+05, 2.600785913616228e-02, 6.674551477316894e+02, 5.954294475443302e-01, 2.736778263246067e-02
2796, 5.956882081690447e-02, 1.214030506536705e-02, -7.968887451795581e-02, 1.863053507308262e+00, -1.689477244673511e+00, 3.014108999999999e+05, 2.819241865215137e-02, 5.852122479833793e+02, 5.939234718399020e-01, 3.387995522696291e-02
2797, 5.956882081690449e-02, 1.174017872900610e-02, 3.637444555404850e-02, 1.906594941317871e+00, -1.583984044707392e+00, 3.014109000000000e+05, 2.998898346013952e-02, 5.273443562823360e+02, 5.919493470729210e-01, 4.261995048296912e-02
2798, 5.956882081690449e-02, 1.129559391407484e-02, 1.543345885023320e-01, 1.947100302191673e+00, -1.477868418699645e+00, 3.014109000000000e+05, 3.107028867093607e-02, 4.911594239949748e+02, 5.894669903968779e-01, 5.431236754942102e-02
2799, 5.956882081690448e-02, 1.080161078751356e-02, 2.721832469665215e-01, 1.984934508072867e+00, -1.370948735590822e+00, 3.014109000000000e+05, 3.119000674414885e-02, 4.771240269358166e+02, 5.863057056567240e-01, 6.986372577196871e-02
2800, 5.956882081690449e-02, 1.025274063987685e-02, 3.877351574615345e-01, 2.015535462323659e+00, -1.260702586840662e+00, 3.014109000000000e+05, 3.029730244358594e-02, 4.871395792852036e+02, 5.821516080550569e-01, 9.035892158890650e-02
2801, 5.956882081690448e-02, 9.642884908297825e-03, 4.968024199843135e-01, 2.028390548088418e+00, -1.142066458153233e+00, 3.014108999999999e+05, 2.834337862803284e-02, 5.202866120842253e+02, 5.766377887086801e-01, 1.169957835789760e-01
2802, 5.956882081690450e-02, 8.965267439317358e-03, 5.943809159648435e-01, 2.015300548959379e+00, -1.010620882148667e+00, 3.014109000000000e+05, 2.496464957922518e-02, 5.630918350251283e+02, 5.696110868779686e-01, 1.509288034224834e-01
2803, 5.956882081690448e-02, 8.212359137980043e-03, 6.795537249319165e-01, 1.987073667299280e+00, -8.696272453226651e-01, 3.014109000000000e+05, 2.000932552823676e-02, 5.834907907078577e+02, 5.613727825117746e-01, 1.929262806803027e-01
2804, 5.956882081690448e-02, 7.375794360640934e-03, 7.554124380969699e-01, 1.976453078174843e+00, -7.328233390528340e-01, 3.014109000000000e+05, 1.472823098470668e-02, 5.446067862976923e+02, 5.523444358821967e-01, 2.425350860342084e-01
2805, 5.956882081690448e-02, 6.446277946353443e-03, 8.190072270047487e-01, 2.005922066577780e+00, -6.126779977462016e-01, 3.014108999999999e+05, 1.135546246651172e-02, 4.378566232621757e+02, 5.423719871244036e-01, 2.967788737897017e-01
2806, 5.956882081690447e-02, 5.413481928394356e-03, 8.631896376337309e-01, 2.055006677937776e+00, -5.049161654150232e-01, 3.014109000000000e+05, 1.118835737579161e-02, 3.047718582366898e+02, 5.313714529137181e-01, 3.500792139398116e-01
2807, 5.956882081690448e-02, 4.265930797481358e-03, 8.937282210042330e-01, 2.085937417953005e+00, -3.943253169396670e-01, 3.014108999999999e+05, 1.307735286158584e-02, 1.995767868647494e+02, 5.208475133293790e-01, 3.967986765525378e-01
2808, 5.956882081690447e-02, 2.990873992497362e-03, 9.207377002600318e-01, 2.090929177745694e+00, -2.729423653958938e-01, 3.014109000000000e+05, 1.348178723777886e-02, 1.375190203040211e+02, 5.128246757025539e-01, 4.335435646915304e-01
2809, 5.956882081690448e-02, 1.574144205154665e-03, 9.424090386465516e-01, 2.086241868537752e+00, -1.415325695340777e-01, 3.014108999999999e+05, 1.219341451723667e-02, 1.102719510952076e+02, 5.079961177967426e-01, 4.582814267054323e-01
2810, 5.934623182064074e-02, 1.491761752497173e-02, -1.396773706785027e-01, 7.879860960014773e-01, -2.381809856947561e+00, 3.014108999999998e+05, 6.125613931809546e-03, 1.684217204653772e+03, 5.937459091302331e-01, 6.183060828735522e-03
2811, 5.934623182064073e-02, 1.482608144928067e-02, -2.175526793559506e-01, 8.560000401974409e-01, -2.393675890746486e+00, 3.014109000000000e+05, 6.824390309882979e-03, 1.630033271690405e+03, 5.935798779431642e-01, 6.589502994874369e-03
2812, 5.934623182064073e-02, 1.472437470239163e-02, -2.787078778738183e-01, 9.316963921765467e-01, -2.396078750093698e+00, 3.014109000000000e+05, 7.678817150720722e-03, 1.567005822719882e+03, 5.934680496524127e-01, 7.061907792319489e-03
2813, 5.934623182064073e-02, 1.461136720246034e-02, -3.299216986706976e-01, 1.013408173157654e+00, -2.388218523095916e+00, 3.014108999999999e+05, 8.707394158561279e-03, 1.493580207657161e+03, 5.934356967000030e-01, 7.613100465459217e-03
2814, 5.934623182064072e-02, 1.448580330972581e-02, -3.618174363213995e-01, 1.098133930660962e+00, -2.368024948664913e+00, 3.014108999999998e+05, 9.920382840607337e-03, 1.409211285799849e+03, 5.935159606506528e-01, 8.260906922043072e-03
2815, 5.934623182064074e-02, 1.434628787700877e-02, -3.762314355484176e-01, 1.182996847355827e+00, -2.335785360333068e+00, 3.014108999999999e+05, 1.131435612918519e-02, 1.314462550126389e+03, 5.937155555763352e-01, 9.030137120554779e-03
2816, 5.934623182064071e-02, 1.419127073663732e-02, -3.733862981319683e-01, 1.265793775476606e+00, -2.292211570748415e+00, 3.014109000000000e+05, 1.287012385563399e-02, 1.211427094914013e+03, 5.940327382193711e-01, 9.955993958553785e-03
2817, 5.934623182064073e-02, 1.401902946568065e-02, -3.556203127395471e-01, 1.345325653794114e+00, -2.238679686746162e+00, 3.014109000000000e+05, 1.455296586079276e-02, 1.103479479675443e+03, 5.944473957009209e-01, 1.108816901455366e-02
2818, 5.934623182064074e-02, 1.382765027083962e-02, -3.247163434650335e-01, 1.421265756666541e+00, -2.176610464212073e+00, 3.014109000000000e+05, 1.632064520584241e-02, 9.948925478588345e+02, 5.949142584903422e-01, 1.249629558620741e-02
2819, 5.934623182064072e-02, 1.361500671953785e-02, -2.822927695639660e-01, 1.493815614047772e+00, -2.107262984878423e+00, 3.014109000000000e+05, 1.813624681180700e-02, 8.901705781216967e+02, 5.953513167539328e-01, 1.427703409888980e-02
2820, 5.934623182064072e-02, 1.337873610957386e-02, -2.293817003109623e-01, 1.563256426522520e+00, -2.031457219811211e+00, 3.014109000000000e+05, 1.998149181007795e-02, 7.933172373583452e+02, 5.956409052863847e-01, 1.656354412637242e-02
2821, 5.934623182064072e-02, 1.311621321757127e-02, -1.664888471208235e-01, 1.629531810032480e+00, -1.949548013463009e+00, 3.014109000000000e+05, 2.186208938850358e-02, 7.071901305151397e+02, 5.956496037490626e-01, 1.953799332933050e-02
2822, 5.934623182064074e-02, 1.282452111731189e-02, -9.376796578350043e-02, 1.692069625859391e+00, -1.861697110853611e+00, 3.014108999999999e+05, 2.380011950705100e-02, 6.332370443830537e+02, 5.952625833085849e-01, 2.344744010758467e-02
2823, 5.934623182064073e-02, 1.250041877436465e-02, -1.154201704892089e-02, 1.750047470120972e+00, -1.768356983263929e+00, 3.014109000000000e+05, 2.578898046998484e-02, 5.718052347628925e+02, 5.944105422139169e-01, 2.862278153416587e-02
2824, 5.934623182064074e-02, 1.214030506538787e-02, 7.917580682747603e-02, 1.803086596826122e+00, -1.670594831365553e+00, 3.014109000000000e+05, 2.770566117555060e-02, 5.229511832664489e+02, 5.930669600470649e-01, 3.550064693454826e-02
2825, 5.934623182064074e-02, 1.174017872903079e-02, 1.766062668290417e-01, 1.851821733462202e+00, -1.569912888418855e+00, 3.014109000000000e+05, 2.928026492572714e-02, 4.873830475983764e+02, 5.912112268915862e-01, 4.464919648540021e-02
2826, 5.934623182064074e-02, 1.129559391410399e-02, 2.786507240572340e-01, 1.897408604610149e+00, -1.467510739888581e+00, 3.014108999999999e+05, 3.018061370353020e-02, 4.667890667893332e+02, 5.887728822999483e-01, 5.679686946550844e-02
2827, 5.934623182064073e-02, 1.080161078754786e-02, 3.831406858128028e-01, 1.939303255656158e+00, -1.363172632201594e+00, 3.014109000000000e+05, 3.018183019843890e-02, 4.641422281834973e+02, 5.855782183901567e-01, 7.285407583597089e-02
2828, 5.934623182064072e-02, 1.025274063991709e-02, 4.869944026426068e-01, 1.972036813697330e+00, -1.254152289934474e+00, 3.014108999999999e+05, 2.924742253300141e-02, 4.826726840203204e+02, 5.813316604994917e-01, 9.390255730116523e-02
2829, 5.934623182064074e-02, 9.642884908347523e-03, 5.852195363710978e-01, 1.985068380449412e+00, -1.135316491942505e+00, 3.014108999999999e+05, 2.729478056912816e-02, 5.214937153935799e+02, 5.757105168924996e-01, 1.211217993667718e-01
2830, 5.934623182064072e-02, 8.965267439372272e-03, 6.728886379132926e-01, 1.972168213092679e+00, -1.003001940998720e+00, 3.014108999999999e+05, 2.392917594260469e-02, 5.660504633016080e+02, 5.686288216968067e-01, 1.556253973224773e-01
2831, 5.934623182064072e-02, 8.212359138047524e-03, 7.496991145287756e-01, 1.947376741483389e+00, -8.621158019316277e-01, 3.014109000000000e+05, 1.907350680169089e-02, 5.837896862902489e+02, 5.604203973319183e-01, 1.980914104757794e-01
2832, 5.934623182064071e-02, 7.375794360715198e-03, 8.184093403019650e-01, 1.944159670957285e+00, -7.274016003817243e-01, 3.014109000000000e+05, 1.405299507041363e-02, 5.397944006445955e+02, 5.514341326642646e-01, 2.478768995304171e-01
2833, 5.934623182064072e-02, 6.446277946439378e-03, 8.750306925773516e-01, 1.981003998431606e+00, -6.101581443356726e-01, 3.014108999999998e+05, 1.100300480081997e-02, 4.295199229954862e+02, 5.414367135588353e-01, 3.017798691124738e-01
2834, 5.934623182064072e-02, 5.413481928493641e-03, 9.131400419358124e-01, 2.033438379340649e+00, -5.041354412462360e-01, 3.014109000000000e+05, 1.104908303846859e-02, 2.970055483189219e+02, 5.304481506330556e-01, 3.542321123600786e-01
2835, 5.934623182064073e-02, 4.265930797595899e-03, 9.397078233295434e-01, 2.064719326099536e+00, -3.938792822077988e-01, 3.014108999999999e+05, 1.294057267926218e-02, 1.944014169104245e+02, 5.200979243036439e-01, 3.999077663221059e-01
2836, 5.934623182064073e-02, 2.990873992629334e-03, 9.641520709696103e-01, 2.069950149996374e+00, -2.724542114329681e-01, 3.014109000000000e+05, 1.319091999595626e-02, 1.343477601367721e+02, 5.123185200213808e-01, 4.357117828449847e-01
2837, 5.934623182064074e-02, 1.574144205313995e-03, 9.840672972914055e-01, 2.066006186605338e+00, -1.412025670386955e-01, 3.014108999999999e+05, 1.194206005660406e-02, 1.083213222996625e+02, 5.076687268051097e-01, 4.597515382740849e-01
2838, 5.906972122022796e-02, 1.491761752497213e-02, 2.355693791906855e-01, 8.193519142797013e-01, -2.233968424350849e+00, 3.014108999999998e+05, 8.969052614909328e-03, 8.433648333719487e+02, 5.954536454970265e-01, 6.263190794533887e-03
2839, 5.906972122022796e-02, 1.482608144928154e-02, 1.823088768441261e-01, 8.697242748482371e-01, -2.238908152995970e+00, 3.014108999999999e+05, 9.674256694485964e-03, 8.330383864382749e+02, 5.953103926225839e-01, 6.666025127818600e-03
2840, 5.906972122022796e-02, 1.472437470239310e-02, 1.334933731652339e-01, 9.257311406641027e-01, -2.239078048505444e+00, 3.014108999999999e+05, 1.048496922967723e-02, 8.206840444502211e+02, 5.951620047591150e-01, 7.142990294320009e-03
2841, 5.906972122022796e-02, 1.461136720246250e-02, 8.705305892070833e-02, 9.872988508506390e-01, -2.233582560539694e+00, 3.014108999999998e+05, 1.140388873487698e-02, 8.056187659183079e+02, 5.950207328634182e-01, 7.710887260023998e-03
2842, 5.906972122022796e-02, 1.448580330972898e-02, 4.835224607771294e-02, 1.053635876495850e+00, -2.220677713316165e+00, 3.014108999999999e+05, 1.242582175062774e-02, 7.871174086878111e+02, 5.949116562228554e-01, 8.391815447187274e-03
2843, 5.906972122022795e-02, 1.434628787701277e-02, 1.906257383296406e-02, 1.123536957626412e+00, -2.199448263424291e+00, 3.014108999999998e+05, 1.353850024940055e-02, 7.645405335774149e+02, 5.948508245992019e-01, 9.215041863474799e-03
2844, 5.906972122022796e-02, 1.419127073664251e-02, 1.206942459620339e-03, 1.195537128038944e+00, -2.169374759564196e+00, 3.014108999999998e+05, 1.472531578149720e-02, 7.375644355451323e+02, 5.948477388133684e-01, 1.022000593896576e-02
2845, 5.906972122022796e-02, 1.401902946568724e-02, -4.713079830503700e-03, 1.268307534596498e+00, -2.130501178935571e+00, 3.014109000000000e+05, 1.597077838346619e-02, 7.063531805839419e+02, 5.948981914388726e-01, 1.146033024410575e-02
2846, 5.906972122022795e-02, 1.382765027084786e-02, 1.380414719752811e-03, 1.340810593144895e+00, -2.083133818085167e+00, 3.014109000000000e+05, 1.726621687717864e-02, 6.716230545823926e+02, 5.949802702874976e-01, 1.300933098904386e-02
2847, 5.906972122022796e-02, 1.361500671954859e-02, 1.910930738179661e-02, 1.412301923955721e+00, -2.027674626328247e+00, 3.014109000000000e+05, 1.861422807548467e-02, 6.345603999339417e+02, 5.950474019640233e-01, 1.496732381373274e-02
2848, 5.906972122022797e-02, 1.337873610958629e-02, 4.802482329789719e-02, 1.482186875449737e+00, -1.964462647124651e+00, 3.014109000000000e+05, 2.003121206341850e-02, 5.966358989370782e+02, 5.950257749390531e-01, 1.747126347842655e-02
2849, 5.906972122022795e-02, 1.311621321758633e-02, 8.768420717842954e-02, 1.549863278119744e+00, -1.893774510379471e+00, 3.014108999999999e+05, 2.154804096737074e-02, 5.593897026213797e+02, 5.948203155243345e-01, 2.070719356351972e-02
2850, 5.906972122022796e-02, 1.282452111733003e-02, 1.376904490522804e-01, 1.614644604606203e+00, -1.815962170766151e+00, 3.014108999999999e+05, 2.320508912281282e-02, 5.243127311122906e+02, 5.943306700454177e-01, 2.492574251073542e-02
2851, 5.906972122022797e-02, 1.250041877438758e-02, 1.975962713105522e-01, 1.675872571794642e+00, -1.731670961426344e+00, 3.014109000000000e+05, 2.499173555895177e-02, 4.929361241078703e+02, 5.934686663037022e-01, 3.046060391248072e-02
2852, 5.906972122022795e-02, 1.214030506541373e-02, 2.667966638871199e-01, 1.733268713841241e+00, -1.641965521472427e+00, 3.014108999999999e+05, 2.674600236633950e-02, 4.671340991805910e+02, 5.921639435794932e-01, 3.775077455403297e-02
2853, 5.906972122022795e-02, 1.174017872906146e-02, 3.443434994505915e-01, 1.787180018304724e+00, -1.548162412795618e+00, 3.014109000000000e+05, 2.816862129850060e-02, 4.494996467558038e+02, 5.903468658382800e-01, 4.736792747622851e-02
2854, 5.906972122022795e-02, 1.129559391414021e-02, 4.287624770361211e-01, 1.837955056264106e+00, -1.451206113500214e+00, 3.014109000000000e+05, 2.893552071608365e-02, 4.432202746659489e+02, 5.879095408689442e-01, 6.004565423845060e-02
2855, 5.906972122022794e-02, 1.080161078759045e-02, 5.178002269497749e-01, 1.883835698172486e+00, -1.350588186617115e+00, 3.014109000000000e+05, 2.885902177655933e-02, 4.520818482407488e+02, 5.846602977351582e-01, 7.669700140191729e-02
2856, 5.906972122022796e-02, 1.025274063996707e-02, 6.076560040219141e-01, 1.918243364438677e+00, -1.243274821636386e+00, 3.014109000000000e+05, 2.791755881172880e-02, 4.796977114528003e+02, 5.803110434971521e-01, 9.839532853366943e-02
2857, 5.906972122022797e-02, 9.642884908409265e-03, 6.927694661287954e-01, 1.930888222025438e+00, -1.124276474397696e+00, 3.014108999999998e+05, 2.598412343932009e-02, 5.244706365965451e+02, 5.745829298382515e-01, 1.262934790888555e-01
2858, 5.906972122022797e-02, 8.965267439440488e-03, 7.685600367525879e-01, 1.918378962306266e+00, -9.912215183289799e-01, 3.014108999999999e+05, 2.264400482551682e-02, 5.701839642669879e+02, 5.674585204110718e-01, 1.614510036027217e-01
2859, 5.906972122022794e-02, 8.212359138131346e-03, 8.354003499439565e-01, 1.898638864307318e+00, -8.511794856908013e-01, 3.014109000000000e+05, 1.793140344926145e-02, 5.838248209718047e+02, 5.592898035190962e-01, 2.044256694782203e-01
2860, 5.906972122022796e-02, 7.375794360807451e-03, 8.953884627154145e-01, 1.905165343440532e+00, -7.197963842325013e-01, 3.014109000000000e+05, 1.324861669122209e-02, 5.331717652876805e+02, 5.503321359115972e-01, 2.543344746185081e-01
2861, 5.906972122022798e-02, 6.446277946546130e-03, 9.434043671575999e-01, 1.950894028189034e+00, -6.065063020064928e-01, 3.014108999999998e+05, 1.059331533035212e-02, 4.187423145400466e+02, 5.402918040305156e-01, 3.077293288974170e-01
2862, 5.906972122022796e-02, 5.413481928616976e-03, 9.742179915566013e-01, 2.006895312763126e+00, -5.026768979010973e-01, 3.014109000000001e+05, 1.088688488779749e-02, 2.872743799330002e+02, 5.293391849713438e-01, 3.591106390511968e-01
2863, 5.906972122022796e-02, 4.265930797738189e-03, 9.960917622372620e-01, 2.038353758324003e+00, -3.928774387930214e-01, 3.014108999999999e+05, 1.276495275921051e-02, 1.880030474648617e+02, 5.192215179738617e-01, 4.035357266693900e-01
2864, 5.906972122022796e-02, 2.990873992793278e-03, 1.017426048335616e+00, 2.043906526699598e+00, -2.715422536880097e-01, 3.014109000000000e+05, 1.284011457982787e-02, 1.304503195892271e+02, 5.117370417558663e-01, 4.382290601925203e-01
2865, 5.906972122022797e-02, 1.574144205511923e-03, 1.035142859154812e+00, 2.040939890832551e+00, -1.406502360826390e-01, 3.014108999999999e+05, 1.164408119431003e-02, 1.059054783289191e+02, 5.072939669848664e-01, 4.614433587648817e-01
2866, 5.872924497788381e-02, 1.491761752497262e-02, 5.699586181248709e-01, 8.367296820321107e-01, -2.084488769163942e+00, 3.014108999999999e+05, 1.068899964447263e-02, 5.114498943233986e+02, 5.965035801797308e-01, 6.800407316276839e-03
2867, 5.872924497788379e-02, 1.482608144928263e-02, 5.321322712561132e-01, 8.752321853897631e-01, -2.086328013071196e+00, 3.014109000000000e+05, 1.116285657411168e-02, 5.118067711646059e+02, 5.963673968606464e-01, 7.229732835768780e-03
2868, 5.872924497788379e-02, 1.472437470239489e-02, 4.950175258727584e-01, 9.181394953469378e-01, -2.085463781056302e+00, 3.014108999999999e+05, 1.169363024380702e-02, 5.118288234849119e+02, 5.962106388945277e-01, 7.740833981269848e-03
2869, 5.872924497788379e-02, 1.461136720246517e-02, 4.578159440442696e-01, 9.656422660336254e-01, -2.081302239131721e+00, 3.014108999999999e+05, 1.228702523296751e-02, 5.112641053661573e+02, 5.960348174822500e-01, 8.353278170703079e-03
2870, 5.872924497788379e-02, 1.448580330973288e-02, 4.228593240156403e-01, 1.017772028799084e+00, -2.072722050955254e+00, 3.014108999999999e+05, 1.294961386845367e-02, 5.098052079730796e+02, 5.958502146545336e-01, 9.092541043441661e-03
2871, 5.872924497788379e-02, 1.434628787701769e-02, 3.917079946304668e-01, 1.074320887510143e+00, -2.058697434557042e+00, 3.014108999999999e+05, 1.368775435425037e-02, 5.070772253384831e+02, 5.956662910825107e-01, 9.991971147827777e-03
2872, 5.872924497788379e-02, 1.419127073664890e-02, 3.663040854089575e-01, 1.134763463085990e+00, -2.038258428916731e+00, 3.014109000000000e+05, 1.450767428086581e-02, 5.026916273635512e+02, 5.954903074332693e-01, 1.109565863867499e-02
2873, 5.872924497788379e-02, 1.401902946569536e-02, 3.481749176120392e-01, 1.198326902062641e+00, -2.010666446072430e+00, 3.014109000000000e+05, 1.541560138364257e-02, 4.963304937349760e+02, 5.953216092920580e-01, 1.246233215757452e-02
2874, 5.872924497788379e-02, 1.382765027085800e-02, 3.385143301812419e-01, 1.264092668403983e+00, -1.975425068973956e+00, 3.014109000000000e+05, 1.641908392237640e-02, 4.878373488859723e+02, 5.951475059252624e-01, 1.417072664725193e-02
2875, 5.872924497788379e-02, 1.361500671956180e-02, 3.380850869622402e-01, 1.331104632040266e+00, -1.932272071524065e+00, 3.014109000000000e+05, 1.752985882600363e-02, 4.772866047693544e+02, 5.949389675745130e-01, 1.632681810756255e-02
2876, 5.872924497788378e-02, 1.337873610960161e-02, 3.473241499554297e-01, 1.398431196173339e+00, -1.881136370793450e+00, 3.014109000000000e+05, 1.876883400982811e-02, 4.650214062475889e+02, 5.946483086395942e-01, 1.907340341316641e-02
2877, 5.872924497788379e-02, 1.311621321760489e-02, 3.664061997496983e-01, 1.465196032212378e+00, -1.822121951525169e+00, 3.014108999999999e+05, 2.017243536339872e-02, 4.516748352480966e+02, 5.942100834816842e-01, 2.260239873858390e-02
2878, 5.872924497788379e-02, 1.282452111735237e-02, 3.953290799304764e-01, 1.530590979610352e+00, -1.755532907783643e+00, 3.014109000000000e+05, 2.179127572641517e-02, 4.382149427880294e+02, 5.935462771627690e-01, 2.716993891306761e-02
2879, 5.872924497788379e-02, 1.250041877441581e-02, 4.339854636563472e-01, 1.593931505494993e+00, -1.681923571603164e+00, 3.014109000000000e+05, 2.358161881398376e-02, 4.260609538667775e+02, 5.925732798372186e-01, 3.311449400904929e-02
2880, 5.872924497788379e-02, 1.214030506544557e-02, 4.822593500133497e-01, 1.654843116575044e+00, -1.602107746583074e+00, 3.014109000000000e+05, 2.530350760596978e-02, 4.172793987639107e+02, 5.912050135846418e-01, 4.087975394256003e-02
2881, 5.872924497788379e-02, 1.174017872909922e-02, 5.398542106012062e-01, 1.713252908493814e+00, -1.516985363895954e+00, 3.014109000000000e+05, 2.664098502877122e-02, 4.147732244821523e+02, 5.893428479336302e-01, 5.104376690104049e-02
2882, 5.872924497788379e-02, 1.129559391418480e-02, 6.057695619951454e-01, 1.768540721783025e+00, -1.426989312841690e+00, 3.014109000000000e+05, 2.731135144726663e-02, 4.218826565165469e+02, 5.868477677664788e-01, 6.434716590298939e-02
2883, 5.872924497788379e-02, 1.080161078764291e-02, 6.777095925294453e-01, 1.817497625214068e+00, -1.331069854218156e+00, 3.014109000000000e+05, 2.718985922652310e-02, 4.423493117162895e+02, 5.835066363714227e-01, 8.170358058356525e-02
2884, 5.872924497788377e-02, 1.025274064002862e-02, 7.514140947599225e-01, 1.852379238017325e+00, -1.225821686170327e+00, 3.014108999999999e+05, 2.626858687389209e-02, 4.794739862759173e+02, 5.790353325599447e-01, 1.041710462676087e-01
2885, 5.872924497788379e-02, 9.642884908485286e-03, 8.211860024648636e-01, 1.863746737529657e+00, -1.106719672061867e+00, 3.014109000000000e+05, 2.436464018254573e-02, 5.301110493381987e+02, 5.732006957401521e-01, 1.328647524840374e-01
2886, 5.872924497788379e-02, 8.965267439524484e-03, 8.831975363213392e-01, 1.852195550373646e+00, -9.733927066360036e-01, 3.014109000000000e+05, 2.106630463637175e-02, 5.757668602495033e+02, 5.660497168685585e-01, 1.687698740244849e-01
2887, 5.872924497788377e-02, 8.212359138234562e-03, 9.384666778478958e-01, 1.839949380619983e+00, -8.355575045321275e-01, 3.014109000000001e+05, 1.656088832473246e-02, 5.832118137848117e+02, 5.579271148575646e-01, 2.122784396768010e-01
2888, 5.872924497788379e-02, 7.375794360921045e-03, 9.879692805325689e-01, 1.859114246323445e+00, -7.093242160893026e-01, 3.014109000000000e+05, 1.231294294004468e-02, 5.239752442376605e+02, 5.489730305070513e-01, 2.622045290595468e-01
2889, 5.872924497788380e-02, 6.446277946677577e-03, 1.025563350994568e+00, 1.915137423947727e+00, -6.012916526059771e-01, 3.014108999999998e+05, 1.013092922236636e-02, 4.048422949189263e+02, 5.388716997889380e-01, 3.148485298932185e-01
2890, 5.872924497788379e-02, 5.413481928768843e-03, 1.047854263970801e+00, 1.974581525938220e+00, -5.001438562109037e-01, 3.014109000000000e+05, 1.070162886893897e-02, 2.751720174686057e+02, 5.279990811474855e-01, 3.648677976448242e-01
2891, 5.872924497788377e-02, 4.265930797913394e-03, 1.064321356439615e+00, 2.005912455872001e+00, -3.909692615985759e-01, 3.014108999999998e+05, 1.253724614597022e-02, 1.801465823403913e+02, 5.181952590875266e-01, 4.077827142575288e-01
2892, 5.872924497788381e-02, 2.990873992995146e-03, 1.081935073807729e+00, 2.011918770892648e+00, -2.699661164860813e-01, 3.014109000000000e+05, 1.241838331073849e-02, 1.256896334367613e+02, 5.110692647964651e-01, 4.411543843170270e-01
2893, 5.872924497788381e-02, 1.574144205755638e-03, 1.096926439986247e+00, 2.010226397451745e+00, -1.397595386307711e-01, 3.014108999999998e+05, 1.128960242964868e-02, 1.029238430467185e+02, 5.068645052285368e-01, 4.633876762641525e-01
2894, 5.831453267769768e-02, 1.491761752497321e-02, 8.724935265136717e-01, 8.444666658365654e-01, -1.936167402868763e+00, 3.014109000000000e+05, 1.112128466887973e-02, 3.455925450793263e+02, 5.970796434795749e-01, 7.872063585312535e-03
2895, 5.831453267769769e-02, 1.482608144928394e-02, 8.453985468806415e-01, 8.747172082020161e-01, -1.936243163931912e+00, 3.014109000000000e+05, 1.144219794718713e-02, 3.486221019085021e+02, 5.969413025634557e-01, 8.357805049053788e-03
2896, 5.831453267769769e-02, 1.472437470239708e-02, 8.178816976441178e-01, 9.084903622859606e-01, -1.934616241692814e+00, 3.014109000000000e+05, 1.180414162891403e-02, 3.518404190574051e+02, 5.967775576979442e-01, 8.935370202093302e-03
2897, 5.831453267769767e-02, 1.461136720246841e-02, 7.894443458302201e-01, 9.460319682594333e-01, -1.930904381632629e+00, 3.014109000000000e+05, 1.221271296999796e-02, 3.551697669153095e+02, 5.965846323661772e-01, 9.626694520910578e-03
2898, 5.831453267769770e-02, 1.448580330973764e-02, 7.611320589569884e-01, 9.875627931304229e-01, -1.924409437219438e+00, 3.014109000000000e+05, 1.267495281640153e-02, 3.585121740138641e+02, 5.963629195508495e-01, 1.046018066172843e-02
2899, 5.831453267769768e-02, 1.434628787702370e-02, 7.337755609446958e-01, 1.033227505667792e+00, -1.914374888907049e+00, 3.014109000000000e+05, 1.319925341431986e-02, 3.617280245470772e+02, 5.961129739344405e-01, 1.147281031591660e-02
2900, 5.831453267769770e-02, 1.419127073665668e-02, 7.085835754076600e-01, 1.083022879849775e+00, -1.899944593210430e+00, 3.014109000000000e+05, 1.379593834291060e-02, 3.646378001201210e+02, 5.958350361419461e-01, 1.271309229621397e-02
2901, 5.831453267769768e-02, 1.401902946570525e-02, 6.868529055493156e-01, 1.136742419086432e+00, -1.880256889158215e+00, 3.014109000000000e+05, 1.447790998511003e-02, 3.670373207003285e+02, 5.955258439583678e-01, 1.424502471429093e-02
2902, 5.831453267769768e-02, 1.382765027087036e-02, 6.699024382635380e-01, 1.193956898440031e+00, -1.854513761519342e+00, 3.014109000000000e+05, 1.526188638236961e-02, 3.687379396785997e+02, 5.951753976663050e-01, 1.615345495208463e-02
2903, 5.831453267769770e-02, 1.361500671957790e-02, 6.589283625772703e-01, 1.254041137105670e+00, -1.822052628953036e+00, 3.014109000000000e+05, 1.617050584351129e-02, 3.696288815036925e+02, 5.947634593056251e-01, 1.855124186972434e-02
2904, 5.831453267769769e-02, 1.337873610962026e-02, 6.549279447539131e-01, 1.316234667213536e+00, -1.782395181292680e+00, 3.014109000000000e+05, 1.723557835640265e-02, 3.697579837903034e+02, 5.942568565059506e-01, 2.158867374414125e-02
2905, 5.831453267769768e-02, 1.311621321762748e-02, 6.586606580909842e-01, 1.379718598958129e+00, -1.735278275704028e+00, 3.014108999999999e+05, 1.850155603630758e-02, 3.694281554787266e+02, 5.936081001942138e-01, 2.546550801830810e-02
2906, 5.831453267769768e-02, 1.282452111737958e-02, 6.706619622554502e-01, 1.443681676279093e+00, -1.680670803101157e+00, 3.014109000000000e+05, 2.002280278778650e-02, 3.693130301169044e+02, 5.927556002712755e-01, 3.044575515751212e-02
2907, 5.831453267769768e-02, 1.250041877445020e-02, 6.913546944663432e-01, 1.507368456618656e+00, -1.618784875770713e+00, 3.014109000000000e+05, 2.181632867919873e-02, 3.706082014848499e+02, 5.916250236305902e-01, 3.687525035590889e-02
2908, 5.831453267769770e-02, 1.214030506548436e-02, 7.211897558970749e-01, 1.570183399531894e+00, -1.550022511623494e+00, 3.014108999999999e+05, 2.353372330387911e-02, 3.752136602478520e+02, 5.901284176104146e-01, 4.520552406607256e-02
2909, 5.831453267769768e-02, 1.174017872914521e-02, 7.603623457629546e-01, 1.631487780358299e+00, -1.474728979954487e+00, 3.014108999999999e+05, 2.476713845058362e-02, 3.858540749139223e+02, 5.881534341262921e-01, 5.602489957823008e-02
2910, 5.831453267769767e-02, 1.129559391423912e-02, 8.081449983938532e-01, 1.689509016424449e+00, -1.392624256894286e+00, 3.014109000000000e+05, 2.532745195308484e-02, 4.054220492963005e+02, 5.855407001166568e-01, 7.008233756891409e-02
2911, 5.831453267769769e-02, 1.080161078770680e-02, 8.622089860198612e-01, 1.739431608790668e+00, -1.301887086716629e+00, 3.014108999999999e+05, 2.516977233583447e-02, 4.373206081154832e+02, 5.820617678883290e-01, 8.828746025600114e-02
2912, 5.831453267769768e-02, 1.025274064010358e-02, 9.181868330776825e-01, 1.772625662707656e+00, -1.198742737559979e+00, 3.014108999999999e+05, 2.427936879351975e-02, 4.839418234179032e+02, 5.774427345129322e-01, 1.116732791812134e-01
2913, 5.831453267769769e-02, 9.642884908577887e-03, 9.708597944175097e-01, 1.781641802217445e+00, -1.079674985631620e+00, 3.014108999999999e+05, 2.240281351206327e-02, 5.395775480292266e+02, 5.715014926112879e-01, 1.413021426486685e-01
2914, 5.831453267769768e-02, 8.965267439626796e-03, 1.017612763702248e+00, 1.772420026865551e+00, -9.471791652907958e-01, 3.014109000000000e+05, 1.917102620082285e-02, 5.829457792730267e+02, 5.643380404023745e-01, 1.780527028600194e-01
2915, 5.831453267769768e-02, 8.212359138360286e-03, 1.059879526765884e+00, 1.771235619945690e+00, -8.138516668644880e-01, 3.014109000000001e+05, 1.496317840578798e-02, 5.812247469601554e+02, 5.562541836244410e-01, 2.220843496569639e-01
2916, 5.831453267769769e-02, 7.375794361059404e-03, 1.097004470091095e+00, 1.806319672664900e+00, -6.952631438915964e-01, 3.014108999999999e+05, 1.126323894941620e-02, 5.111423095352368e+02, 5.472633055007812e-01, 2.718374421731256e-01
2917, 5.831453267769769e-02, 6.446277946837683e-03, 1.122337720556278e+00, 1.873547283699572e+00, -5.939652091607783e-01, 3.014108999999999e+05, 9.630670215153686e-03, 3.870413987169882e+02, 5.370934530882087e-01, 3.233882181546299e-01
2918, 5.831453267769767e-02, 5.413481928953822e-03, 1.135060155555660e+00, 1.935746540411377e+00, -4.959625090207248e-01, 3.014109000000000e+05, 1.049503113096724e-02, 2.603157265406208e+02, 5.263782019065786e-01, 3.716748704997806e-01
2919, 5.831453267769771e-02, 4.265930798126804e-03, 1.145496744164695e+00, 1.966503667813897e+00, -3.876556986706844e-01, 3.014108999999999e+05, 1.224017475847556e-02, 1.706398447050816e+02, 5.169962917575278e-01, 4.127601666600925e-01
2920, 5.831453267769766e-02, 2.990873993241027e-03, 1.158734251905353e+00, 1.973174404191085e+00, -2.673949942227589e-01, 3.014109000000000e+05, 1.191843193289697e-02, 1.199821171926405e+02, 5.103036088840549e-01, 4.445515504569447e-01
2921, 5.831453267769768e-02, 1.574144206052491e-03, 1.170407890022723e+00, 1.973117186970820e+00, -1.383732385627930e-01, 3.014108999999999e+05, 1.087382475077738e-02, 9.928556461072245e+01, 5.063716422711441e-01, 4.656160241559225e-01
2922, 5.781602620648808e-02, 1.491761752497393e-02, 1.147307336715171e+00, 8.443749314630484e-01, -1.792972296925406e+00, 3.014108999999999e+05, 1.102246295075068e-02, 2.511754575532746e+02, 5.972370334939684e-01, 9.591980944937678e-03
2923, 5.781602620648808e-02, 1.482608144928552e-02, 1.128011249097186e+00, 8.686845502171053e-01, -1.791982527083325e+00, 3.014108999999998e+05, 1.125847145191019e-02, 2.546918466791213e+02, 5.970864332754486e-01, 1.016528435953650e-02
2924, 5.781602620648807e-02, 1.472437470239971e-02, 1.107998469086908e+00, 8.958440938290043e-01, -1.789828613725732e+00, 3.014108999999999e+05, 1.152751103499545e-02, 2.585664340285908e+02, 5.969075630618300e-01, 1.084430801371883e-02
2925, 5.781602620648807e-02, 1.461136720247231e-02, 1.086912699880775e+00, 9.261093317460937e-01, -1.786250056715414e+00, 3.014108999999999e+05, 1.183513813945600e-02, 2.628023494653569e+02, 5.966944136284863e-01, 1.165362995962851e-02
2926, 5.781602620648807e-02, 1.448580330974335e-02, 1.065252514249595e+00, 9.597342613366626e-01, -1.780793954515149e+00, 3.014109000000000e+05, 1.218847375042221e-02, 2.674001140825298e+02, 5.964423354245013e-01, 1.262483820080096e-02
2927, 5.781602620648808e-02, 1.434628787703091e-02, 1.043400493544210e+00, 9.969541570981301e-01, -1.772945716518143e+00, 3.014109000000001e+05, 1.259644649136367e-02, 2.723491178481130e+02, 5.961459497831338e-01, 1.379876783255989e-02
2928, 5.781602620648806e-02, 1.419127073666604e-02, 1.021981390171857e+00, 1.037954868892534e+00, -1.762084390447407e+00, 3.014109000000000e+05, 1.307053214495523e-02, 2.776277325161958e+02, 5.957992266805731e-01, 1.522856565317255e-02
2929, 5.781602620648808e-02, 1.401902946571715e-02, 1.001771295144865e+00, 1.082830993959474e+00, -1.747510037695860e+00, 3.014109000000000e+05, 1.362567868774991e-02, 2.832061596646249e+02, 5.953941323628915e-01, 1.698377979932869e-02
2930, 5.781602620648808e-02, 1.382765027088522e-02, 9.837032318883945e-01, 1.131541121502256e+00, -1.728473820237761e+00, 3.014109000000000e+05, 1.428165878481420e-02, 2.890620079377284e+02, 5.949188780938683e-01, 1.915581714762934e-02
2931, 5.781602620648807e-02, 1.361500671959726e-02, 9.687995997878237e-01, 1.183876653094687e+00, -1.704230847104747e+00, 3.014109000000000e+05, 1.506488001028884e-02, 2.952155433894372e+02, 5.943555076561072e-01, 2.186514176371475e-02
2932, 5.781602620648807e-02, 1.337873610964268e-02, 9.580989848421303e-01, 1.239458087329488e+00, -1.674098771982235e+00, 3.014108999999999e+05, 1.601027951100472e-02, 3.017919628142985e+02, 5.936772953371967e-01, 2.527062476265171e-02
2933, 5.781602620648807e-02, 1.311621321765465e-02, 9.525864372319395e-01, 1.297761431285665e+00, -1.637511900149359e+00, 3.014108999999999e+05, 1.716119219832034e-02, 3.091141367668916e+02, 5.928463027818843e-01, 2.958140395853152e-02
2934, 5.781602620648808e-02, 1.282452111741229e-02, 9.531521026276177e-01, 1.358157061432600e+00, -1.594057019418587e+00, 3.014109000000000e+05, 1.855974439152167e-02, 3.178235609019267e+02, 5.918112190823744e-01, 3.507146332364025e-02
2935, 5.781602620648810e-02, 1.250041877449154e-02, 9.606813182010003e-01, 1.419929345993955e+00, -1.543488831731652e+00, 3.014108999999999e+05, 2.018932171853223e-02, 3.290301366961422e+02, 5.905057766131118e-01, 4.209735111130916e-02
2936, 5.781602620648807e-02, 1.214030506553099e-02, 9.760743703809175e-01, 1.482257853812709e+00, -1.485644816918882e+00, 3.014108999999998e+05, 2.167280173389246e-02, 3.444746648650449e+02, 5.888441524439609e-01, 5.112351010916955e-02
2937, 5.781602620648809e-02, 1.174017872920051e-02, 9.997574694441195e-01, 1.543786542029437e+00, -1.420133971850942e+00, 3.014108999999999e+05, 2.265001899380303e-02, 3.665499412822632e+02, 5.867075351603219e-01, 6.275221996832581e-02
2938, 5.781602620648808e-02, 1.129559391430442e-02, 1.031028821898674e+00, 1.601394945673691e+00, -1.345740193416438e+00, 3.014109000000000e+05, 2.303271908922793e-02, 3.974242950153259e+02, 5.839247906589203e-01, 7.773802760795684e-02
2939, 5.781602620648809e-02, 1.080161078778360e-02, 1.067550268096094e+00, 1.648736448757023e+00, -1.259718437751400e+00, 3.014109000000000e+05, 2.282441176487413e-02, 4.402366107342500e+02, 5.802621782912530e-01, 9.697754125540921e-02
2940, 5.781602620648808e-02, 1.025274064019369e-02, 1.105265043525609e+00, 1.677223517535992e+00, -1.158209319060441e+00, 3.014108999999998e+05, 2.195305845220243e-02, 4.955872076730209e+02, 5.754680900664076e-01, 1.214652453393049e-01
2941, 5.781602620648809e-02, 9.642884908689196e-03, 1.140099948651113e+00, 1.683231875270769e+00, -1.039611103521644e+00, 3.014109000000000e+05, 2.008852620166972e-02, 5.540476140167218e+02, 5.694167386873470e-01, 1.521878653128079e-01
2942, 5.781602620648807e-02, 8.965267439749779e-03, 1.170943026541444e+00, 1.679239531756618e+00, -9.101448101610045e-01, 3.014109000000000e+05, 1.696699652147941e-02, 5.914455056123028e+02, 5.622404512847745e-01, 1.898656181573658e-01
2943, 5.781602620648807e-02, 8.212359138511410e-03, 1.199097263052884e+00, 1.693966932472610e+00, -7.848576763249507e-01, 3.014109000000001e+05, 1.317691733974970e-02, 5.765708046264119e+02, 5.541601689466066e-01, 2.343327734336770e-01
2944, 5.781602620648808e-02, 7.375794361225723e-03, 1.221976285764949e+00, 1.748076522505510e+00, -6.770000139900126e-01, 3.014108999999998e+05, 1.014275763854352e-02, 4.932522014639883e+02, 5.450799449795171e-01, 2.835946743657067e-01
2945, 5.781602620648808e-02, 6.446277947030140e-03, 1.233518028882437e+00, 1.826287853292014e+00, -5.838568729192297e-01, 3.014108999999998e+05, 9.118895395112556e-03, 3.645302913475184e+02, 5.348659432165287e-01, 3.335891866207790e-01
2946, 5.781602620648806e-02, 5.413481929176178e-03, 1.236070528183050e+00, 1.889781145238121e+00, -4.893508384184498e-01, 3.014108999999999e+05, 1.026916213156157e-02, 2.424104892208487e+02, 5.244341083310901e-01, 3.796911057075600e-01
2947, 5.781602620648808e-02, 4.265930798383331e-03, 1.240029742250227e+00, 1.919424799537151e+00, -3.822784184250899e-01, 3.014108999999998e+05, 1.185029828593993e-02, 1.593496008547393e+02, 5.156089777296065e-01, 4.185685089150328e-01
2948, 5.781602620648806e-02, 2.990873993536591e-03, 1.248231657229835e+00, 1.927087091723094e+00, -2.634075410983358e-01, 3.014109000000000e+05, 1.133725815010585e-02, 1.132536786687812e+02, 5.094310724225992e-01, 4.484736155676515e-01
2949, 5.781602620648809e-02, 1.574144206409325e-03, 1.255972654343297e+00, 1.929072853619886e+00, -1.362933760287042e-01, 3.014108999999998e+05, 1.039680389959515e-02, 9.491843842987389e+01, 5.058069959493867e-01, 4.681507259919283e-01
2950, 5.722622109990660e-02, 1.491761752497477e-02, 1.397718846036904e+00, 8.376235490425440e-01, -1.658162067308139e+00, 3.014109000000000e+05, 1.072148282932935e-02, 1.954883655684728e+02, 5.970034374666245e-01, 1.212685017705583e-02
2951, 5.722622109990660e-02, 1.482608144928740e-02, 1.384167915266756e+00, 8.575412618515224e-01, -1.656510493454223e+00, 3.014109000000000e+05, 1.091430141336827e-02, 1.989812320857245e+02, 5.968299335300918e-01, 1.282272981011316e-02
2952, 5.722622109990660e-02, 1.472437470240283e-02, 1.369915936636987e+00, 8.797972851062700e-01, -1.654003666423906e+00, 3.014109000000000e+05, 1.113616271054147e-02, 2.029028149803478e+02, 5.966250301020483e-01, 1.364305402115114e-02
2953, 5.722622109990659e-02, 1.461136720247693e-02, 1.354714256203566e+00, 9.046304669975318e-01, -1.650455789470679e+00, 3.014109000000000e+05, 1.139255364727390e-02, 2.073006470569890e+02, 5.963817707931187e-01, 1.461570127630430e-02
2954, 5.722622109990660e-02, 1.448580330975011e-02, 1.338798133362395e+00, 9.322897632980761e-01, -1.645559869314027e+00, 3.014109000000001e+05, 1.169052563686350e-02, 2.122319001450104e+02, 5.960931209068340e-01, 1.577618159863279e-02
2955, 5.722622109990659e-02, 1.434628787703944e-02, 1.322336436711677e+00, 9.630258792896127e-01, -1.638959079013923e+00, 3.014108999999999e+05, 1.203904759545257e-02, 2.177626132472416e+02, 5.957506090199183e-01, 1.716999062190545e-02
2956, 5.722622109990660e-02, 1.419127073667712e-02, 1.305631189185076e+00, 9.970779816504856e-01, -1.630215628221401e+00, 3.014109000000000e+05, 1.244969441645426e-02, 2.239729629142080e+02, 5.953443296557289e-01, 1.885578829955401e-02
2957, 5.722622109990660e-02, 1.401902946573121e-02, 1.289087344994315e+00, 1.034654873508989e+00, -1.618812430764923e+00, 3.014109000000000e+05, 1.293749022290223e-02, 2.309650562396377e+02, 5.948622849706168e-01, 2.090961268166653e-02
2958, 5.722622109990660e-02, 1.382765027090279e-02, 1.273244051926686e+00, 1.075907031787566e+00, -1.604153641806249e+00, 3.014109000000000e+05, 1.352197446813738e-02, 2.388777889514988e+02, 5.942895024392973e-01, 2.343045176347666e-02
2959, 5.722622109990659e-02, 1.361500671962015e-02, 1.258770108953503e+00, 1.120892284084803e+00, -1.585579848645647e+00, 3.014109000000000e+05, 1.422820449866204e-02, 2.479136192184015e+02, 5.936065991949465e-01, 2.654752660097813e-02
2960, 5.722622109990660e-02, 1.337873610966921e-02, 1.246447613286124e+00, 1.169542934640164e+00, -1.562393952375095e+00, 3.014108999999999e+05, 1.508626365048446e-02, 2.583846836828508e+02, 5.927878206852081e-01, 3.042967317550465e-02
2961, 5.722622109990661e-02, 1.311621321768679e-02, 1.237145837827005e+00, 1.221643189394121e+00, -1.533893602078462e+00, 3.014109000000000e+05, 1.612527496858054e-02, 2.707845255992654e+02, 5.917986334011927e-01, 3.529721832970573e-02
2962, 5.722622109990660e-02, 1.282452111745098e-02, 1.231790854511123e+00, 1.276802914964728e+00, -1.499393968035923e+00, 3.014109000000000e+05, 1.735543099288708e-02, 2.858825264113512e+02, 5.905927177959052e-01, 4.143670460916490e-02
2963, 5.722622109990661e-02, 1.250041877454045e-02, 1.231439102307560e+00, 1.334389118109055e+00, -1.458223916979908e+00, 3.014108999999998e+05, 1.868497486272834e-02, 3.048387406225966e+02, 5.891087042493985e-01, 4.921946127568105e-02
2964, 5.722622109990660e-02, 1.214030506558616e-02, 1.237052379542932e+00, 1.393312917374579e+00, -1.409578769447380e+00, 3.014108999999999e+05, 1.969361194743678e-02, 3.293075476431734e+02, 5.872617693864117e-01, 5.912813706603148e-02
2965, 5.722622109990660e-02, 1.174017872926592e-02, 1.248903530999538e+00, 1.451354906728287e+00, -1.352174044869250e+00, 3.014109000000000e+05, 2.029369547595380e-02, 3.611703395679046e+02, 5.849286803153507e-01, 7.177808475801800e-02
2966, 5.722622109990659e-02, 1.129559391438167e-02, 1.266170414063330e+00, 1.503996375875785e+00, -1.283705997741402e+00, 3.014109000000000e+05, 2.046842534188946e-02, 4.021945065312917e+02, 5.819323183778512e-01, 8.791990748486547e-02
2967, 5.722622109990660e-02, 1.080161078787446e-02, 1.286611864135278e+00, 1.544029957562471e+00, -1.200669587384184e+00, 3.014109000000000e+05, 2.020434335420681e-02, 4.550239550118385e+02, 5.780432948158194e-01, 1.084234445836370e-01
2968, 5.722622109990660e-02, 1.025274064030031e-02, 1.306918303400368e+00, 1.564835390825738e+00, -1.099963178975251e+00, 3.014109000000000e+05, 1.932318383502374e-02, 5.170200447796595e+02, 5.730441691758955e-01, 1.342254078475592e-01
2969, 5.722622109990660e-02, 9.642884908820891e-03, 1.324642871735590e+00, 1.568941868577260e+00, -9.831574246388020e-01, 3.014109000000000e+05, 1.745445484477474e-02, 5.741417741314976e+02, 5.668650375256170e-01, 1.661988685644011e-01
2970, 5.722622109990661e-02, 8.965267439895286e-03, 1.339983518756914e+00, 1.575473650391691e+00, -8.605882126032594e-01, 3.014109000000000e+05, 1.452272752375748e-02, 6.000639381328294e+02, 5.596424530702755e-01, 2.048229550366263e-01
2971, 5.722622109990659e-02, 8.212359138690208e-03, 1.353287855343744e+00, 1.611859383526172e+00, -7.481323134464505e-01, 3.014109000000000e+05, 1.129357552706190e-02, 5.671113580012576e+02, 5.514946746874400e-01, 2.494950185754793e-01
2972, 5.722622109990660e-02, 7.375794361422499e-03, 1.360402641562909e+00, 1.686769778408027e+00, -6.542157514802048e-01, 3.014108999999998e+05, 9.024021555563965e-03, 4.685632500233866e+02, 5.422824203429265e-01, 2.977718240359491e-01
2973, 5.722622109990660e-02, 6.446277947257846e-03, 1.357443524423539e+00, 1.773856677523352e+00, -5.701810504447926e-01, 3.014108999999998e+05, 8.631809535676499e-03, 3.366398740286855e+02, 5.321130649460586e-01, 3.456206694103026e-01
2974, 5.722622109990661e-02, 5.413481929439256e-03, 1.349944915510888e+00, 1.836355654967674e+00, -4.793308268476630e-01, 3.014109000000000e+05, 1.002323729185968e-02, 2.213673500392521e+02, 5.221497658367478e-01, 3.890175224159917e-01
2975, 5.722622109990659e-02, 4.265930798686838e-03, 1.347221153806415e+00, 1.864392659721276e+00, -3.740599239393536e-01, 3.014109000000000e+05, 1.133650183621427e-02, 1.462680217050460e+02, 5.140342464485614e-01, 4.252626165704000e-01
2976, 5.722622109990660e-02, 2.990873993886286e-03, 1.349794990241563e+00, 1.873515822127616e+00, -2.575259280747018e-01, 3.014109000000000e+05, 1.067938141917323e-02, 1.055140130121527e+02, 5.084497575696520e-01, 4.529391590054890e-01
2977, 5.722622109990660e-02, 1.574144206831511e-03, 1.353047724708723e+00, 1.877951379975633e+00, -1.332966268599727e-01, 3.014108999999999e+05, 9.864521409833097e-03, 8.979107242202495e+01, 5.051655085255878e-01, 4.709906462909241e-01
2978, 5.654134703251531e-02, 1.491761752497575e-02, 1.625975092004877e+00, 8.248401772801677e-01, -1.533625735099083e+00, 3.014109000000000e+05, 1.039986908091702e-02, 1.649103238365539e+02, 5.963894286668957e-01, 1.571728949482410e-02
2979, 5.654134703251531e-02, 1.482608144928957e-02, 1.616695116484393e+00, 8.414489865455260e-01, -1.531514202931216e+00, 3.014109000000000e+05, 1.057146359821949e-02, 1.684649070956752e+02, 5.961834917901603e-01, 1.657782414076658e-02
2980, 5.654134703251532e-02, 1.472437470240643e-02, 1.606849253184260e+00, 8.600057936825424e-01, -1.528723265962885e+00, 3.014109000000000e+05, 1.076985147293765e-02, 1.725155360681239e+02, 5.959423509448464e-01, 1.758745001071224e-02
2981, 5.654134703251531e-02, 1.461136720248228e-02, 1.596265363372346e+00, 8.807223875170126e-01, -1.525113029908492e+00, 3.014108999999999e+05, 1.100029672867676e-02, 1.771422290118198e+02, 5.956585457020360e-01, 1.877826211156573e-02
2982, 5.654134703251532e-02, 1.448580330975796e-02, 1.585052821573947e+00, 9.038261848066311e-01, -1.520463232925528e+00, 3.014109000000000e+05, 1.126949299661005e-02, 1.824448008846223e+02, 5.953238309041956e-01, 2.019075863504409e-02
2983, 5.654134703251531e-02, 1.434628787704935e-02, 1.573281201607493e+00, 9.295550223078489e-01, -1.514512857963271e+00, 3.014108999999999e+05, 1.158584229360902e-02, 1.885467964625968e+02, 5.949281754865311e-01, 2.187632750004303e-02
2984, 5.654134703251532e-02, 1.419127073668998e-02, 1.561092668515275e+00, 9.581495838201116e-01, -1.506938706725150e+00, 3.014108999999998e+05, 1.195981483133346e-02, 1.956048082884817e+02, 5.944595798999825e-01, 2.390055796862536e-02
2985, 5.654134703251529e-02, 1.401902946574754e-02, 1.548689887354116e+00, 9.898435732868779e-01, -1.497349341106093e+00, 3.014108999999998e+05, 1.240429903613299e-02, 2.038215728957729e+02, 5.939035452184782e-01, 2.634759373163240e-02
2986, 5.654134703251530e-02, 1.382765027092320e-02, 1.536360766444991e+00, 1.024847953045543e+00, -1.485274706485840e+00, 3.014108999999999e+05, 1.293493728326602e-02, 2.134650371964034e+02, 5.932424387740131e-01, 2.932583633035041e-02
2987, 5.654134703251530e-02, 1.361500671964674e-02, 1.524490591552077e+00, 1.063324869794216e+00, -1.470158973014682e+00, 3.014108999999999e+05, 1.356956140457369e-02, 2.248951832196955e+02, 5.924545200662136e-01, 3.297533606936268e-02
2988, 5.654134703251532e-02, 1.337873610970002e-02, 1.513575743935081e+00, 1.105350752778870e+00, -1.451354606397511e+00, 3.014108999999998e+05, 1.432251129458895e-02, 2.386034258808920e+02, 5.915124948369213e-01, 3.747727064741348e-02
2989, 5.654134703251529e-02, 1.311621321772411e-02, 1.504244946704865e+00, 1.150871878942772e+00, -1.428116364449179e+00, 3.014108999999998e+05, 1.518658785948942e-02, 2.552708009897920e+02, 5.903814804493731e-01, 4.306608120084256e-02
2990, 5.654134703251531e-02, 1.282452111749592e-02, 1.497265378007071e+00, 1.199605492530388e+00, -1.399583531870930e+00, 3.014108999999998e+05, 1.611607240803956e-02, 2.758272518946288e+02, 5.890160850836844e-01, 5.004470555608950e-02
2991, 5.654134703251532e-02, 1.250041877459724e-02, 1.493442901196862e+00, 1.250858443901453e+00, -1.364696048294838e+00, 3.014108999999999e+05, 1.686824601664029e-02, 3.015113108762412e+02, 5.873548234656866e-01, 5.880473097733429e-02
2992, 5.654134703251530e-02, 1.214030506565022e-02, 1.493312302411658e+00, 1.303064959724595e+00, -1.321983982466527e+00, 3.014108999999999e+05, 1.739226193350911e-02, 3.337668762179838e+02, 5.853098329763217e-01, 6.984589666942170e-02
2993, 5.654134703251531e-02, 1.174017872934189e-02, 1.496800449250391e+00, 1.352995525702814e+00, -1.269227283040783e+00, 3.014109000000000e+05, 1.767205895380914e-02, 3.739866362792095e+02, 5.827525118418133e-01, 8.378517362130254e-02
2994, 5.654134703251531e-02, 1.129559391447137e-02, 1.502939540176785e+00, 1.395192115993393e+00, -1.203218631946023e+00, 3.014108999999999e+05, 1.770462587669890e-02, 4.245271526930496e+02, 5.795012212110875e-01, 1.013553920686162e-01
2995, 5.654134703251531e-02, 1.080161078797998e-02, 1.509720574997099e+00, 1.423355323133094e+00, -1.120536736844558e+00, 3.014109000000000e+05, 1.739751212381252e-02, 4.856063656851334e+02, 5.753376264845383e-01, 1.233815368200997e-01
2996, 5.654134703251530e-02, 1.025274064042410e-02, 1.514916879071309e+00, 1.435737325428358e+00, -1.020362379664058e+00, 3.014109000000000e+05, 1.646648523746191e-02, 5.498825149507899e+02, 5.700870071440023e-01, 1.507114847002809e-01
2997, 5.654134703251532e-02, 9.642884908973812e-03, 1.517710736724304e+00, 1.442794144501570e+00, -9.086049504523710e-01, 3.014109000000000e+05, 1.460425103426588e-02, 5.988808674915202e+02, 5.637287214904697e-01, 1.840376828646533e-01
2998, 5.654134703251533e-02, 8.965267440064246e-03, 1.518763881409877e+00, 1.467860109020553e+00, -7.988242171146859e-01, 3.014109000000000e+05, 1.198967841238152e-02, 6.059628523781926e+02, 5.563800614752934e-01, 2.234782763390760e-01
2999, 5.654134703251531e-02, 8.212359138897830e-03, 1.516825164820312e+00, 1.531026080969706e+00, -7.045984609220488e-01, 3.014109000000000e+05, 9.459167509161315e-03, 5.496584357347842e+02, 5.480771574393410e-01, 2.678960284881899e-01
3000, 5.654134703251531e-02, 7.375794361650995e-03, 1.507591342491252e+00, 1.625474395033881e+00, -6.269838413385692e-01, 3.014108999999998e+05, 8.000396927024565e-03, 4.352814183142418e+02, 5.387510982618684e-01, 3.144902510290823e-01
3001, 5.654134703251532e-02, 6.446277947522252e-03, 1.490800813968901e+00, 1.716929679866204e+00, -5.520559843478812e-01, 3.014108999999999e+05, 8.207569533011798e-03, 3.031451283298044e+02, 5.288128978484220e-01, 3.595037433654611e-01
3002, 5.654134703251530e-02, 5.413481929744741e-03, 1.474231767944703e+00, 1.775622381354550e+00, -4.648297339563924e-01, 3.014108999999999e+05, 9.747921259150739e-03, 1.974587048914503e+02, 5.195551197233158e-01, 3.996404153326148e-01
3003, 5.654134703251531e-02, 4.265930799039268e-03, 1.464875782720826e+00, 1.801835221338680e+00, -3.622252409838073e-01, 3.014108999999998e+05, 1.066043143321651e-02, 1.315897193919814e+02, 5.122985868772666e-01, 4.328101754879443e-01
3004, 5.654134703251529e-02, 2.990873994292346e-03, 1.461393583466923e+00, 1.813010897781631e+00, -2.492996933502775e-01, 3.014109000000000e+05, 9.960351928153154e-03, 9.689857124222200e+01, 5.073697825029158e-01, 4.579050479740726e-01
3005, 5.654134703251531e-02, 1.574144207321747e-03, 1.459789368091459e+00, 1.820214527082493e+00, -1.291708646704560e-01, 3.014109000000000e+05, 9.289958519183629e-03, 8.393861764171503e+01, 5.044496102775611e-01, 4.740964860017960e-01
3006, 5.576316671462207e-02, 1.491761752497687e-02, 1.833297583096628e+00, 8.060519181247221e-01, -1.419779380228398e+00, 3.014108999999999e+05, 1.008641834500106e-02, 1.542968790967662e+02, 5.953889972185220e-01, 2.070678469940065e-02
3007, 5.576316671462207e-02, 1.482608144929204e-02, 1.827233689544163e+00, 8.200884803995038e-01, -1.417247413077355e+00, 3.014108999999998e+05, 1.024241890503151e-02, 1.582583223456427e+02, 5.951439841208410e-01, 2.178503807710401e-02
3008, 5.576316671462209e-02, 1.472437470241054e-02, 1.820777235228703e+00, 8.357614924289248e-01, -1.414116093293246e+00, 3.014108999999998e+05, 1.042249448595883e-02, 1.628211926325776e+02, 5.948595270169899e-01, 2.304446196356192e-02
3009, 5.576316671462209e-02, 1.461136720248838e-02, 1.813803582584203e+00, 8.532517285248400e-01, -1.410268928190481e+00, 3.014108999999998e+05, 1.063118137764618e-02, 1.680972388605714e+02, 5.945277830889858e-01, 2.452253431148306e-02
3010, 5.576316671462207e-02, 1.448580330976687e-02, 1.806367573807551e+00, 8.727545482939102e-01, -1.405529772178072e+00, 3.014108999999998e+05, 1.087403056763873e-02, 1.742268318692300e+02, 5.941397825161002e-01, 2.626610752108251e-02
3011, 5.576316671462209e-02, 1.434628787706061e-02, 1.798494275584630e+00, 8.944753835486724e-01, -1.399686114003728e+00, 3.014108999999998e+05, 1.115741185337620e-02, 1.813860625516276e+02, 5.936846035011967e-01, 2.833405615643260e-02
3012, 5.576316671462209e-02, 1.419127073670458e-02, 1.790251033693834e+00, 9.186243618065012e-01, -1.392471337289583e+00, 3.014108999999998e+05, 1.148749331168994e-02, 1.897992893935632e+02, 5.931490603597709e-01, 3.080076693190298e-02
3013, 5.576316671462207e-02, 1.401902946576611e-02, 1.781741709021048e+00, 9.454096892054357e-01, -1.383554909428735e+00, 3.014109000000000e+05, 1.187004500484228e-02, 1.997558190740826e+02, 5.925171352239863e-01, 3.376069712534722e-02
3014, 5.576316671462208e-02, 1.382765027094639e-02, 1.773119244659130e+00, 9.750244427868100e-01, -1.372526963130339e+00, 3.014108999999999e+05, 1.231084311983141e-02, 2.116299270531446e+02, 5.917693128124292e-01, 3.733426475552374e-02
3015, 5.576316671462209e-02, 1.361500671967695e-02, 1.764594012837921e+00, 1.007618024174254e+00, -1.358879274824514e+00, 3.014108999999998e+05, 1.281318464705954e-02, 2.259021671320368e+02, 5.908816899256383e-01, 4.167534887909426e-02
3016, 5.576316671462208e-02, 1.337873610973503e-02, 1.756456805627474e+00, 1.043247349397345e+00, -1.341978999896170e+00, 3.014108999999999e+05, 1.335653422934710e-02, 2.431929347694227e+02, 5.898247607502275e-01, 4.698092765928830e-02
3017, 5.576316671462208e-02, 1.311621321776652e-02, 1.749074928222494e+00, 1.081817263568788e+00, -1.321020648235798e+00, 3.014108999999999e+05, 1.384333460531244e-02, 2.643304524403590e+02, 5.885612010589761e-01, 5.350406181363698e-02
3018, 5.576316671462209e-02, 1.282452111754698e-02, 1.742844244356617e+00, 1.122910981650962e+00, -1.294943732442956e+00, 3.014109000000000e+05, 1.425315952196644e-02, 2.903137587802816e+02, 5.870422481295000e-01, 6.156837136718159e-02
3019, 5.576316671462209e-02, 1.250041877466177e-02, 1.738076722052179e+00, 1.165424160343896e+00, -1.262279565795577e+00, 3.014109000000000e+05, 1.457080201998825e-02, 3.221701871909955e+02, 5.852010990733478e-01, 7.158189845118239e-02
3020, 5.576316671462207e-02, 1.214030506572300e-02, 1.734836013422309e+00, 1.207039532360501e+00, -1.220919139517677e+00, 3.014108999999999e+05, 1.479498429990142e-02, 3.614656771359001e+02, 5.829413624058387e-01, 8.404900800396500e-02
3021, 5.576316671462207e-02, 1.174017872942820e-02, 1.732684595836126e+00, 1.243805229298132e+00, -1.167963887992871e+00, 3.014109000000000e+05, 1.492589905854633e-02, 4.102005391985465e+02, 5.801221879849234e-01, 9.957552668675408e-02
3022, 5.576316671462209e-02, 1.129559391457330e-02, 1.730460963187630e+00, 1.270854034688202e+00, -1.100200883713237e+00, 3.014108999999999e+05, 1.490710776706899e-02, 4.690825342429187e+02, 5.765545685003622e-01, 1.188593173793842e-01
3023, 5.576316671462207e-02, 1.080161078809986e-02, 1.726554816808078e+00, 1.285781351699091e+00, -1.015984078322268e+00, 3.014109000000000e+05, 1.454084119644787e-02, 5.340787315267188e+02, 5.720385315073274e-01, 1.426522454847739e-01
3024, 5.576316671462207e-02, 1.025274064056477e-02, 1.719880680736182e+00, 1.294494429881605e+00, -9.185118288839856e-01, 3.014109000000000e+05, 1.351937455527170e-02, 5.929068693028681e+02, 5.664516899372390e-01, 1.716571704851038e-01
3025, 5.576316671462208e-02, 9.642884909147571e-03, 1.710589110456914e+00, 1.314515989303689e+00, -8.180269698485091e-01, 3.014109000000000e+05, 1.173563536623807e-02, 6.243001856568669e+02, 5.598193998855309e-01, 2.062758232486358e-01
3026, 5.576316671462209e-02, 8.965267440256225e-03, 1.698661419442323e+00, 1.367270942900877e+00, -7.283526352647434e-01, 3.014108999999998e+05, 9.596048890356005e-03, 6.039990780528482e+02, 5.522425978231769e-01, 2.461289881873258e-01
3027, 5.576316671462208e-02, 8.212359139133736e-03, 1.681613870476018e+00, 1.458763076001355e+00, -6.567035615883562e-01, 3.014109000000000e+05, 7.845008612447392e-03, 5.202042395825282e+02, 5.437508213703753e-01, 2.895366455930735e-01
3028, 5.576316671462209e-02, 7.375794361910619e-03, 1.657126028963374e+00, 1.566890863817782e+00, -5.956342982861691e-01, 3.014108999999998e+05, 7.161331128567995e-03, 3.922328893135297e+02, 5.344586001711135e-01, 3.335783539166114e-01
3029, 5.576316671462209e-02, 6.446277947822682e-03, 1.628808821272432e+00, 1.656166678800681e+00, -5.285824198651055e-01, 3.014108999999998e+05, 7.871609792062124e-03, 2.646770314156552e+02, 5.250431352260015e-01, 3.750354114036726e-01
3030, 5.576316671462209e-02, 5.413481930091842e-03, 1.604853486104955e+00, 1.708493321274867e+00, -4.449211426578533e-01, 3.014108999999999e+05, 9.418564911335687e-03, 1.714656991270798e+02, 5.167426781639055e-01, 4.113760220466386e-01
3031, 5.576316671462209e-02, 4.265930799439713e-03, 1.589165771041535e+00, 1.733171594224632e+00, -3.462216145505747e-01, 3.014108999999998e+05, 9.845112866744561e-03, 1.157924861600893e+02, 5.104590045658540e-01, 4.410525187194881e-01
3032, 5.576316671462209e-02, 2.990873994753728e-03, 1.579459476150690e+00, 1.747003567502569e+00, -2.384409098695356e-01, 3.014109000000000e+05, 9.210924312466076e-03, 8.770473572084987e+01, 5.062174452996940e-01, 4.632445367003041e-01
3033, 5.576316671462209e-02, 1.574144207878773e-03, 1.572964929481737e+00, 1.757087049861665e+00, -1.237730685798765e-01, 3.014108999999998e+05, 8.693013661894917e-03, 7.748717506365729e+01, 5.036739050680420e-01, 4.773818221921112e-01
3034, 5.490049086213179e-02, 1.491761752497810e-02, 2.020046276200412e+00, 7.801872792221830e-01, -1.315200391952648e+00, 3.014108999999999e+05, 9.608697102092119e-03, 1.638706057941047e+02, 5.940150332565194e-01, 2.758436592135837e-02
3035, 5.490049086213180e-02, 1.482608144929478e-02, 2.016439412181146e+00, 7.920443205685987e-01, -1.312076349549619e+00, 3.014108999999999e+05, 9.735152685205953e-03, 1.687269541955751e+02, 5.937287421534304e-01, 2.894911162665765e-02
3036, 5.490049086213178e-02, 1.472437470241509e-02, 2.012617540630383e+00, 8.052558435686391e-01, -1.308337838786728e+00, 3.014108999999999e+05, 9.879318706628844e-03, 1.743444692925436e+02, 5.933986751342324e-01, 3.053652409583539e-02
3037, 5.490049086213179e-02, 1.461136720249512e-02, 2.008478250762793e+00, 8.199651627874824e-01, -1.303870516367365e+00, 3.014109000000000e+05, 1.004394188970921e-02, 1.808682477680376e+02, 5.930165592503589e-01, 3.239087585621389e-02
3038, 5.490049086213179e-02, 1.448580330977676e-02, 2.004058736654159e+00, 8.363237896929770e-01, -1.298506063595048e+00, 3.014108999999999e+05, 1.023189854216194e-02, 1.884794713306421e+02, 5.925728112348150e-01, 3.456700120468550e-02
3039, 5.490049086213178e-02, 1.434628787707310e-02, 1.999367123481384e+00, 8.544847629518859e-01, -1.292039187693995e+00, 3.014108999999998e+05, 1.044413940969266e-02, 1.974045484641222e+02, 5.920557585369502e-01, 3.713312935751282e-02
3040, 5.490049086213178e-02, 1.419127073672078e-02, 1.994437806278457e+00, 8.745982243069527e-01, -1.284209731184169e+00, 3.014108999999999e+05, 1.066790897785114e-02, 2.079310667155030e+02, 5.914512367876054e-01, 4.017467719965187e-02
3041, 5.490049086213179e-02, 1.401902946578668e-02, 1.989318292480705e+00, 8.968058123498802e-01, -1.274688689021515e+00, 3.014108999999999e+05, 1.089051391623845e-02, 2.204245558704338e+02, 5.907419155029489e-01, 4.379913842423797e-02
3042, 5.490049086213177e-02, 1.382765027097209e-02, 1.984072287984457e+00, 9.212207926531603e-01, -1.263056147658617e+00, 3.014108999999999e+05, 1.110779801525994e-02, 2.353331589334613e+02, 5.899065214864246e-01, 4.814208882661499e-02
3043, 5.490049086213179e-02, 1.361500671971044e-02, 1.978781840626219e+00, 9.478881106623473e-01, -1.248770131866144e+00, 3.014108999999999e+05, 1.131570791545857e-02, 2.531809321716804e+02, 5.889188018847360e-01, 5.337462666739371e-02
3044, 5.490049086213178e-02, 1.337873610977383e-02, 1.973549945097373e+00, 9.767104120630981e-01, -1.231119091853868e+00, 3.014108999999999e+05, 1.151116935803428e-02, 2.746098411036219e+02, 5.877459985990883e-01, 5.971250669635043e-02
3045, 5.490049086213177e-02, 1.311621321781352e-02, 1.968476970249991e+00, 1.007314150134604e+00, -1.209142536867899e+00, 3.014108999999999e+05, 1.169312413046552e-02, 3.005124550367025e+02, 5.863461042901471e-01, 6.742682924176929e-02
3046, 5.490049086213179e-02, 1.282452111760358e-02, 1.963620574492308e+00, 1.038816043357325e+00, -1.181504363210132e+00, 3.014108999999999e+05, 1.186539610887734e-02, 3.321251419950896e+02, 5.846627732210660e-01, 7.685538376242351e-02
3047, 5.490049086213179e-02, 1.250041877473331e-02, 1.958913773621602e+00, 1.069479011908782e+00, -1.146335514687079e+00, 3.014108999999999e+05, 1.203631521248073e-02, 3.709330270289327e+02, 5.826161881758904e-01, 8.841306862222072e-02
3048, 5.490049086213177e-02, 1.214030506580369e-02, 1.953981464033498e+00, 1.096492033748995e+00, -1.101177349586336e+00, 3.014109000000000e+05, 1.220706300558976e-02, 4.183128484778235e+02, 5.800898687168882e-01, 1.025980263374504e-01
3049, 5.490049086213178e-02, 1.174017872952388e-02, 1.947975653487008e+00, 1.116547525507040e+00, -1.043371452605819e+00, 3.014109000000000e+05, 1.233516184216386e-02, 4.745989014356367e+02, 5.769217650585463e-01, 1.199883504921050e-01
3050, 5.490049086213179e-02, 1.129559391468629e-02, 1.939661977657878e+00, 1.128183200866858e+00, -9.714183634508524e-01, 3.014108999999999e+05, 1.227666180031030e-02, 5.370938734472377e+02, 5.729200865889350e-01, 1.412197279075758e-01
3051, 5.490049086213179e-02, 1.080161078823277e-02, 1.927949148569411e+00, 1.135947730021650e+00, -8.874165743101027e-01, 3.014108999999999e+05, 1.178367350181736e-02, 5.974053299461602e+02, 5.679233044108200e-01, 1.669203484112232e-01
3052, 5.490049086213178e-02, 1.025274064072071e-02, 1.912510616167905e+00, 1.153528255679752e+00, -7.991844244070054e-01, 3.014109000000000e+05, 1.067976609682225e-02, 6.397040859663244e+02, 5.618830109262617e-01, 1.975498463786304e-01
3053, 5.490049086213179e-02, 9.642884909340194e-03, 1.893405330800779e+00, 1.199990020518312e+00, -7.188483783658436e-01, 3.014109000000000e+05, 9.120909760265155e-03, 6.423800734477588e+02, 5.548843305992083e-01, 2.330770694404245e-01
3054, 5.490049086213178e-02, 8.965267440469047e-03, 1.869476915823732e+00, 1.286211153103436e+00, -6.557142961717002e-01, 3.014108999999999e+05, 7.582486807297662e-03, 5.868278936726811e+02, 5.470511794995370e-01, 2.725518358824320e-01
3055, 5.490049086213178e-02, 8.212359139395258e-03, 1.838679272259909e+00, 1.400657347110138e+00, -6.075970286115759e-01, 3.014108999999998e+05, 6.586590966731536e-03, 4.751878840820042e+02, 5.384979521266120e-01, 3.139213714799149e-01
3056, 5.490049086213178e-02, 7.375794362198437e-03, 1.802112797568669e+00, 1.512049111591507e+00, -5.603851023700083e-01, 3.014108999999998e+05, 6.558842044472538e-03, 3.399546322494427e+02, 5.295505290889334e-01, 3.544873235848592e-01
3057, 5.490049086213179e-02, 6.446277948155734e-03, 1.765786867137402e+00, 1.592248549957151e+00, -4.990679630427371e-01, 3.014108999999998e+05, 7.619815524140863e-03, 2.230790550885477e+02, 5.210052295801598e-01, 3.917382014308398e-01
3058, 5.490049086213178e-02, 5.413481930476632e-03, 1.736337187075647e+00, 1.636935890185595e+00, -4.192136030991145e-01, 3.014109000000000e+05, 8.990537220801757e-03, 1.447557020321713e+02, 5.138639839233395e-01, 4.238345112600361e-01
3059, 5.490049086213178e-02, 4.265930799883638e-03, 1.714830688519188e+00, 1.660939279836423e+00, -3.259942060636929e-01, 3.014108999999998e+05, 9.005592104801315e-03, 9.977462755014582e+01, 5.085992777128161e-01, 4.496844147428556e-01
3060, 5.490049086213177e-02, 2.990873995265208e-03, 1.699150889940019e+00, 1.677817262313078e+00, -2.249670834762370e-01, 3.014109000000001e+05, 8.472094311854585e-03, 7.837623311069004e+01, 5.050369678773607e-01, 4.687443251162793e-01
3061, 5.490049086213178e-02, 1.574144208496281e-03, 1.688181097938139e+00, 1.690578711876437e+00, -1.170943206471952e-01, 3.014108999999999e+05, 8.098158304070494e-03, 7.066247664216601e+01, 5.028686644827011e-01, 4.807165834570132e-01
3062, 5.396988318448764e-02, 1.491761752497944e-02, 2.185978513269012e+00, 7.438942098981821e-01, -1.215351983457807e+00, 3.014108999999999e+05, 8.468715079643264e-03, 1.978897480984144e+02, 5.923432511083799e-01, 3.703095833322173e-02
3063, 5.396988318448764e-02, 1.482608144929773e-02, 2.184263859105300e+00, 7.535761282608091e-01, -1.211160921056039e+00, 3.014108999999999e+05, 8.522040928952224e-03, 2.041436221538052e+02, 5.920162711148174e-01, 3.877028395443550e-02
3064, 5.396988318448764e-02, 1.472437470242001e-02, 2.182496430931779e+00, 7.643081303529964e-01, -1.206225751684348e+00, 3.014108999999997e+05, 8.579141579145402e-03, 2.113525331078020e+02, 5.916407391848874e-01, 4.078518918721170e-02
3065, 5.396988318448766e-02, 1.461136720250240e-02, 2.180569103079073e+00, 7.761852590698305e-01, -1.200413707906780e+00, 3.014108999999998e+05, 8.640126916458523e-03, 2.196914286038316e+02, 5.912076262318438e-01, 4.312828451757236e-02
3066, 5.396988318448764e-02, 1.448580330978743e-02, 2.178517475370519e+00, 7.893015255209657e-01, -1.193531674859105e+00, 3.014108999999999e+05, 8.705294711383572e-03, 2.293793628270974e+02, 5.907064274524835e-01, 4.586413729036528e-02
3067, 5.396988318448764e-02, 1.434628787708656e-02, 2.176334248188571e+00, 8.037424287859896e-01, -1.185343645549697e+00, 3.014108999999999e+05, 8.775103269257161e-03, 2.406906988719895e+02, 5.901242757658991e-01, 4.907227161105229e-02
3068, 5.396988318448765e-02, 1.419127073673825e-02, 2.174023309696465e+00, 8.195736909611390e-01, -1.175549497393809e+00, 3.014108999999998e+05, 8.850288911944705e-03, 2.539725762707094e+02, 5.894454757438081e-01, 5.285098773758023e-02
3069, 5.396988318448764e-02, 1.401902946580888e-02, 2.171582154349302e+00, 8.368234352695914e-01, -1.163766939118048e+00, 3.014108999999999e+05, 8.932143323062504e-03, 2.696647483847140e+02, 5.886507220866753e-01, 5.732210033627520e-02
3070, 5.396988318448764e-02, 1.382765027099982e-02, 2.169005249357116e+00, 8.554506542880289e-01, -1.149501158267206e+00, 3.014108999999998e+05, 9.023028607996484e-03, 2.883206777313102e+02, 5.877160993909989e-01, 6.263674854357733e-02
3071, 5.396988318448764e-02, 1.361500671974657e-02, 2.166279632474529e+00, 8.752865982545665e-01, -1.132100949908057e+00, 3.014108999999999e+05, 9.127020237587834e-03, 3.106265849041847e+02, 5.866115476916072e-01, 6.898234811776272e-02
3072, 5.396988318448764e-02, 1.337873610981569e-02, 2.163373912044460e+00, 8.959307378429779e-01, -1.110694299117071e+00, 3.014108999999999e+05, 9.250583758498084e-03, 3.374130760712892e+02, 5.852982799764880e-01, 7.659056392522147e-02
3073, 5.396988318448765e-02, 1.311621321786424e-02, 2.160206659448906e+00, 9.165887121583822e-01, -1.084102785259938e+00, 3.014109000000000e+05, 9.402658353648159e-03, 3.696407985003005e+02, 5.837241687187943e-01, 8.574580551430518e-02
3074, 5.396988318448764e-02, 1.282452111766464e-02, 2.156573027428383e+00, 9.358933205222773e-01, -1.050761219558309e+00, 3.014108999999999e+05, 9.592024446253591e-03, 4.083060855595476e+02, 5.818159609650738e-01, 9.679307004692204e-02
3075, 5.396988318448764e-02, 1.250041877481048e-02, 2.152030187791129e+00, 9.518994655070641e-01, -1.008748062640939e+00, 3.014108999999999e+05, 9.816474176519886e-03, 4.541565543219189e+02, 5.794686936978312e-01, 1.101429488104356e-01
3076, 5.396988318448762e-02, 1.214030506589073e-02, 2.145790151322229e+00, 9.627032928355415e-01, -9.561686416311620e-01, 3.014109000000000e+05, 1.003623883017329e-02, 5.070388022895553e+02, 5.765377642102478e-01, 1.262700113825655e-01
3077, 5.396988318448766e-02, 1.174017872962709e-02, 2.136754747464245e+00, 9.682592240617465e-01, -8.922157978566664e-01, 3.014108999999999e+05, 1.013660899547370e-02, 5.646840978020725e+02, 5.728477563824462e-01, 1.456972537784883e-01
3078, 5.396988318448764e-02, 1.129559391480818e-02, 2.123822320904565e+00, 9.733442235896460e-01, -8.189586441546155e-01, 3.014108999999999e+05, 9.927236575056524e-03, 6.210371823343910e+02, 5.682351927748119e-01, 1.689498901784975e-01
3079, 5.396988318448764e-02, 1.080161078837613e-02, 2.106334063094550e+00, 9.897659869989053e-01, -7.429563636628835e-01, 3.014109000000000e+05, 9.254613422665337e-03, 6.646511636430643e+02, 5.626221554200760e-01, 1.964435913925446e-01
3080, 5.396988318448764e-02, 1.025274064088893e-02, 2.084066317083591e+00, 1.033897244334069e+00, -6.745265552777964e-01, 3.014108999999999e+05, 8.184146361435685e-03, 6.780701102244057e+02, 5.560707901596236e-01, 2.282630750984661e-01
3081, 5.396988318448763e-02, 9.642884909547986e-03, 2.056357895833290e+00, 1.116986022566047e+00, -6.227444776261289e-01, 3.014109000000000e+05, 7.016553741006575e-03, 6.415643332076666e+02, 5.487493269423440e-01, 2.638491901254776e-01
3082, 5.396988318448764e-02, 8.965267440698635e-03, 2.021805356059875e+00, 1.233156660061819e+00, -5.880721957028060e-01, 3.014108999999999e+05, 6.096855831766594e-03, 5.471159392696442e+02, 5.408405574048676e-01, 3.017883455700991e-01
3083, 5.396988318448764e-02, 8.212359139677373e-03, 1.980550884240673e+00, 1.357380488192343e+00, -5.594768025607211e-01, 3.014108999999998e+05, 5.726179960281113e-03, 4.140657261746056e+02, 5.325657741587714e-01, 3.399988140262670e-01
3084, 5.396988318448764e-02, 7.375794362508918e-03, 1.936554278534949e+00, 1.459904345251256e+00, -5.210823600282934e-01, 3.014108999999998e+05, 6.185887759051951e-03, 2.816956165719067e+02, 5.243716299539819e-01, 3.762951501483814e-01
3085, 5.396988318448763e-02, 6.446277948515010e-03, 1.895863868906309e+00, 1.526370973300530e+00, -4.634469967291577e-01, 3.014108999999999e+05, 7.409284154432626e-03, 1.813818703953736e+02, 5.169941914861804e-01, 4.088668031583214e-01
3086, 5.396988318448764e-02, 5.413481930891723e-03, 1.862476304475418e+00, 1.564086431370294e+00, -3.882502786979203e-01, 3.014109000000000e+05, 8.404954316570566e-03, 1.191584127221408e+02, 5.110990288642063e-01, 4.364312723694848e-01
3087, 5.396988318448763e-02, 4.265930800362522e-03, 1.835913484868824e+00, 1.588549531590409e+00, -3.021870399484478e-01, 3.014109000000000e+05, 8.182939277214493e-03, 8.487351776394860e+01, 5.068157470657724e-01, 4.582796037221736e-01
3088, 5.396988318448763e-02, 2.990873995816963e-03, 1.815075712324997e+00, 1.608405860977389e+00, -2.092894908366532e-01, 3.014109000000000e+05, 7.778159544062038e-03, 6.939983440146257e+01, 5.038874683407862e-01, 4.741324496894695e-01
3089, 5.396988318448764e-02, 1.574144209162415e-03, 1.800493774746410e+00, 1.623299648061477e+00, -1.093075546958605e-01, 3.014108999999998e+05, 7.530155991223579e-03, 6.377207375169894e+01, 5.020791833035867e-01, 4.839463029562682e-01
3090, 5.299507823016111e-02, 1.491761752498084e-02, 2.330201172945349e+00, 6.906851504975674e-01, -1.111019373463308e+00, 3.014108999999997e+05, 6.606954634361665e-03, 2.633051496153219e+02, 5.904809720030171e-01, 4.990782000934645e-02
3091, 5.299507823016112e-02, 1.482608144930082e-02, 2.329892214893541e+00, 6.978441939143664e-01, -1.104976002691435e+00, 3.014108999999998e+05, 6.640583842518576e-03, 2.715012363260324e+02, 5.901073327309910e-01, 5.212365456310151e-02
3092, 5.299507823016111e-02, 1.472437470242515e-02, 2.329659813326100e+00, 7.056907354936062e-01, -1.097931233068034e+00, 3.014108999999997e+05, 6.679816995646083e-03, 2.809373637592414e+02, 5.896780960389353e-01, 5.467901367840027e-02
3093, 5.299507823016111e-02, 1.461136720251003e-02, 2.329367065640883e+00, 7.142601269374332e-01, -1.089717395937986e+00, 3.014108999999998e+05, 6.725851660043857e-03, 2.918333984967778e+02, 5.891827392196832e-01, 5.763561996260353e-02
3094, 5.299507823016111e-02, 1.448580330979859e-02, 2.329053105260322e+00, 7.235729010976150e-01, -1.080091894268157e+00, 3.014108999999999e+05, 6.780394211303701e-03, 3.044583316273270e+02, 5.886090196289884e-01, 6.106837609337817e-02
3095, 5.299507823016113e-02, 1.434628787710066e-02, 2.328693640987432e+00, 7.336238913716114e-01, -1.068760586610562e+00, 3.014109000000000e+05, 6.845703890780706e-03, 3.191360713133192e+02, 5.879418296708880e-01, 6.506836868397636e-02
3096, 5.299507823016112e-02, 1.419127073675655e-02, 2.328271501581763e+00, 7.443646652993247e-01, -1.055350725288433e+00, 3.014108999999999e+05, 6.924853110084152e-03, 3.362564035913579e+02, 5.871625684645853e-01, 6.974661143137206e-02
3097, 5.299507823016111e-02, 1.401902946583213e-02, 2.327752485109512e+00, 7.556742772003439e-01, -1.039389773937910e+00, 3.014109000000000e+05, 7.022016677476667e-03, 3.562832593231787e+02, 5.862479885438838e-01, 7.523852155385798e-02
3098, 5.299507823016111e-02, 1.382765027102887e-02, 2.327083654252652e+00, 7.673126832951266e-01, -1.020271625361924e+00, 3.014109000000000e+05, 7.142794633841208e-03, 3.797575693313587e+02, 5.851685456862286e-01, 8.170916706408582e-02
3099, 5.299507823016111e-02, 1.361500671978441e-02, 2.326176251868469e+00, 7.788517550258621e-01, -9.972147136465095e-01, 3.014108999999998e+05, 7.294302861010148e-03, 4.072842330709020e+02, 5.838857252638665e-01, 8.935914495206472e-02
3100, 5.299507823016111e-02, 1.337873610985954e-02, 2.324874905560538e+00, 7.895927203730169e-01, -9.692192523889694e-01, 3.014108999999999e+05, 7.484256406084960e-03, 4.394830920735722e+02, 5.823477249478560e-01, 9.843067931181045e-02
3101, 5.299507823016112e-02, 1.311621321791735e-02, 2.322900186828220e+00, 7.985263838182868e-01, -9.350586247705349e-01, 3.014109000000000e+05, 7.717103439835194e-03, 4.768660923654255e+02, 5.804829597657932e-01, 1.092130432143542e-01
3102, 5.299507823016111e-02, 1.282452111772860e-02, 2.319764443957907e+00, 8.044992895265202e-01, -8.933932873476901e-01, 3.014109000000000e+05, 7.983623646815680e-03, 5.195815645024946e+02, 5.781922032783601e-01, 1.220456427071113e-01
3103, 5.299507823016113e-02, 1.250041877489131e-02, 2.314696410904689e+00, 8.068891382783923e-01, -8.431692805502206e-01, 3.014108999999999e+05, 8.240872593731291e-03, 5.669658196624071e+02, 5.753439005679418e-01, 1.373157972919555e-01
3104, 5.299507823016112e-02, 1.214030506598190e-02, 2.306663186061608e+00, 8.070905719651545e-01, -7.844823155715298e-01, 3.014108999999999e+05, 8.389948084965968e-03, 6.168914987004719e+02, 5.717829315359291e-01, 1.554454519452325e-01
3105, 5.299507823016112e-02, 1.174017872973521e-02, 2.294576172502606e+00, 8.106088655374865e-01, -7.198714404680180e-01, 3.014108999999998e+05, 8.286025397777400e-03, 6.649803362446851e+02, 5.673656099072870e-01, 1.768545425948490e-01
3106, 5.299507823016112e-02, 1.129559391493586e-02, 2.277617113760786e+00, 8.283225892203748e-01, -6.553748243081119e-01, 3.014108999999999e+05, 7.825987413513060e-03, 7.034264922513534e+02, 5.620218991875870e-01, 2.018775223137355e-01
3107, 5.299507823016112e-02, 1.080161078852631e-02, 2.255334317518569e+00, 8.742399752435828e-01, -5.998633127328871e-01, 3.014109000000000e+05, 7.071088411344927e-03, 7.189126867153635e+02, 5.558135473925077e-01, 2.306053261556213e-01
3108, 5.299507823016112e-02, 1.025274064106514e-02, 2.227171740157708e+00, 9.580603813492007e-01, -5.612726481596448e-01, 3.014109000000000e+05, 6.237980699134402e-03, 6.925410840482473e+02, 5.489289986861471e-01, 2.626638226022653e-01
3109, 5.299507823016111e-02, 9.642884909765646e-03, 2.192098692596642e+00, 1.075792678436011e+00, -5.407654094298656e-01, 3.014108999999999e+05, 5.539459333003508e-03, 6.105806591372933e+02, 5.415977882810626e-01, 2.970447175128746e-01
3110, 5.299507823016113e-02, 8.965267440939124e-03, 2.149843991991062e+00, 1.206955727941035e+00, -5.294754138713598e-01, 3.014108999999999e+05, 5.129193357624718e-03, 4.825589799492586e+02, 5.340261325277423e-01, 3.321799056704550e-01
3111, 5.299507823016112e-02, 8.212359139972888e-03, 2.102913026994942e+00, 1.324065452047243e+00, -5.123847825374588e-01, 3.014108999999998e+05, 5.208229552810920e-03, 3.417817453496209e+02, 5.264729186040041e-01, 3.663023118167797e-01
3112, 5.299507823016111e-02, 7.375794362834141e-03, 2.056074732649648e+00, 1.408682486068113e+00, -4.775447934672222e-01, 3.014108999999999e+05, 5.981584236610946e-03, 2.232646189247857e+02, 5.193798100129304e-01, 3.978274092115752e-01
3113, 5.299507823016111e-02, 6.446277948891351e-03, 2.013729525537458e+00, 1.460901782788485e+00, -4.227687105278693e-01, 3.014109000000000e+05, 7.167125336136534e-03, 1.431070843410493e+02, 5.133111507495702e-01, 4.255015960243895e-01
3114, 5.299507823016111e-02, 5.413481931326528e-03, 1.977501524673511e+00, 1.493881909666092e+00, -3.536539929067363e-01, 3.014109000000000e+05, 7.645431231178563e-03, 9.632203684264708e+01, 5.086083576675966e-01, 4.484770486997283e-01
3115, 5.299507823016111e-02, 4.265930800864149e-03, 1.946949778750925e+00, 1.519641627969775e+00, -2.761360618367432e-01, 3.014109000000000e+05, 7.422952202064566e-03, 7.177555919277455e+01, 5.051989358642470e-01, 4.663670553327131e-01
3116, 5.299507823016111e-02, 2.990873996394923e-03, 1.922316724979093e+00, 1.541840099241070e+00, -1.922067235734314e-01, 3.014109000000000e+05, 7.157320932019171e-03, 6.120823675261337e+01, 5.028346253082995e-01, 4.791312961991751e-01
3117, 5.299507823016111e-02, 1.574144209860186e-03, 1.905285592459162e+00, 1.558068054606444e+00, -1.007718510322876e-01, 3.014108999999998e+05, 7.009844328054285e-03, 5.717471455023738e+01, 5.013586812836047e-01, 4.869230609281318e-01
3118, 5.200492176990367e-02, 1.491761752498225e-02, 2.451340523913035e+00, 6.123705115430326e-01, -9.886604417669508e-01, 3.014108999999998e+05, 5.275381308176839e-03, 3.713702657223613e+02, 5.883891693295299e-01, 6.703524691397034e-02
3119, 5.200492176990369e-02, 1.482608144930396e-02, 2.451971057744150e+00, 6.165219400509293e-01, -9.799185361989298e-01, 3.014109000000000e+05, 5.323419908287519e-03, 3.817379648677798e+02, 5.879407759147208e-01, 6.982122508692339e-02
3120, 5.200492176990368e-02, 1.472437470243037e-02, 2.452760747660355e+00, 6.209475458741348e-01, -9.698223051610906e-01, 3.014109000000000e+05, 5.380061255844323e-03, 3.935581342697441e+02, 5.874241818009964e-01, 7.301807728278896e-02
3121, 5.200492176990369e-02, 1.461136720251778e-02, 2.453539877026669e+00, 6.256174893222353e-01, -9.581615165033383e-01, 3.014109000000000e+05, 5.447126278625918e-03, 4.070495949723132e+02, 5.868261629014309e-01, 7.669639514523534e-02
3122, 5.200492176990369e-02, 1.448580330980995e-02, 2.454349617538282e+00, 6.304716928854278e-01, -9.446370525659549e-01, 3.014109000000000e+05, 5.527081860619707e-03, 4.224712482526799e+02, 5.861312300560891e-01, 8.094078439270108e-02
3123, 5.200492176990368e-02, 1.434628787711499e-02, 2.455149177165973e+00, 6.354066875806148e-01, -9.288927137326266e-01, 3.014109000000000e+05, 5.623051729340987e-03, 4.401161056143490e+02, 5.853200759854739e-01, 8.585268289987316e-02
3124, 5.200492176990368e-02, 1.419127073677514e-02, 2.455899641984455e+00, 6.402553875712327e-01, -9.104870308448648e-01, 3.014109000000000e+05, 5.738995278978314e-03, 4.603100193644399e+02, 5.843685759952206e-01, 9.155378796956362e-02
3125, 5.200492176990366e-02, 1.401902946585575e-02, 2.456530419366847e+00, 6.447594772476419e-01, -8.888782213839235e-01, 3.014108999999999e+05, 5.879707543609951e-03, 4.833974534444397e+02, 5.832459823202254e-01, 9.818991953534989e-02
3126, 5.200492176990366e-02, 1.382765027105837e-02, 2.456929321321779e+00, 6.485401346213212e-01, -8.634070018994779e-01, 3.014109000000000e+05, 6.050373516077355e-03, 5.097071279220506e+02, 5.819123549440619e-01, 1.059352057954600e-01
3127, 5.200492176990367e-02, 1.361500671982285e-02, 2.456909853099747e+00, 6.510899417080160e-01, -8.332976466619431e-01, 3.014109000000000e+05, 6.254857721194502e-03, 5.394785081104463e+02, 5.803148113055732e-01, 1.149961998868167e-01
3128, 5.200492176990368e-02, 1.337873610990407e-02, 2.456162706527240e+00, 6.518479585175345e-01, -7.977104270525089e-01, 3.014109000000000e+05, 6.491155148766036e-03, 5.727268641681233e+02, 5.783826834257404e-01, 1.256151833134612e-01
3129, 5.200492176990369e-02, 1.311621321797131e-02, 2.454192429776790e+00, 6.504844563602966e-01, -7.559143131817546e-01, 3.014109000000000e+05, 6.741845431283387e-03, 6.090386992606111e+02, 5.760228746346592e-01, 1.380713070677083e-01
3130, 5.200492176990369e-02, 1.282452111779357e-02, 2.450269103441932e+00, 6.475787139452487e-01, -7.076811890383072e-01, 3.014109000000000e+05, 6.959471416937093e-03, 6.473527062450777e+02, 5.731194025199453e-01, 1.526771783958339e-01
3131, 5.200492176990368e-02, 1.250041877497342e-02, 2.443455391674918e+00, 6.458022416860790e-01, -6.539817212740319e-01, 3.014108999999999e+05, 7.056623269733083e-03, 6.858704906608966e+02, 5.695446702028828e-01, 1.697663502062700e-01
3132, 5.200492176990369e-02, 1.214030506607452e-02, 2.432767144405471e+00, 6.513088566309936e-01, -5.978821138995307e-01, 3.014109000000000e+05, 6.928212648732235e-03, 7.220642920836295e+02, 5.651909146017172e-01, 1.896626523943650e-01
3133, 5.200492176990368e-02, 1.174017872984504e-02, 2.417420872388290e+00, 6.741993765689128e-01, -5.451153087418021e-01, 3.014108999999999e+05, 6.529095351448975e-03, 7.517245960500703e+02, 5.600215152889557e-01, 2.126154367691183e-01
3134, 5.200492176990369e-02, 1.129559391506555e-02, 2.396927531627202e+00, 7.262272703765477e-01, -5.033021042554133e-01, 3.014109000000000e+05, 5.952189325449272e-03, 7.651864206701974e+02, 5.541188506387509e-01, 2.386839413821234e-01
3135, 5.200492176990369e-02, 1.080161078867886e-02, 2.370775834856592e+00, 8.148003048907185e-01, -4.789307753813943e-01, 3.014108999999999e+05, 5.378071878320519e-03, 7.439878685520122e+02, 5.476822162616996e-01, 2.675809765378652e-01
3136, 5.200492176990368e-02, 1.025274064124412e-02, 2.338067670406526e+00, 9.358075551821358e-01, -4.728311726340201e-01, 3.014108999999999e+05, 4.922887101862542e-03, 6.700659490908913e+02, 5.409505870557227e-01, 2.985507387390609e-01
3137, 5.200492176990369e-02, 9.642884909986733e-03, 2.298190849509449e+00, 1.071380854319234e+00, -4.773701773583831e-01, 3.014108999999999e+05, 4.618334461287925e-03, 5.461139609495200e+02, 5.341134106250640e-01, 3.304016963227770e-01
3138, 5.200492176990367e-02, 8.965267441183400e-03, 2.252450859812046e+00, 1.196924951157217e+00, -4.788832108076204e-01, 3.014108999999998e+05, 4.552738685548396e-03, 4.004572543744141e+02, 5.273245980973346e-01, 3.617400269502923e-01
3139, 5.200492176990369e-02, 8.212359140273056e-03, 2.204403993825265e+00, 1.293812040795540e+00, -4.648638122653168e-01, 3.014108999999998e+05, 4.928798022659339e-03, 2.681692013433666e+02, 5.208203408246229e-01, 3.912604773936156e-01
3140, 5.200492176990368e-02, 7.375794363164490e-03, 2.157862839815130e+00, 1.358167216956285e+00, -4.305328653388044e-01, 3.014109000000000e+05, 5.855682874620433e-03, 1.710862744676491e+02, 5.149765962081783e-01, 4.178753923165537e-01
3141, 5.200492176990369e-02, 6.446277949273618e-03, 2.115282235661721e+00, 1.399402742415619e+00, -3.794244562399697e-01, 3.014108999999999e+05, 6.820973308386936e-03, 1.110678011912378e+02, 5.101659093431240e-01, 4.407289609879433e-01
3142, 5.200492176990369e-02, 5.413481931768181e-03, 2.077222314969049e+00, 1.430162541402775e+00, -3.178761442627175e-01, 3.014109000000000e+05, 6.952324056349692e-03, 7.749349862301078e+01, 5.064964418441090e-01, 4.593234375763363e-01
3143, 5.200492176990368e-02, 4.265930801373675e-03, 2.044142378672615e+00, 1.457253550829521e+00, -2.495832330947206e-01, 3.014109000000000e+05, 6.779728447724939e-03, 6.105953454032400e+01, 5.038185979422232e-01, 4.735394389701114e-01
3144, 5.200492176990369e-02, 2.990873996981985e-03, 2.017382666700777e+00, 1.480715862276843e+00, -1.747368830352743e-01, 3.014109000000000e+05, 6.625612669734743e-03, 5.404615711122714e+01, 5.019370241049091e-01, 4.835216212131137e-01
3145, 5.200492176990369e-02, 1.574144210568945e-03, 1.999077983786689e+00, 1.497420031456902e+00, -9.196505078291080e-02, 3.014109000000000e+05, 6.550317080968564e-03, 5.118136878027371e+01, 5.007546579020489e-01, 4.895362290518402e-01
3146, 5.103011681556979e-02, 1.491761752498365e-02, 2.546459447279666e+00, 5.046507732425800e-01, -8.350127471193823e-01, 3.014109000000000e+05, 4.588883718242192e-03, 5.186845753834921e+02, 5.856059262811643e-01, 8.889477071517544e-02
3147, 5.103011681556978e-02, 1.482608144930706e-02, 2.547500287524654e+00, 5.055932745496222e-01, -8.232153178550509e-01, 3.014109000000000e+05, 4.647664842613783e-03, 5.300282149770765e+02, 5.850247557057404e-01, 9.230921734107246e-02
3148, 5.103011681556979e-02, 1.472437470243552e-02, 2.548716335645660e+00, 5.064035320900716e-01, -8.097200178463613e-01, 3.014109000000000e+05, 4.716360572114921e-03, 5.427565810197758e+02, 5.843546359672059e-01, 9.620597014387436e-02
3149, 5.103011681556978e-02, 1.461136720252540e-02, 2.549924254595652e+00, 5.069996668829310e-01, -7.942866565009488e-01, 3.014109000000000e+05, 4.796891949514941e-03, 5.570156973224650e+02, 5.835783969090139e-01, 1.006626915886134e-01
3150, 5.103011681556978e-02, 1.448580330982112e-02, 2.551155574114167e+00, 5.072655465853380e-01, -7.765872216191696e-01, 3.014109000000000e+05, 4.891732277060888e-03, 5.729643571108699e+02, 5.826756834582693e-01, 1.057711558266236e-01
3151, 5.103011681556979e-02, 1.434628787712910e-02, 2.552351002964455e+00, 5.070456955334408e-01, -7.562469108761927e-01, 3.014109000000000e+05, 5.003716042409175e-03, 5.907472147511053e+02, 5.816210153045852e-01, 1.116396219005700e-01
3152, 5.103011681556978e-02, 1.419127073679344e-02, 2.553440612726591e+00, 5.061422592903045e-01, -7.328294802675939e-01, 3.014109000000000e+05, 5.135782795570960e-03, 6.104701041348345e+02, 5.803823838027435e-01, 1.183955999052788e-01
3153, 5.103011681556978e-02, 1.401902946587899e-02, 2.554302984208666e+00, 5.043280215172710e-01, -7.058496884206408e-01, 3.014109000000000e+05, 5.290036132027724e-03, 6.321480527330826e+02, 5.789190367924703e-01, 1.261886452848043e-01
3154, 5.103011681556978e-02, 1.382765027108742e-02, 2.554744627810977e+00, 5.014027553831930e-01, -6.748085146874166e-01, 3.014109000000000e+05, 5.465453092057249e-03, 6.556224915796588e+02, 5.771788260636163e-01, 1.351928992311167e-01
3155, 5.103011681556978e-02, 1.361500671986070e-02, 2.554459301584310e+00, 4.973465975182669e-01, -6.392867156378836e-01, 3.014108999999999e+05, 5.653102187724474e-03, 6.804515853736809e+02, 5.750954823336349e-01, 1.456087373380711e-01
3156, 5.103011681556977e-02, 1.337873610994792e-02, 2.552986072443082e+00, 4.926556295242670e-01, -5.991419411861880e-01, 3.014108999999999e+05, 5.828093043819440e-03, 7.058347728040250e+02, 5.725873895405402e-01, 1.576624616634496e-01
3157, 5.103011681556979e-02, 1.311621321802443e-02, 2.549686864546306e+00, 4.889491960725310e-01, -5.548632898788441e-01, 3.014108999999999e+05, 5.940692291203056e-03, 7.307428280507861e+02, 5.695611612455426e-01, 1.716021684343939e-01
3158, 5.103011681556979e-02, 1.282452111785753e-02, 2.543786709228435e+00, 4.898382987672380e-01, -5.080968705251694e-01, 3.014108999999998e+05, 5.917974020631072e-03, 7.544703448040556e+02, 5.659251530546091e-01, 1.876863357462180e-01
3159, 5.103011681556976e-02, 1.250041877505426e-02, 2.534508532016000e+00, 5.017288389638812e-01, -4.622122427259813e-01, 3.014108999999999e+05, 5.697299702532985e-03, 7.772688675142432e+02, 5.616173942375002e-01, 2.061585164024131e-01
3160, 5.103011681556978e-02, 1.214030506616569e-02, 2.521253753462635e+00, 5.336930648568977e-01, -4.224987604660929e-01, 3.014108999999999e+05, 5.295359344633242e-03, 7.988797630384753e+02, 5.566449803026489e-01, 2.271971745030774e-01
3161, 5.103011681556979e-02, 1.174017872995315e-02, 2.503645470845699e+00, 5.951873356035653e-01, -3.952979493947586e-01, 3.014108999999999e+05, 4.844177449330862e-03, 8.120523728499965e+02, 5.511154430915879e-01, 2.508304097211734e-01
3162, 5.103011681556979e-02, 1.129559391519323e-02, 2.481236913541271e+00, 6.911875562792793e-01, -3.855466895662084e-01, 3.014108999999999e+05, 4.496925811139176e-03, 7.964841473587836e+02, 5.452253054503338e-01, 2.768246130577973e-01
3163, 5.103011681556976e-02, 1.080161078882903e-02, 2.453124719499785e+00, 8.167935106633980e-01, -3.933403658042915e-01, 3.014108999999999e+05, 4.284251974352962e-03, 7.292475650888293e+02, 5.391881220221075e-01, 3.045964639548344e-01
3164, 5.103011681556978e-02, 1.025274064142033e-02, 2.418314878940582e+00, 9.557380655557881e-01, -4.117882499115663e-01, 3.014108999999999e+05, 4.141171636446559e-03, 6.082543152425005e+02, 5.331502642406205e-01, 3.332258416485431e-01
3165, 5.103011681556978e-02, 9.642884910204392e-03, 2.377053335298371e+00, 1.085985726705431e+00, -4.287074542143753e-01, 3.014108999999999e+05, 4.073165302670060e-03, 4.587724119475344e+02, 5.271878074973404e-01, 3.616092110480415e-01
3166, 5.103011681556978e-02, 8.965267441423883e-03, 2.331647015888571e+00, 1.190047689563214e+00, -4.321552719557444e-01, 3.014108999999998e+05, 4.224963244014635e-03, 3.156298388229542e+02, 5.214061077499275e-01, 3.886811225882074e-01
3167, 5.103011681556978e-02, 8.212359140568566e-03, 2.285364648615498e+00, 1.262727930693600e+00, -4.161888602992464e-01, 3.014109000000000e+05, 4.784545418249285e-03, 2.034241847136868e+02, 5.160323936280473e-01, 4.135454014073389e-01
3168, 5.103011681556978e-02, 7.375794363489716e-03, 2.240568679441550e+00, 1.310698187043436e+00, -3.824685466954195e-01, 3.014108999999999e+05, 5.719606611206456e-03, 1.294195203590835e+02, 5.113735209283919e-01, 4.354542589014331e-01
3169, 5.103011681556979e-02, 6.446277949649960e-03, 2.198475655614160e+00, 1.345499385546500e+00, -3.367191497915799e-01, 3.014109000000000e+05, 6.331004078429452e-03, 8.652128003601653e+01, 5.076374061697261e-01, 4.538531016378701e-01
3170, 5.103011681556978e-02, 5.413481932202986e-03, 2.159826253736168e+00, 1.375545299216895e+00, -2.835253488219437e-01, 3.014109000000000e+05, 6.356073569934017e-03, 6.348883241068292e+01, 5.048016768526814e-01, 4.685278691400449e-01
3171, 5.103011681556978e-02, 4.265930801875302e-03, 2.125897515858401e+00, 1.403194332534343e+00, -2.241857396075466e-01, 3.014109000000001e+05, 6.256562742538913e-03, 5.265702128449428e+01, 5.027122274445756e-01, 4.795544647896965e-01
3172, 5.103011681556978e-02, 2.990873997559946e-03, 2.098558481076164e+00, 1.426745860403243e+00, -1.578632254432214e-01, 3.014108999999999e+05, 6.184285110707707e-03, 4.789841105012981e+01, 5.012302544110312e-01, 4.871860009321024e-01
3173, 5.103011681556978e-02, 1.574144211266716e-03, 2.079940548812315e+00, 1.443209091936549e+00, -8.336950108311704e-02, 3.014108999999998e+05, 6.156596049101883e-03, 4.595089933557331e+01, 5.002942935302011e-01, 4.917295651452167e-01
3174, 5.009950913791720e-02, 1.491761752498498e-02, 2.610444630068805e+00, 3.739728498170242e-01, -6.467956618186667e-01, 3.014108999999999e+05, 4.128289848757975e-03, 6.793130270925787e+02, 5.812911737038385e-01, 1.152125350337221e-01
3175, 5.009950913791721e-02, 1.482608144931001e-02, 2.611403338879848e+00, 3.721558445829578e-01, -6.326780757124658e-01, 3.014108999999999e+05, 4.183503799351694e-03, 6.886308762601752e+02, 5.805156865890709e-01, 1.192395179143818e-01
3176, 5.009950913791721e-02, 1.472437470244043e-02, 2.612494227832397e+00, 3.699269869188351e-01, -6.166924100975862e-01, 3.014109000000000e+05, 4.247482394040421e-03, 6.987775146207504e+02, 5.796246992368577e-01, 1.238091614044831e-01
3177, 5.009950913791719e-02, 1.461136720253269e-02, 2.613552129678777e+00, 3.672122093179708e-01, -5.986133229165965e-01, 3.014108999999999e+05, 4.321557814444712e-03, 7.097366872345192e+02, 5.785968797857738e-01, 1.290026802446414e-01
3178, 5.009950913791720e-02, 1.448580330983178e-02, 2.614581614191324e+00, 3.639320942250395e-01, -5.781585810697432e-01, 3.014108999999998e+05, 4.407047212263680e-03, 7.214544955151256e+02, 5.774068473836690e-01, 1.349145010347305e-01
3179, 5.009950913791722e-02, 1.434628787714256e-02, 2.615501093166828e+00, 3.600258634646138e-01, -5.550402679910675e-01, 3.014108999999998e+05, 4.504525882231573e-03, 7.337876894561633e+02, 5.760233175882666e-01, 1.416539620106454e-01
3180, 5.009950913791719e-02, 1.419127073681091e-02, 2.616199873331635e+00, 3.554988996272311e-01, -5.289826834322688e-01, 3.014108999999999e+05, 4.612555926597727e-03, 7.464583526105209e+02, 5.744078993300120e-01, 1.493471218965196e-01
3181, 5.009950913791721e-02, 1.401902946590119e-02, 2.616499439645362e+00, 3.505215718655210e-01, -4.997825372640179e-01, 3.014108999999998e+05, 4.725107491943763e-03, 7.590006098257930e+02, 5.725137424067669e-01, 1.581381865326258e-01
3182, 5.009950913791721e-02, 1.382765027111515e-02, 2.616132932187683e+00, 3.456161050137114e-01, -4.674166363483073e-01, 3.014108999999999e+05, 4.827242183867295e-03, 7.707597675054459e+02, 5.702849908832198e-01, 1.681901480261384e-01
3183, 5.009950913791721e-02, 1.361500671989683e-02, 2.614722598840823e+00, 3.419779401380149e-01, -4.322282289597427e-01, 3.014108999999999e+05, 4.889692340764980e-03, 7.810845683807859e+02, 5.676583584379441e-01, 1.796838354171352e-01
3184, 5.009950913791720e-02, 1.337873610998978e-02, 2.611781192380767e+00, 3.419559116951357e-01, -3.952106049290353e-01, 3.014108999999998e+05, 4.866807908796629e-03, 7.899634984414021e+02, 5.645692152596726e-01, 1.928140070185074e-01
3185, 5.009950913791720e-02, 1.311621321807514e-02, 2.606758425279771e+00, 3.496173855198311e-01, -3.583654863190096e-01, 3.014108999999998e+05, 4.709232575691335e-03, 7.992028995350528e+02, 5.609650870264815e-01, 2.077798912341964e-01
3186, 5.009950913791721e-02, 1.282452111791858e-02, 2.599143353723815e+00, 3.711023957725257e-01, -3.250068654675189e-01, 3.014108999999999e+05, 4.404094989456073e-03, 8.130477166969748e+02, 5.568279383503345e-01, 2.247652221610666e-01
3187, 5.009950913791721e-02, 1.250041877513143e-02, 2.588577646327574e+00, 4.141416649729893e-01, -2.997067965331058e-01, 3.014109000000000e+05, 4.027142256638130e-03, 8.346299115246668e+02, 5.522005250843526e-01, 2.438998848687104e-01
3188, 5.009950913791722e-02, 1.214030506625274e-02, 2.574838321014016e+00, 4.859605062812886e-01, -2.874369027027370e-01, 3.014109000000000e+05, 3.732308867342215e-03, 8.557533605293654e+02, 5.472008846797114e-01, 2.651966925882453e-01
3189, 5.009950913791719e-02, 1.174017873005637e-02, 2.557525802812200e+00, 5.894376932259549e-01, -2.916304923595908e-01, 3.014108999999999e+05, 3.625763416048560e-03, 8.506763622024112e+02, 5.420011274585257e-01, 2.884703416546612e-01
3190, 5.009950913791721e-02, 1.129559391531511e-02, 2.535650232004880e+00, 7.191071507054079e-01, -3.116644429092850e-01, 3.014108999999998e+05, 3.654401400637290e-03, 7.915142312395870e+02, 5.367636119260796e-01, 3.132701610425262e-01
3191, 5.009950913791719e-02, 1.080161078897240e-02, 2.507823135901480e+00, 8.601752762239142e-01, -3.413295043031614e-01, 3.014108999999999e+05, 3.686345873417034e-03, 6.736957017445998e+02, 5.315752085909641e-01, 3.388774922133594e-01
3192, 5.009950913791720e-02, 1.025274064158855e-02, 2.473370575528284e+00, 9.929381560262093e-01, -3.700625837649656e-01, 3.014108999999999e+05, 3.682524222763050e-03, 5.209657947884966e+02, 5.264488530639004e-01, 3.644045502087674e-01
3193, 5.009950913791722e-02, 9.642884910412184e-03, 2.433405975541397e+00, 1.101167142005562e+00, -3.871185115441542e-01, 3.014108999999999e+05, 3.746097701940444e-03, 3.681131636231963e+02, 5.214107032438249e-01, 3.889651516356447e-01
3194, 5.009950913791721e-02, 8.965267441653468e-03, 2.390526714627313e+00, 1.179091477948118e+00, -3.863243709655338e-01, 3.014108999999999e+05, 4.045205418285624e-03, 2.419207689612704e+02, 5.165951536135456e-01, 4.118100527454482e-01
3195, 5.009950913791721e-02, 8.212359140850684e-03, 2.347170883164727e+00, 1.231859111446120e+00, -3.680324737111482e-01, 3.014109000000000e+05, 4.690247980957418e-03, 1.532321998288110e+02, 5.122424914005484e-01, 4.323324286454789e-01
3196, 5.009950913791720e-02, 7.375794363800194e-03, 2.304641202821903e+00, 1.269695393880291e+00, -3.369360201261913e-01, 3.014108999999998e+05, 5.523150425570790e-03, 9.889572773875861e+01, 5.085840123093843e-01, 4.500160120866842e-01
3197, 5.009950913791720e-02, 6.446277950009235e-03, 2.263780353730380e+00, 1.301358179585033e+00, -2.977755206428147e-01, 3.014109000000001e+05, 5.857264420508566e-03, 6.871509850790804e+01, 5.056999342716273e-01, 4.645516332234867e-01
3198, 5.009950913791721e-02, 5.413481932618078e-03, 2.225874314663040e+00, 1.330814107437321e+00, -2.526082031722275e-01, 3.014109000000000e+05, 5.879242091721694e-03, 5.330101082750223e+01, 5.035095752490308e-01, 4.759350039218340e-01
3199, 5.009950913791721e-02, 4.265930802354184e-03, 2.192565295090681e+00, 1.357932467695415e+00, -2.011525440635369e-01, 3.014109000000000e+05, 5.844748732863057e-03, 4.605982057432320e+01, 5.018814821345225e-01, 4.843582368112985e-01
3200, 5.009950913791721e-02, 2.990873998111702e-03, 2.165752721826361e+00, 1.380656789435436e+00, -1.423395844395385e-01, 3.014108999999999e+05, 5.827033224881317e-03, 4.290393490655775e+01, 5.007181419649005e-01, 4.901132762310739e-01
3201, 5.009950913791721e-02, 1.574144211932850e-03, 2.147449306497294e+00, 1.396421204440036e+00, -7.537496556372177e-02, 3.014108999999999e+05, 5.827214454406767e-03, 4.164321497612758e+01, 4.999776419963514e-01, 4.935002931439811e-01
3202, 4.923683328541812e-02, 1.491761752498622e-02, 2.641572455680705e+00, 2.393139758384137e-01, -4.398724320246782e-01, 3.014108999999999e+05, 3.508784916586116e-03, 8.010549016288458e+02, 5.749682926367934e-01, 1.444743367224909e-01
3203, 4.923683328541811e-02, 1.482608144931275e-02, 2.642211230849115e+00, 2.359275117761887e-01, -4.253862582017369e-01, 3.014108999999999e+05, 3.545068822880436e-03, 8.039372266543450e+02, 5.739843808366719e-01, 1.490041950684853e-01
3204, 4.923683328541813e-02, 1.472437470244498e-02, 2.642905075578787e+00, 2.321488702025522e-01, -4.091884319526887e-01, 3.014108999999999e+05, 3.586323850442659e-03, 8.065813258984086e+02, 5.728612968724576e-01, 1.541164759488316e-01
3205, 4.923683328541811e-02, 1.461136720253943e-02, 2.643536534617679e+00, 2.280203683234324e-01, -3.911384041393453e-01, 3.014108999999999e+05, 3.632117704490798e-03, 8.087686133175081e+02, 5.715756268106504e-01, 1.598919011842272e-01
3206, 4.923683328541811e-02, 1.448580330984167e-02, 2.644073147763689e+00, 2.236523639118945e-01, -3.711006606335704e-01, 3.014108999999999e+05, 3.680625646718264e-03, 8.102077870711972e+02, 5.701000313215895e-01, 1.664227124629793e-01
3207, 4.923683328541811e-02, 1.434628787715504e-02, 2.644418141508113e+00, 2.192962246949868e-01, -3.490038853592075e-01, 3.014108999999999e+05, 3.727109307024303e-03, 8.105155956811169e+02, 5.684023295549818e-01, 1.738136995451584e-01
3208, 4.923683328541810e-02, 1.419127073682711e-02, 2.644436788694399e+00, 2.154573609633469e-01, -3.248978030514714e-01, 3.014108999999998e+05, 3.761660595232735e-03, 8.092821480579025e+02, 5.664454925481641e-01, 1.821830772082205e-01
3209, 4.923683328541811e-02, 1.401902946592177e-02, 2.643935308481966e+00, 2.130749301585740e-01, -2.990548932354539e-01, 3.014108999999999e+05, 3.766402042695627e-03, 8.063106673063410e+02, 5.641885426331873e-01, 1.916627382487303e-01
3210, 4.923683328541811e-02, 1.382765027114086e-02, 2.642658261736086e+00, 2.137851820035583e-01, -2.721201440765210e-01, 3.014108999999998e+05, 3.714172549042743e-03, 8.022290503540473e+02, 5.615895279169543e-01, 2.023973798685858e-01
3211, 4.923683328541811e-02, 1.361500671993032e-02, 2.640300756007280e+00, 2.202589094777002e-01, -2.453111778351634e-01, 3.014108999999999e+05, 3.574040531285258e-03, 7.996209379503572e+02, 5.586118903612809e-01, 2.145414560683509e-01
3212, 4.923683328541811e-02, 1.337873611002858e-02, 2.636546558934835e+00, 2.365215094215873e-01, -2.206320278791901e-01, 3.014108999999998e+05, 3.331767422110360e-03, 8.042144128214135e+02, 5.552354289374815e-01, 2.282518520946283e-01
3213, 4.923683328541811e-02, 1.311621321812215e-02, 2.631133092206675e+00, 2.680181389032313e-01, -2.009924407990562e-01, 3.014108999999998e+05, 3.025576445506923e-03, 8.237797392418036e+02, 5.514714539506993e-01, 2.436723404689929e-01
3214, 4.923683328541811e-02, 1.282452111797518e-02, 2.623911604295195e+00, 3.210035974862864e-01, -1.900264958867212e-01, 3.014108999999999e+05, 2.766910251147039e-03, 8.606750979537744e+02, 5.473773161844195e-01, 2.609042426749240e-01
3215, 4.923683328541811e-02, 1.250041877520297e-02, 2.614776515691127e+00, 4.007914759612611e-01, -1.913454878015055e-01, 3.014108999999999e+05, 2.688356409730181e-03, 8.999996213863267e+02, 5.430585153992145e-01, 2.799595319997632e-01
3216, 4.923683328541810e-02, 1.214030506633342e-02, 2.603333372990385e+00, 5.088542818013555e-01, -2.071029719541807e-01, 3.014108999999999e+05, 2.824551303926020e-03, 9.094075596119430e+02, 5.386442354493133e-01, 3.007006615693383e-01
3217, 4.923683328541811e-02, 1.174017873015205e-02, 2.588496754155034e+00, 6.398708638568412e-01, -2.362409345458320e-01, 3.014109000000000e+05, 3.063026737384967e-03, 8.598214848584289e+02, 5.342372899867495e-01, 3.227852959342985e-01
3218, 4.923683328541811e-02, 1.129559391542811e-02, 2.568580156874547e+00, 7.809106385823495e-01, -2.734380531501820e-01, 3.014109000000000e+05, 3.251372442153720e-03, 7.468508746124994e+02, 5.298702311564163e-01, 3.456502747542552e-01
3219, 4.923683328541811e-02, 1.080161078910531e-02, 2.542195527964215e+00, 9.146294642712235e-01, -3.099494800370455e-01, 3.014109000000000e+05, 3.335996299460226e-03, 5.925115284853978e+02, 5.255144427776212e-01, 3.685705993624968e-01
3220, 4.923683328541811e-02, 1.025274064174449e-02, 2.509404290169572e+00, 1.025882019377784e+00, -3.366010767697769e-01, 3.014108999999999e+05, 3.391504312173817e-03, 4.306740173812858e+02, 5.211548347797288e-01, 3.907904092991452e-01
3221, 4.923683328541812e-02, 9.642884910604808e-03, 2.472001027081943e+00, 1.108031293206594e+00, -3.475086248857317e-01, 3.014109000000000e+05, 3.554758610217860e-03, 2.901708232335507e+02, 5.168753769828435e-01, 4.116566373406645e-01
3222, 4.923683328541811e-02, 8.965267441866294e-03, 2.432439130317698e+00, 1.164540688171672e+00, -3.420809157889610e-01, 3.014108999999999e+05, 3.945720184146931e-03, 1.856367548454103e+02, 5.128724290441078e-01, 4.306628125766012e-01
3223, 4.923683328541811e-02, 8.212359141112204e-03, 2.392318710127060e+00, 1.204697181018194e+00, -3.238402978590755e-01, 3.014108999999998e+05, 4.590005277590552e-03, 1.175142039666439e+02, 5.093700055924608e-01, 4.473916778068024e-01
3224, 4.923683328541811e-02, 7.375794364088011e-03, 2.352405539809291e+00, 1.237224814525734e+00, -2.971556794809214e-01, 3.014109000000000e+05, 5.266401337208935e-03, 7.778153300987492e+01, 5.065063792025779e-01, 4.615016110492067e-01
3225, 4.923683328541811e-02, 6.446277950342288e-03, 2.313622945266566e+00, 1.266997258217128e+00, -2.645033066825596e-01, 3.014109000000000e+05, 5.472350551389518e-03, 5.656937378004411e+01, 5.042725195516411e-01, 4.728778171171218e-01
3226, 4.923683328541811e-02, 5.413481933002867e-03, 2.277502719062220e+00, 1.295221578406506e+00, -2.260930839572531e-01, 3.014109000000000e+05, 5.516233364291399e-03, 4.607737892216249e+01, 5.025701600963579e-01, 4.816461535939423e-01
3227, 4.923683328541811e-02, 4.265930802798109e-03, 2.245701119539306e+00, 1.320950327414191e+00, -1.810742336620744e-01, 3.014109000000000e+05, 5.527172631340858e-03, 4.119989459360350e+01, 5.012946067442561e-01, 4.880486723083359e-01
3228, 4.923683328541811e-02, 2.990873998623180e-03, 2.219993759087429e+00, 1.342355433532965e+00, -1.285999022183865e-01, 3.014109000000000e+05, 5.540832506067388e-03, 3.909082682289324e+01, 5.003752045122110e-01, 4.923711498990886e-01
3229, 4.923683328541811e-02, 1.574144212550358e-03, 2.202334331640600e+00, 1.357223685906473e+00, -6.823807993868543e-02, 3.014109000000000e+05, 5.555625474281092e-03, 3.824813561824940e+01, 4.997822390624465e-01, 4.948843081504479e-01
3230, 4.845865296751646e-02, 1.491761752498734e-02, 2.647061590671894e+00, 1.244774361290308e-01, -2.469511970135640e-01, 3.014108999999999e+05, 2.577148591467722e-03, 8.238616834944758e+02, 5.673132548045818e-01, 1.740649232415585e-01
3231, 4.845865296751645e-02, 1.482608144931522e-02, 2.647431871972868e+00, 1.211944048550918e-01, -2.345722847237133e-01, 3.014108999999999e+05, 2.587062620415569e-03, 8.172222788705559e+02, 5.661779506556058e-01, 1.789396585155024e-01
3232, 4.845865296751646e-02, 1.472437470244909e-02, 2.647781164692500e+00, 1.179373013516658e-01, -2.209894277342714e-01, 3.014108999999998e+05, 2.595301192859244e-03, 8.094237413663565e+02, 5.648924874550211e-01, 1.844161617883219e-01
3233, 4.845865296751645e-02, 1.461136720254553e-02, 2.648061994545347e+00, 1.149643234531692e-01, -2.062013577170471e-01, 3.014108999999999e+05, 2.598110608120844e-03, 8.003572690900903e+02, 5.634353170893780e-01, 1.905721362907449e-01
3234, 4.845865296751645e-02, 1.448580330985058e-02, 2.648220233048602e+00, 1.127085893150935e-01, -1.902836403645578e-01, 3.014108999999998e+05, 2.588812596730630e-03, 7.900586341798614e+02, 5.617824110870828e-01, 1.974949795603260e-01
3235, 4.845865296751646e-02, 1.434628787716630e-02, 2.648174492605968e+00, 1.118895544117482e-01, -1.734455584286569e-01, 3.014108999999999e+05, 2.556722666606779e-03, 7.789571022935606e+02, 5.599077603828573e-01, 2.052823843379004e-01
3236, 4.845865296751645e-02, 1.419127073684172e-02, 2.647816228461963e+00, 1.136593874940130e-01, -1.561080394823837e-01, 3.014108999999999e+05, 2.487177647281702e-03, 7.684802753633311e+02, 5.577848270475313e-01, 2.140425569033209e-01
3237, 4.845865296751645e-02, 1.401902946594033e-02, 2.647010521311630e+00, 1.197959579439745e-01, -1.390088740929113e-01, 3.014108999999999e+05, 2.364929105233502e-03, 7.619596907193877e+02, 5.553894653300039e-01, 2.238936065342746e-01
3238, 4.845865296751645e-02, 1.382765027116404e-02, 2.645609197701002e+00, 1.329199707259403e-01, -1.233263011574201e-01, 3.014108999999999e+05, 2.184459247162531e-03, 7.654527252564089e+02, 5.527049704421690e-01, 2.349612025244650e-01
3239, 4.845865296751645e-02, 1.361500671996053e-02, 2.643480380089609e+00, 1.566540124838104e-01, -1.107876283145026e-01, 3.014108999999999e+05, 1.967966766126378e-03, 7.870107287299652e+02, 5.497295024927662e-01, 2.473727070741889e-01
3240, 4.845865296751644e-02, 1.337873611006359e-02, 2.640546871722536e+00, 1.955428178081242e-01, -1.036836204516401e-01, 3.014109000000000e+05, 1.780672470990557e-03, 8.320854342930070e+02, 5.464847669367735e-01, 2.612449022208542e-01
3241, 4.845865296751646e-02, 1.311621321816456e-02, 2.636798039076846e+00, 2.544814448482845e-01, -1.046595844687613e-01, 3.014109000000000e+05, 1.718079806136411e-03, 8.947899288424405e+02, 5.430220957124805e-01, 2.766620594360246e-01
3242, 4.845865296751647e-02, 1.282452111802624e-02, 2.632174892549755e+00, 3.373952099879102e-01, -1.161429251531916e-01, 3.014109000000000e+05, 1.849141610958156e-03, 9.524790416139647e+02, 5.394185619372397e-01, 2.936419813937529e-01
3243, 4.845865296751645e-02, 1.250041877526750e-02, 2.626272582048555e+00, 4.451578774746891e-01, -1.393663271840263e-01, 3.014109000000000e+05, 2.153426354946828e-03, 9.735475033279926e+02, 5.357564591414106e-01, 3.120907075035217e-01
3244, 4.845865296751645e-02, 1.214030506640621e-02, 2.618006547783678e+00, 5.733839769818457e-01, -1.732179207289565e-01, 3.014109000000000e+05, 2.521280166792994e-03, 9.339998370363465e+02, 5.320896043574119e-01, 3.317551319330473e-01
3245, 4.845865296751645e-02, 1.174017873023836e-02, 2.605614857931021e+00, 7.115310444156991e-01, -2.135227083406079e-01, 3.014109000000000e+05, 2.825489753476221e-03, 8.296239015155097e+02, 5.284172413869530e-01, 3.521977220525885e-01
3246, 4.845865296751644e-02, 1.129559391553004e-02, 2.587305847760441e+00, 8.448227087540571e-01, -2.535149028443777e-01, 3.014109000000000e+05, 3.005675617526662e-03, 6.777478235252742e+02, 5.246952474497767e-01, 3.728256643661646e-01
3247, 4.845865296751645e-02, 1.080161078922520e-02, 2.562313677508465e+00, 9.591000279741162e-01, -2.857968496703643e-01, 3.014108999999999e+05, 3.100787139367330e-03, 5.089514160304021e+02, 5.208944567119318e-01, 3.929859228713246e-01
3248, 4.845865296751644e-02, 1.025274064188515e-02, 2.531556913726480e+00, 1.046380782014340e+00, -3.050451831683689e-01, 3.014109000000000e+05, 3.214070646406984e-03, 3.535440766338669e+02, 5.170717484240729e-01, 4.120877976967631e-01
3249, 4.845865296751645e-02, 9.642884910778565e-03, 2.497175337919534e+00, 1.107583723035220e+00, -3.098729903836072e-01, 3.014108999999999e+05, 3.451904201529271e-03, 2.307662858706742e+02, 5.133915828675841e-01, 4.296763320712656e-01
3250, 4.845865296751645e-02, 8.965267442058273e-03, 2.461156440573288e+00, 1.150346328301814e+00, -3.025186191016045e-01, 3.014108999999998e+05, 3.878009169226239e-03, 1.456837872752701e+02, 5.100658303845618e-01, 4.454091725786873e-01
3251, 4.845865296751644e-02, 8.212359141348114e-03, 2.424379359939960e+00, 1.183562054632461e+00, -2.865742869935013e-01, 3.014108999999999e+05, 4.469398329641087e-03, 9.318370602491073e+01, 5.072534692623801e-01, 4.589937889993191e-01
3252, 4.845865296751645e-02, 7.375794364347634e-03, 2.387365126542478e+00, 1.213004767010849e+00, -2.646010407096675e-01, 3.014109000000000e+05, 4.988675858994432e-03, 6.391768871901557e+01, 5.050012537648582e-01, 4.702304187974394e-01
3253, 4.845865296751646e-02, 6.446277950642718e-03, 2.351168696122100e+00, 1.240877526034084e+00, -2.372610623843490e-01, 3.014109000000000e+05, 5.174397420911626e-03, 4.871985769963199e+01, 5.032519061728922e-01, 4.791404223953774e-01
3254, 4.845865296751645e-02, 5.413481933349971e-03, 2.317295595864544e+00, 1.267284016142941e+00, -2.040084409854540e-01, 3.014109000000000e+05, 5.243490491106511e-03, 4.122158337627375e+01, 5.019116532270512e-01, 4.859150227995819e-01
3255, 4.845865296751646e-02, 4.265930803198554e-03, 2.287317405287154e+00, 1.291248734288409e+00, -1.640487882171018e-01, 3.014108999999999e+05, 5.281303601186936e-03, 3.773216501811157e+01, 5.008989710471299e-01, 4.908040010181166e-01
3256, 4.845865296751645e-02, 2.990873999084562e-03, 2.262926528990501e+00, 1.311215905359591e+00, -1.168219913077433e-01, 3.014108999999999e+05, 5.311466357514495e-03, 3.623196924939937e+01, 5.001606598588297e-01, 4.940665997472960e-01
3257, 4.845865296751645e-02, 1.574144213107384e-03, 2.246060417927135e+00, 1.325163836881978e+00, -6.209382937436405e-02, 3.014108999999999e+05, 5.333651415220415e-03, 3.564657513913574e+01, 4.996756624004712e-01, 4.959386427781336e-01
3258, 4.777377890011746e-02, 1.491761752498832e-02, 2.640705560548186e+00, 4.551766019377855e-02, -1.007250877367751e-01, 3.014109000000000e+05, 1.526363801143821e-03, 7.270832114040097e+02, 5.598616272729545e-01, 2.013796653575767e-01
3259, 4.777377890011747e-02, 1.482608144931739e-02, 2.640984543334547e+00, 4.388487970861828e-02, -9.225332316572291e-02, 3.014109000000000e+05, 1.512412947645900e-03, 7.143119238719925e+02, 5.586641094565167e-01, 2.064814314436414e-01
3260, 4.777377890011746e-02, 1.472437470245270e-02, 2.641208572667929e+00, 4.297591247988331e-02, -8.326469733753031e-02, 3.014109000000000e+05, 1.488784214186794e-03, 7.022538560221576e+02, 5.573199973093401e-01, 2.121932449662024e-01
3261, 4.777377890011746e-02, 1.461136720255088e-02, 2.641399017895780e+00, 4.330897010937023e-02, -7.389673149298086e-02, 3.014109000000000e+05, 1.450208547113053e-03, 6.925609607055095e+02, 5.558125604472386e-01, 2.185892156894455e-01
3262, 4.777377890011746e-02, 1.448580330985844e-02, 2.641506428600376e+00, 4.567277895753136e-02, -6.441371105632893e-02, 3.014109000000000e+05, 1.390727961261845e-03, 6.873800003952855e+02, 5.541244703968773e-01, 2.257514749527012e-01
3263, 4.777377890011746e-02, 1.434628787717621e-02, 2.641488701083167e+00, 5.124133625559456e-02, -5.524757924695135e-02, 3.014109000000000e+05, 1.306125049703036e-03, 6.895208013563122e+02, 5.522393371481071e-01, 2.337703393588734e-01
3264, 4.777377890011746e-02, 1.419127073685458e-02, 2.641294842248470e+00, 6.170143455863877e-02, -4.706606573843594e-02, 3.014109000000000e+05, 1.198110496319017e-03, 7.044528749980037e+02, 5.501438388104071e-01, 2.427437603082942e-01
3265, 4.777377890011746e-02, 1.401902946595666e-02, 2.640881816457492e+00, 7.938430713317271e-02, -4.083919856724270e-02, 3.014109000000000e+05, 1.080346673115374e-03, 7.383388545726285e+02, 5.478310460377036e-01, 2.527753596727603e-01
3266, 4.777377890011745e-02, 1.382765027118445e-02, 2.640236426482973e+00, 1.073410177759516e-01, -3.788454983205777e-02, 3.014109000000000e+05, 9.838232453073107e-04, 7.944994474089575e+02, 5.453047652473408e-01, 2.639695662501330e-01
3267, 4.777377890011746e-02, 1.361500671998711e-02, 2.639389385411825e+00, 1.492381050380461e-01, -3.984071668626122e-02, 3.014109000000000e+05, 9.544968113078892e-04, 8.686268516892202e+02, 5.425837243425123e-01, 2.764224227860897e-01
3268, 4.777377890011745e-02, 1.337873611009439e-02, 2.638377616896141e+00, 2.089069479995637e-01, -4.849362195178599e-02, 3.014109000000000e+05, 1.039123748478084e-03, 9.475623950105535e+02, 5.397029808343153e-01, 2.902062108371343e-01
3269, 4.777377890011744e-02, 1.311621321820187e-02, 2.637138777106410e+00, 2.894299991565891e-01, -6.538893713583545e-02, 3.014109000000000e+05, 1.262806748289959e-03, 1.011473964788906e+03, 5.367094060664668e-01, 3.053450368108879e-01
3270, 4.777377890011745e-02, 1.282452111807118e-02, 2.635300816411048e+00, 3.917175237439102e-01, -9.122420570674292e-02, 3.014109000000000e+05, 1.609271975316078e-03, 1.038347202738656e+03, 5.336484608778858e-01, 3.217805044042979e-01
3271, 4.777377890011746e-02, 1.250041877532429e-02, 2.631927849977139e+00, 5.128586418346509e-01, -1.251414942933320e-01, 3.014109000000000e+05, 2.015898247393108e-03, 1.010265259554026e+03, 5.305444664014974e-01, 3.393322766875206e-01
3272, 4.777377890011746e-02, 1.214030506647026e-02, 2.625448161875402e+00, 6.450773905501297e-01, -1.642366257866516e-01, 3.014109000000000e+05, 2.393444296906756e-03, 9.203271245814883e+02, 5.273859448108378e-01, 3.576693100579633e-01
3273, 4.777377890011746e-02, 1.174017873031432e-02, 2.614029874093620e+00, 7.764527064009511e-01, -2.037257629023160e-01, 3.014108999999999e+05, 2.670148592050313e-03, 7.777671445943596e+02, 5.241338129820976e-01, 3.763167059612946e-01
3274, 4.777377890011746e-02, 1.129559391561974e-02, 2.596402245258895e+00, 8.940140008453434e-01, -2.380402283922493e-01, 3.014109000000000e+05, 2.837389780279520e-03, 6.067768814565917e+02, 5.207612694352248e-01, 3.947160827375689e-01
3275, 4.777377890011746e-02, 1.080161078933071e-02, 2.572635967945443e+00, 9.882851220508876e-01, -2.625842523852841e-01, 3.014108999999998e+05, 2.956346774763257e-03, 4.374822346049408e+02, 5.173075813094951e-01, 4.123257157107480e-01
3276, 4.777377890011746e-02, 1.025274064200895e-02, 2.544212027584682e+00, 1.056840537268315e+00, -2.752904232189851e-01, 3.014109000000000e+05, 3.118263319485612e-03, 2.941292660884611e+02, 5.139046392016838e-01, 4.287085969868593e-01
3277, 4.777377890011746e-02, 9.642884910931484e-03, 2.513116617363446e+00, 1.104405619419150e+00, -2.769716968584252e-01, 3.014108999999999e+05, 3.396202815009664e-03, 1.880059608745656e+02, 5.107428290680518e-01, 4.435512014172089e-01
3278, 4.777377890011746e-02, 8.965267442227231e-03, 2.480629755751203e+00, 1.139219537439739e+00, -2.701344157947638e-01, 3.014108999999999e+05, 3.817726982605575e-03, 1.183880396908955e+02, 5.079896729145489e-01, 4.566126928452428e-01
3279, 4.777377890011745e-02, 8.212359141555731e-03, 2.447083403976340e+00, 1.168328559015266e+00, -2.571037413451750e-01, 3.014109000000000e+05, 4.343560156936571e-03, 7.743011840571296e+01, 5.057233194003982e-01, 4.676915691638776e-01
3280, 4.777377890011746e-02, 7.375794364576131e-03, 2.412929218765828e+00, 1.195285265213872e+00, -2.389016939751266e-01, 3.014108999999999e+05, 4.773781542587057e-03, 5.516718696387318e+01, 5.039286347866699e-01, 4.767004710742545e-01
3281, 4.777377890011746e-02, 6.446277950907124e-03, 2.379312303984153e+00, 1.221059095997735e+00, -2.153792821357549e-01, 3.014109000000000e+05, 4.951813461835845e-03, 4.363544637343810e+01, 5.025340550965649e-01, 4.837446313804142e-01
3282, 4.777377890011746e-02, 5.413481933655454e-03, 2.347671795031395e+00, 1.245485400822010e+00, -1.859217517614864e-01, 3.014109000000000e+05, 5.036292378739171e-03, 3.791138417864109e+01, 5.014592148713813e-01, 4.890395696149462e-01
3283, 4.777377890011746e-02, 4.265930803550984e-03, 2.319504293942444e+00, 1.267710456638977e+00, -1.499337899526251e-01, 3.014109000000000e+05, 5.088822859169414e-03, 3.524143267753296e+01, 5.006397652399835e-01, 4.928208760816277e-01
3284, 4.777377890011746e-02, 2.990873999490624e-03, 2.296445517802857e+00, 1.286328334878237e+00, -1.070075848664311e-01, 3.014108999999998e+05, 5.127552840131611e-03, 3.411162953133712e+01, 5.000337278697358e-01, 4.953157037820133e-01
3285, 4.777377890011746e-02, 1.574144213597620e-03, 2.280408496866311e+00, 1.299411644509268e+00, -5.696659489383021e-02, 3.014109000000000e+05, 5.153369856408773e-03, 3.369017219911377e+01, 4.996267172466515e-01, 4.967268675052795e-01
3286, 4.718397379352943e-02, 1.491761752498916e-02, 2.634220547835094e+00, 3.558658835336953e-03, -1.487163476845523e-02, 3.014109000000000e+05, 7.163048756399245e-04, 5.879644373688589e+02, 5.538123970733234e-01, 2.249541346673128e-01
3287, 4.718397379352943e-02, 1.482608144931926e-02, 2.634512123385594e+00, 4.363252500978044e-03, -1.061520919812401e-02, 3.014109000000000e+05, 6.929489968948057e-04, 5.900024595053095e+02, 5.526129354993429e-01, 2.302514661906644e-01
3288, 4.718397379352943e-02, 1.472437470245582e-02, 2.634752569950562e+00, 6.642803135171798e-03, -6.446277818354354e-03, 3.014109000000000e+05, 6.626375942967737e-04, 5.978409567170046e+02, 5.512778382686726e-01, 2.361643062591147e-01
3289, 4.718397379352943e-02, 1.461136720255550e-02, 2.635002721552507e+00, 1.114883721494061e-02, -2.589385459748136e-03, 3.014109000000000e+05, 6.244412467735268e-04, 6.144310704555661e+02, 5.497953083844287e-01, 2.427628546196583e-01
3290, 4.718397379352943e-02, 1.448580330986519e-02, 2.635236220189103e+00, 1.894940241430833e-02, 5.929436715710787e-04, 3.014109000000000e+05, 5.802630013536503e-04, 6.432499390756789e+02, 5.481544770420138e-01, 2.501225389341244e-01
3291, 4.718397379352942e-02, 1.434628787718474e-02, 2.635456258058895e+00, 3.151774291537223e-02, 2.583324565786825e-03, 3.014109000000000e+05, 5.361119011237164e-04, 6.872006236491118e+02, 5.463473948620772e-01, 2.583223793184335e-01
3292, 4.718397379352943e-02, 1.419127073686565e-02, 2.635674139651292e+00, 5.080771864518506e-02, 2.671740862464995e-03, 3.014109000000000e+05, 5.018757683839225e-04, 7.481777314117672e+02, 5.443700859136960e-01, 2.674467292769278e-01
3293, 4.718397379352941e-02, 1.401902946597073e-02, 2.635923789375333e+00, 7.929523527259835e-02, -5.805360578448071e-05, 3.014109000000000e+05, 4.928044028169568e-04, 8.264564137766868e+02, 5.422244158120239e-01, 2.775835255319602e-01
3294, 4.718397379352943e-02, 1.382765027120203e-02, 2.636259822067662e+00, 1.199143818462425e-01, -6.698929946344058e-03, 3.014109000000000e+05, 5.319428166746078e-04, 9.161862282691695e+02, 5.399211179371695e-01, 2.888123249478801e-01
3295, 4.718397379352943e-02, 1.361500672001001e-02, 2.636725719498672e+00, 1.757631058994421e-01, -1.840808312460859e-02, 3.014109000000000e+05, 6.440329102892224e-04, 1.002419516959638e+03, 5.374801715457760e-01, 3.011918081003091e-01
3296, 4.718397379352943e-02, 1.337873611012092e-02, 2.637261612774457e+00, 2.494798097772493e-01, -3.617351512618060e-02, 3.014109000000000e+05, 8.509323981293741e-04, 1.068198117228767e+03, 5.349263268450318e-01, 3.147489150838984e-01
3297, 4.718397379352943e-02, 1.311621321823402e-02, 2.637574650293769e+00, 3.423224897670123e-01, -6.046057173200273e-02, 3.014109000000000e+05, 1.158969437279385e-03, 1.099742464069414e+03, 5.322825772542713e-01, 3.294516442969638e-01
3298, 4.718397379352943e-02, 1.282452111810988e-02, 2.636973348052999e+00, 4.529876068100848e-01, -9.080503489041869e-02, 3.014109000000000e+05, 1.545627854174764e-03, 1.084824589625416e+03, 5.295601722190187e-01, 3.451785973227575e-01
3299, 4.718397379352943e-02, 1.250041877537320e-02, 2.634259319844728e+00, 5.765204448254538e-01, -1.254884950489914e-01, 3.014109000000000e+05, 1.954940013875553e-03, 1.014368967192839e+03, 5.267507160048640e-01, 3.616912062309198e-01
3300, 4.718397379352943e-02, 1.214030506652543e-02, 2.627873602787746e+00, 7.040912295094064e-01, -1.615035690088447e-01, 3.014109000000000e+05, 2.314026407103807e-03, 8.890076909450786e+02, 5.238299730587280e-01, 3.786251590463698e-01
3301, 4.718397379352943e-02, 1.174017873037974e-02, 2.616401470247439e+00, 8.244487565663656e-01, -1.950043735704814e-01, 3.014108999999999e+05, 2.571785219554349e-03, 7.237838116969698e+02, 5.207806646443303e-01, 3.955191695047882e-01
3302, 4.718397379352943e-02, 1.129559391569699e-02, 2.599255056933629e+00, 9.271335394842901e-01, -2.222496306216043e-01, 3.014108999999998e+05, 2.737348710189237e-03, 5.452246517836269e+02, 5.176285824587711e-01, 4.118845988586342e-01
3303, 4.718397379352942e-02, 1.080161078942157e-02, 2.577052591056409e+00, 1.006202800608047e+00, -2.407199087785283e-01, 3.014108999999998e+05, 2.876659726706781e-03, 3.811604031222255e+02, 5.144692478127572e-01, 4.272900689915902e-01
3304, 4.718397379352942e-02, 1.025274064211556e-02, 2.551298061231370e+00, 1.062309878032371e+00, -2.498301438050283e-01, 3.014109000000000e+05, 3.068138327587394e-03, 2.502203415002660e+02, 5.114584384524185e-01, 4.414139345800598e-01
3305, 4.718397379352944e-02, 9.642884911063181e-03, 2.523439532558216e+00, 1.101506982609996e+00, -2.507238091564577e-01, 3.014108999999999e+05, 3.361075267038695e-03, 1.581757297622153e+02, 5.087590785436490e-01, 4.540323328361807e-01
3306, 4.718397379352943e-02, 8.965267442372740e-03, 2.494090779790436e+00, 1.131406149495934e+00, -2.451818087349397e-01, 3.014108999999999e+05, 3.762093138036153e-03, 1.004828726636850e+02, 5.064752272197397e-01, 4.649710935028652e-01
3307, 4.718397379352942e-02, 8.212359141734533e-03, 2.463323050599445e+00, 1.157513464222262e+00, -2.344411872238430e-01, 3.014109000000000e+05, 4.230358317519460e-03, 6.741380893922911e+01, 5.046252487840456e-01, 4.741030418566007e-01
3308, 4.718397379352943e-02, 7.375794364772907e-03, 2.431678021176336e+00, 1.182190523307553e+00, -2.187956116653365e-01, 3.014108999999999e+05, 4.609415728428437e-03, 4.955102051422523e+01, 5.031665124902679e-01, 4.814237948938681e-01
3309, 4.718397379352943e-02, 6.446277951134829e-03, 2.400355865089205e+00, 1.205942546428399e+00, -1.979231913671635e-01, 3.014109000000001e+05, 4.783230720020341e-03, 4.025323692741017e+01, 5.020304942332872e-01, 4.870836770052298e-01
3310, 4.718397379352943e-02, 5.413481933918532e-03, 2.370729284831034e+00, 1.228558085397611e+00, -1.713107271229325e-01, 3.014109000000000e+05, 4.876491371007239e-03, 3.560678472655175e+01, 5.011498986652473e-01, 4.912981329894172e-01
3311, 4.718397379352943e-02, 4.265930803854493e-03, 2.344217472250575e+00, 1.249249669310487e+00, -1.384672758365237e-01, 3.014109000000000e+05, 4.937041867820786e-03, 3.344345571052776e+01, 5.004717898590680e-01, 4.942798443700058e-01
3312, 4.718397379352943e-02, 2.990873999840318e-03, 2.322397311626446e+00, 1.266678810156970e+00, -9.901741641052685e-02, 3.014109000000000e+05, 4.980176160212504e-03, 3.254949737399996e+01, 4.999618016225548e-01, 4.962252389619295e-01
3313, 4.718397379352943e-02, 1.574144214019806e-03, 2.307146900760532e+00, 1.278985758269820e+00, -5.278765793225558e-02, 3.014108999999998e+05, 5.007696473644696e-03, 3.223465110031271e+01, 4.996110703413895e-01, 4.973089201418978e-01
3314, 4.668546732231479e-02, 1.491761752498987e-02, 2.631517448242661e+00, -1.162405084169292e-02, 2.044041947535159e-02, 3.014109000000000e+05, 2.967988010480503e-04, 6.132211178320670e+02, 5.493776671868571e-01, 2.445715603587504e-01
3315, 4.668546732231481e-02, 1.482608144932085e-02, 2.631781608548763e+00, -8.459850958055968e-03, 2.143707687294487e-02, 3.014109000000000e+05, 2.856351002882415e-04, 6.319527422180259e+02, 5.481852532875963e-01, 2.501051703207327e-01
3316, 4.668546732231479e-02, 1.472437470245845e-02, 2.632018149304724e+00, -3.187072182990592e-03, 2.198948049212515e-02, 3.014109000000000e+05, 2.734388272039085e-04, 6.588937660141380e+02, 5.468682458687916e-01, 2.562558667936732e-01
3317, 4.668546732231479e-02, 1.461136720255940e-02, 2.632301022593487e+00, 5.107405467681054e-03, 2.185117364708630e-02, 3.014109000000000e+05, 2.614748697508442e-04, 6.972091121103783e+02, 5.454187272212495e-01, 2.630861197877675e-01
3318, 4.668546732231480e-02, 1.448580330987091e-02, 2.632628680502475e+00, 1.765239700977745e-02, 2.065775767730164e-02, 3.014109000000000e+05, 2.520845128107337e-04, 7.483989729515247e+02, 5.438302078059892e-01, 2.706609004422504e-01
3319, 4.668546732231480e-02, 1.434628787719196e-02, 2.633029540230860e+00, 3.604068599495525e-02, 1.792910287610659e-02, 3.014109000000000e+05, 2.499371012402348e-04, 8.122590839815938e+02, 5.420989249262709e-01, 2.790467444534673e-01
3320, 4.668546732231479e-02, 1.419127073687501e-02, 2.633540834453700e+00, 6.226225756574912e-02, 1.306088327990378e-02, 3.014109000000000e+05, 2.626989368924345e-04, 8.867935216811443e+02, 5.402245642629743e-01, 2.883109818824185e-01
3321, 4.668546732231479e-02, 1.401902946598262e-02, 2.634209949889352e+00, 9.867728653900315e-02, 5.343885434408476e-03, 3.014109000000000e+05, 3.031970381680072e-04, 9.677629168127728e+02, 5.382108607713337e-01, 2.985190422590067e-01
3322, 4.668546732231480e-02, 1.382765027121688e-02, 2.635071566412531e+00, 1.478682366997108e-01, -5.975950296487875e-03, 3.014109000000000e+05, 3.936512850630775e-04, 1.048487686086154e+03, 5.360654589108792e-01, 3.097285005123305e-01
3323, 4.668546732231481e-02, 1.361500672002936e-02, 2.636091015592484e+00, 2.122664236476257e-01, -2.157556736605446e-02, 3.014109000000000e+05, 5.516442775616139e-04, 1.113538028602452e+03, 5.338033488802401e-01, 3.219512105096738e-01
3324, 4.668546732231479e-02, 1.337873611014335e-02, 2.637071573808698e+00, 2.935154088441603e-01, -4.186518698861776e-02, 3.014109000000000e+05, 7.968132494196712e-04, 1.152367742250676e+03, 5.314358454534076e-01, 3.351754637193244e-01
3325, 4.668546732231480e-02, 1.311621321826118e-02, 2.637561394079444e+00, 3.916792726248567e-01, -6.676169560850201e-02, 3.014109000000000e+05, 1.131124610527976e-03, 1.152674388296279e+03, 5.289694714330513e-01, 3.493276508871910e-01
3326, 4.668546732231480e-02, 1.282452111814258e-02, 2.636775105144893e+00, 5.043053058297302e-01, -9.548341852417784e-02, 3.014109000000000e+05, 1.528431454693501e-03, 1.104474591333538e+03, 5.264024614667761e-01, 3.642485154718456e-01
3327, 4.668546732231479e-02, 1.250041877541454e-02, 2.633587746554890e+00, 6.256590014327748e-01, -1.264291086906267e-01, 3.014109000000000e+05, 1.932433520101213e-03, 1.003029827006446e+03, 5.237255508997531e-01, 3.796762113133449e-01
3328, 4.668546732231482e-02, 1.214030506657206e-02, 2.626746222299587e+00, 7.468650124058216e-01, -1.572301064629283e-01, 3.014109000000000e+05, 2.275632878540196e-03, 8.536930280237798e+02, 5.209320390831941e-01, 3.952504614947556e-01
3329, 4.668546732231479e-02, 1.174017873043503e-02, 2.615305740509406e+00, 8.576037993950625e-01, -1.850810997542802e-01, 3.014108999999999e+05, 2.517839793561078e-03, 6.752621660011944e+02, 5.180380704639926e-01, 4.105497116807572e-01
3330, 4.668546732231481e-02, 1.129559391576229e-02, 2.599087704797950e+00, 9.492210867287546e-01, -2.073706406498111e-01, 3.014109000000000e+05, 2.680344880820843e-03, 4.950560385580561e+02, 5.151047207430074e-01, 4.251572077596776e-01
3331, 4.668546732231481e-02, 1.080161078949837e-02, 2.578797902331408e+00, 1.017887090920510e+00, -2.224243885480152e-01, 3.014109000000000e+05, 2.832050583077700e-03, 3.381001458877245e+02, 5.122448063636488e-01, 4.387279845380073e-01
3332, 4.668546732231482e-02, 1.025274064220567e-02, 2.555620345240086e+00, 1.065837660246730e+00, -2.299568276195778e-01, 3.014109000000000e+05, 3.040334811400310e-03, 2.185654687258054e+02, 5.096000492198657e-01, 4.510186757559992e-01
3333, 4.668546732231480e-02, 9.642884911174491e-03, 2.530468217141642e+00, 1.099546251166674e+00, -2.308453262690879e-01, 3.014108999999998e+05, 3.336722110461282e-03, 1.379544984041786e+02, 5.072913934203866e-01, 4.618646456852005e-01
3334, 4.668546732231482e-02, 8.965267442495725e-03, 2.503579027745779e+00, 1.125973160870555e+00, -2.262872503345493e-01, 3.014108999999998e+05, 3.715181377977577e-03, 8.876316451210013e+01, 5.053739260831229e-01, 4.711430313611105e-01
3335, 4.668546732231481e-02, 8.212359141885655e-03, 2.475019202173809e+00, 1.149660524081924e+00, -2.169991126404985e-01, 3.014109000000000e+05, 4.136804230917277e-03, 6.088642358483544e+01, 5.038341068059606e-01, 4.787868050183820e-01
3336, 4.668546732231479e-02, 7.375794364939226e-03, 2.445461215292484e+00, 1.172362915137219e+00, -2.030417508792496e-01, 3.014109000000000e+05, 4.482734747464986e-03, 4.582309365374829e+01, 5.026217170531152e-01, 4.848464273978841e-01
3337, 4.668546732231478e-02, 6.446277951327285e-03, 2.416097266598928e+00, 1.194380129041758e+00, -1.840865090370895e-01, 3.014109000000000e+05, 4.653665784397965e-03, 3.793404146212689e+01, 5.016753316644231e-01, 4.894905868007182e-01
3338, 4.668546732231479e-02, 5.413481934140887e-03, 2.388209067720519e+00, 1.215470868886614e+00, -1.596656497216971e-01, 3.014108999999999e+05, 4.751979403150467e-03, 3.397388122163719e+01, 5.009373117812070e-01, 4.929222659179692e-01
3339, 4.668546732231480e-02, 4.265930804111021e-03, 2.363135906211018e+00, 1.234870993932182e+00, -1.293038535200164e-01, 3.014109000000000e+05, 4.816925913751908e-03, 3.213956095640390e+01, 5.003624644305591e-01, 4.953300339813089e-01
3340, 4.668546732231479e-02, 2.990874000135881e-03, 2.342402275876282e+00, 1.251285290934627e+00, -9.261812058178281e-02, 3.014108999999999e+05, 4.862282029686010e-03, 3.140087909710494e+01, 4.999222328251312e-01, 4.968839688440830e-01
3341, 4.668546732231480e-02, 1.574144214376640e-03, 2.327851260504727e+00, 1.262918959469237e+00, -4.943427048472621e-02, 3.014109000000000e+05, 4.890530749650802e-03, 3.115599304315009e+01, 4.996123558890629e-01, 4.977358740198309e-01
3342, 4.627075502212512e-02, 1.491761752499047e-02, 2.631032759021266e+00, -1.255784372556047e-02, 2.622659098050102e-02, 3.014109000000000e+05, 1.355079193025827e-04, 8.322984099146400e+02, 5.461371951254671e-01, 2.607515252762215e-01
3343, 4.627075502212513e-02, 1.482608144932216e-02, 2.631202894316699e+00, -7.633273519634536e-03, 2.531726355671395e-02, 3.014109000000000e+05, 1.306356625712292e-04, 8.519396759045101e+02, 5.449292367855928e-01, 2.665939711461452e-01
3344, 4.627075502212512e-02, 1.472437470246063e-02, 2.631384130767474e+00, -1.312891791170569e-04, 2.386131733695039e-02, 3.014109000000000e+05, 1.261382537359770e-04, 8.817946202237979e+02, 5.436045291227762e-01, 2.730500582190086e-01
3345, 4.627075502212510e-02, 1.461136720256264e-02, 2.631632178654574e+00, 1.095309745187338e-02, 2.162978030033078e-02, 3.014109000000000e+05, 1.241727808346596e-04, 9.232229460254582e+02, 5.421583557412969e-01, 2.801675006978677e-01
3346, 4.627075502212512e-02, 1.448580330987566e-02, 2.631956635617436e+00, 2.691364118025989e-02, 1.830742464666868e-02, 3.014109000000000e+05, 1.274156804370103e-04, 9.736029092557894e+02, 5.405874483288777e-01, 2.879937425659414e-01
3347, 4.627075502212510e-02, 1.434628787719796e-02, 2.632384918434092e+00, 4.935308830474425e-02, 1.349980513722936e-02, 3.014109000000000e+05, 1.399650654323602e-04, 1.029477169939600e+03, 5.388904352858852e-01, 2.965764348179096e-01
3348, 4.627075502212510e-02, 1.419127073688279e-02, 2.632949465229508e+00, 8.019410036443107e-02, 6.740122158095534e-03, 3.014109000000000e+05, 1.693992565796449e-04, 1.086021362802571e+03, 5.370681658275096e-01, 3.059617487820515e-01
3349, 4.627075502212512e-02, 1.401902946599251e-02, 2.633676546894112e+00, 1.216212140363607e-01, -2.486379404754895e-03, 3.014109000000000e+05, 2.299090929842136e-04, 1.138187265287366e+03, 5.351235010155512e-01, 3.161922349001631e-01
3350, 4.627075502212510e-02, 1.382765027122924e-02, 2.634553356681135e+00, 1.758976411976079e-01, -1.469038289252047e-02, 3.014109000000000e+05, 3.394100123849272e-04, 1.178521536857962e+03, 5.330633054227737e-01, 3.272866011222582e-01
3351, 4.627075502212511e-02, 1.361500672004547e-02, 2.635476225327123e+00, 2.449740195904661e-01, -3.029035744989882e-02, 3.014109000000000e+05, 5.195193627126034e-04, 1.202899734193015e+03, 5.308943491757612e-01, 3.392430688884565e-01
3352, 4.627075502212512e-02, 1.337873611016200e-02, 2.636178349811177e+00, 3.298895619462320e-01, -4.949035249290768e-02, 3.014109000000000e+05, 7.876014727242619e-04, 1.206429032095084e+03, 5.286213148844634e-01, 3.520250583502613e-01
3353, 4.627075502212511e-02, 1.311621321828378e-02, 2.636193132356509e+00, 4.300822366322994e-01, -7.214527073466294e-02, 3.014109000000000e+05, 1.137706111274708e-03, 1.178986856271511e+03, 5.262465343221560e-01, 3.655380416416674e-01
3354, 4.627075502212510e-02, 1.282452111816980e-02, 2.634821789350680e+00, 5.425603984974604e-01, -9.762977422226582e-02, 3.014109000000000e+05, 1.538711382530148e-03, 1.106925885168101e+03, 5.237703542993192e-01, 3.796102286855066e-01
3355, 4.627075502212510e-02, 1.250041877544893e-02, 2.631140373696526e+00, 6.612461242369749e-01, -1.247177213034414e-01, 3.014109000000000e+05, 1.933580024698878e-03, 9.842258779182033e+02, 5.211942295620088e-01, 3.939810613506908e-01
3356, 4.627075502212512e-02, 1.214030506661085e-02, 2.624169833527462e+00, 7.772918306602986e-01, -1.515403919352821e-01, 3.014108999999999e+05, 2.259746672528976e-03, 8.193444108512032e+02, 5.185292243301849e-01, 4.083108280299855e-01
3357, 4.627075502212510e-02, 1.174017873048103e-02, 2.613211116068119e+00, 8.809603311388832e-01, -1.757842776333035e-01, 3.014109000000000e+05, 2.486597289217223e-03, 6.339000360310866e+02, 5.158102472500689e-01, 4.222197734072594e-01
3358, 4.627075502212511e-02, 1.129559391581660e-02, 2.598179429378208e+00, 9.647349265751489e-01, -1.952184762186869e-01, 3.014108999999999e+05, 2.645351216430528e-03, 4.552516910727043e+02, 5.131092418474232e-01, 4.353493945682984e-01
3359, 4.627075502212510e-02, 1.080161078956226e-02, 2.579651262830391e+00, 1.026139953827192e+00, -2.083851645515705e-01, 3.014109000000000e+05, 2.805685506681878e-03, 3.058894378643612e+02, 5.105341915992884e-01, 4.474176798917648e-01
3360, 4.627075502212512e-02, 1.025274064228063e-02, 2.558510764351207e+00, 1.068408439966421e+00, -2.150266096021867e-01, 3.014109000000000e+05, 3.024568689546155e-03, 1.962250365359436e+02, 5.082043545195092e-01, 4.582364152294372e-01
3361, 4.627075502212510e-02, 9.642884911267090e-03, 2.535361323982502e+00, 1.098220203028296e+00, -2.158666712763734e-01, 3.014108999999998e+05, 3.319924755723233e-03, 1.241932451546878e+02, 5.062074466412702e-01, 4.676845521111516e-01
3362, 4.627075502212513e-02, 8.965267442598037e-03, 2.510310811434635e+00, 1.122052922266012e+00, -2.118506863075263e-01, 3.014109000000000e+05, 3.677641973592354e-03, 8.089563207812188e+01, 5.045686885277096e-01, 4.756797815330384e-01
3363, 4.627075502212512e-02, 8.212359142011376e-03, 2.483496832458075e+00, 1.143823347637064e+00, -2.034812142965242e-01, 3.014109000000000e+05, 4.061889148002140e-03, 5.648728136452608e+01, 5.032594940601314e-01, 4.821988602089095e-01
3364, 4.627075502212511e-02, 7.375794365077587e-03, 2.455657974063925e+00, 1.164924028868801e+00, -1.907176971531276e-01, 3.014109000000001e+05, 4.384222108070247e-03, 4.326496288668691e+01, 5.022291701037668e-01, 4.873237306150330e-01
3365, 4.627075502212512e-02, 6.446277951487393e-03, 2.427924018900635e+00, 1.185531443776925e+00, -1.732095266815160e-01, 3.014108999999999e+05, 4.553147079196141e-03, 3.630386134374182e+01, 5.014226970456552e-01, 4.912255905379725e-01
3366, 4.627075502212511e-02, 5.413481934325869e-03, 2.401483502720891e+00, 1.205377599200279e+00, -1.504849064586967e-01, 3.014109000000001e+05, 4.654425798532081e-03, 3.280108471246472e+01, 5.007894769694993e-01, 4.940908017452642e-01
3367, 4.627075502212511e-02, 4.265930804324428e-03, 2.377612372381654e+00, 1.223712789811441e+00, -1.220600742442418e-01, 3.014109000000000e+05, 4.721781291597292e-03, 3.118849779075382e+01, 5.002901263713561e-01, 4.960863250492245e-01
3368, 4.627075502212510e-02, 2.990874000381763e-03, 2.357794895781200e+00, 1.239280698889286e+00, -8.754525910673501e-02, 3.014109000000000e+05, 4.768214713554729e-03, 3.055436059663418e+01, 4.999007769438893e-01, 4.973609118006650e-01
3369, 4.627075502212511e-02, 1.574144214673493e-03, 2.343840710085544e+00, 1.250347618378001e+00, -4.676998810843423e-02, 3.014109000000000e+05, 4.796711470013110e-03, 3.035587520395982e+01, 4.996208312610239e-01, 4.980484464977419e-01
3370, 4.593027877977816e-02, 1.491761752499096e-02, 2.631082206224724e+00, -8.252157331517754e-03, 1.985308223026138e-02, 3.014109000000000e+05, 5.904651111223954e-05, 1.411120779930970e+03, 5.435970268739576e-01, 2.743558103721480e-01
3371, 4.593027877977815e-02, 1.482608144932324e-02, 2.631147344008472e+00, -2.287990323279757e-03, 1.818140929529343e-02, 3.014109000000000e+05, 5.821744463437969e-05, 1.393257366440790e+03, 5.423458124146342e-01, 2.805744013234543e-01
3372, 4.593027877977816e-02, 1.472437470246243e-02, 2.631266298562897e+00, 6.609510368134992e-03, 1.602998349569081e-02, 3.014109000000000e+05, 5.856780027962827e-05, 1.383880498651005e+03, 5.409855284851550e-01, 2.873833194989190e-01
3373, 4.593027877977815e-02, 1.461136720256531e-02, 2.631445669785339e+00, 1.948906598471344e-02, 1.319041012978078e-02, 3.014109000000000e+05, 6.202199456162017e-05, 1.376510544741648e+03, 5.395149672354067e-01, 2.948075091489022e-01
3374, 4.593027877977814e-02, 1.448580330987956e-02, 2.631699462899925e+00, 3.765496431615707e-02, 9.395004966007772e-03, 3.014109000000000e+05, 7.095170294104135e-05, 1.368913705798697e+03, 5.379338587820464e-01, 3.028722880735235e-01
3375, 4.593027877977816e-02, 1.434628787720288e-02, 2.632047383485380e+00, 6.268059978013661e-02, 4.319451295983229e-03, 3.014109000000000e+05, 8.988812180754236e-05, 1.358244828863234e+03, 5.362430147849144e-01, 3.116031426084052e-01
3376, 4.593027877977816e-02, 1.419127073688918e-02, 2.632506230149137e+00, 9.641489643921196e-02, -2.412419752079880e-03, 3.014109000000000e+05, 1.276691170661628e-04, 1.342495121400857e+03, 5.344439027700461e-01, 3.210269787342712e-01
3377, 4.593027877977816e-02, 1.401902946600063e-02, 2.633076178470777e+00, 1.409141648268808e-01, -1.121498540557350e-02, 3.014109000000000e+05, 1.973790956152896e-04, 1.322056950650628e+03, 5.325400157202612e-01, 3.311611494257029e-01
3378, 4.593027877977816e-02, 1.382765027123938e-02, 2.633712753535677e+00, 1.982415106976519e-01, -2.251052838051276e-02, 3.014109000000000e+05, 3.189142554968599e-04, 1.298897472569422e+03, 5.305344511156708e-01, 3.420179377369253e-01
3379, 4.593027877977816e-02, 1.361500672005868e-02, 2.634291207094806e+00, 2.700714562327419e-01, -3.667389045276605e-02, 3.014109000000000e+05, 5.155375826188492e-04, 1.273978038579639e+03, 5.284300935687345e-01, 3.535908612432674e-01
3380, 4.593027877977817e-02, 1.337873611017732e-02, 2.634550918821826e+00, 3.571001379966681e-01, -5.394150460456448e-02, 3.014109000000000e+05, 8.007760592776551e-04, 1.242069834520918e+03, 5.262296228569326e-01, 3.658377891161903e-01
3381, 4.593027877977816e-02, 1.311621321830233e-02, 2.634093839117456e+00, 4.583973215611294e-01, -7.428921792408526e-02, 3.014108999999999e+05, 1.159439973723182e-03, 1.189543745025228e+03, 5.239363671290194e-01, 3.786620961264106e-01
3382, 4.593027877977818e-02, 1.282452111819214e-02, 2.632342334822196e+00, 5.705989806895264e-01, -9.727343391169033e-02, 3.014109000000000e+05, 1.558416488513325e-03, 1.099365602628065e+03, 5.215554785499312e-01, 3.918947869280229e-01
3383, 4.593027877977816e-02, 1.250041877547716e-02, 2.628509737703747e+00, 6.873063316026882e-01, -1.218507847213002e-01, 3.014109000000000e+05, 1.941646485164972e-03, 9.625855808824956e+02, 5.190962290109239e-01, 4.052856592594444e-01
3384, 4.593027877977817e-02, 1.214030506664269e-02, 2.621732471895662e+00, 7.995818079921216e-01, -1.462886125408093e-01, 3.014108999999999e+05, 2.251800754420529e-03, 7.882789177183290e+02, 5.165781809588759e-01, 4.185163063314766e-01
3385, 4.593027877977816e-02, 1.174017873051879e-02, 2.611379480035806e+00, 8.980522596381094e-01, -1.683728426119001e-01, 3.014109000000000e+05, 2.465976287395215e-03, 5.998383509410988e+02, 5.140423036649684e-01, 4.312412248380715e-01
3386, 4.593027877977817e-02, 1.129559391586120e-02, 2.597356894375550e+00, 9.760506894602621e-01, -1.859895834982706e-01, 3.014108999999999e+05, 2.622458895539938e-03, 4.244140702958456e+02, 5.115606403474804e-01, 4.431464645441104e-01
3387, 4.593027877977818e-02, 1.080161078961472e-02, 2.580144462281225e+00, 1.032135219828287e+00, -1.978262951094857e-01, 3.014109000000001e+05, 2.789852759011867e-03, 2.822348010096952e+02, 5.092322663375229e-01, 4.539969457135472e-01
3388, 4.593027877977816e-02, 1.025274064234218e-02, 2.560466873736118e+00, 1.070270434212111e+00, -2.037320626101469e-01, 3.014109000000000e+05, 3.015867061516148e-03, 1.804051368864371e+02, 5.071582649874005e-01, 4.636451257720641e-01
3389, 4.593027877977817e-02, 9.642884911343113e-03, 2.538776868759540e+00, 1.097242781467693e+00, -2.044212140473766e-01, 3.014108999999999e+05, 3.308224545501439e-03, 1.146252720840716e+02, 5.054037706671355e-01, 4.720021380609720e-01
3390, 4.593027877977816e-02, 8.965267442682032e-03, 2.515134374082521e+00, 1.119141250754996e+00, -2.007206619209963e-01, 3.014108999999999e+05, 3.647981865307592e-03, 7.545936532417294e+01, 5.039760462195311e-01, 4.790151446963621e-01
3391, 4.593027877977816e-02, 8.212359142114590e-03, 2.489717525478730e+00, 1.139432262545353e+00, -1.929957621756468e-01, 3.014109000000001e+05, 4.002752822610907e-03, 5.343068002647233e+01, 5.028391791520493e-01, 4.846895099080039e-01
3392, 4.593027877977816e-02, 7.375794365191181e-03, 2.463272661742012e+00, 1.159269359943840e+00, -1.811214809318798e-01, 3.014109000000000e+05, 4.307127765349252e-03, 4.146263550794274e+01, 5.019440929738818e-01, 4.891228913528290e-01
3393, 4.593027877977816e-02, 6.446277951618840e-03, 2.436859057787983e+00, 1.178752168653823e+00, -1.647149519582517e-01, 3.014109000000000e+05, 4.474769281903172e-03, 3.513619979832266e+01, 5.012410961578233e-01, 4.924815070110114e-01
3394, 4.593027877977816e-02, 5.413481934477734e-03, 2.411591340810444e+00, 1.197596481177520e+00, -1.432942858990401e-01, 3.014109000000001e+05, 4.577810224651953e-03, 3.194876632711846e+01, 5.006850349529315e-01, 4.949353262291090e-01
3395, 4.593027877977816e-02, 4.265930804499633e-03, 2.388699911595302e+00, 1.215066914708517e+00, -1.163697726663653e-01, 3.014109000000000e+05, 4.646472794860509e-03, 3.048963995589258e+01, 5.002410889560276e-01, 4.966333129500262e-01
3396, 4.593027877977816e-02, 2.990874000583631e-03, 2.369636342451929e+00, 1.229942410117549e+00, -8.354961342148970e-02, 3.014108999999999e+05, 4.693388186518619e-03, 2.992731107754202e+01, 4.998891187027004e-01, 4.977074249371865e-01
3397, 4.593027877977816e-02, 1.574144214917208e-03, 2.356178072481403e+00, 1.240542967514630e+00, -4.466743852634737e-02, 3.014109000000000e+05, 4.721906304412140e-03, 2.976013023911441e+01, 4.996313144364087e-01, 4.982776595715199e-01
3398, 4.565376817936308e-02, 1.491761752499136e-02, 2.631047270735218e+00, -3.449240502676577e-03, 1.099305269126245e-02, 3.014109000000000e+05, 2.251774970445737e-05, 2.870811704016984e+03, 5.414429940070882e-01, 2.861219957478637e-01
3399, 4.565376817936308e-02, 1.482608144932412e-02, 2.631022567792305e+00, 2.982426580395560e-03, 9.315381350126811e-03, 3.014109000000000e+05, 2.374098313100218e-05, 2.654575834024447e+03, 5.401239905013798e-01, 2.927798415614667e-01
3400, 4.565376817936307e-02, 1.472437470246389e-02, 2.631081062732111e+00, 1.266513778977047e-02, 7.285825025018812e-03, 3.014109000000000e+05, 2.663417383307693e-05, 2.423146319048985e+03, 5.387097659635458e-01, 2.999597876757520e-01
3401, 4.565376817936308e-02, 1.461136720256747e-02, 2.631181754823589e+00, 2.665623502571828e-02, 4.696969279170393e-03, 3.014109000000000e+05, 3.253481201985442e-05, 2.195246632862451e+03, 5.372032067352651e-01, 3.076597711246016e-01
3402, 4.565376817936308e-02, 1.448580330988273e-02, 2.631341717963636e+00, 4.624239776371119e-02, 1.303776204412452e-03, 3.014109000000000e+05, 4.407697186307811e-05, 1.982770454187187e+03, 5.356070805192399e-01, 3.158827771041250e-01
3403, 4.565376817936308e-02, 1.434628787720689e-02, 2.631568648006355e+00, 7.296589584572791e-02, -3.189895988010445e-03, 3.014109000000000e+05, 6.638404626637230e-05, 1.791889395653893e+03, 5.339232033254866e-01, 3.246406239762000e-01
3404, 4.565376817936306e-02, 1.419127073689437e-02, 2.631866941912069e+00, 1.086305854508680e-01, -9.133716109735884e-03, 3.014109000000000e+05, 1.081183314361716e-04, 1.629469014311011e+03, 5.321527646926730e-01, 3.339515055740637e-01
3405, 4.565376817936308e-02, 1.401902946600723e-02, 2.632223700158997e+00, 1.552231881267062e-01, -1.693025559305384e-02, 3.014109000000000e+05, 1.840598867811704e-04, 1.497727155754917e+03, 5.302955791854487e-01, 3.438408653087837e-01
3406, 4.565376817936307e-02, 1.382765027124762e-02, 2.632591525340614e+00, 2.146969719363159e-01, -2.701810917780983e-02, 3.014109000000000e+05, 3.154907659350293e-04, 1.397791606391218e+03, 5.283511832307756e-01, 3.543297153944631e-01
3407, 4.565376817936308e-02, 1.361500672006941e-02, 2.632859980789273e+00, 2.885540330198353e-01, -3.982288202969838e-02, 3.014109000000000e+05, 5.251171756810261e-04, 1.324816360971017e+03, 5.263196913195105e-01, 3.654202320731360e-01
3408, 4.565376817936306e-02, 1.337873611018976e-02, 2.632807158839075e+00, 3.772392107048597e-01, -5.565487908233879e-02, 3.014108999999999e+05, 8.222699841042453e-04, 1.263958452390992e+03, 5.242026752548324e-01, 3.770773896080390e-01
3409, 4.565376817936308e-02, 1.311621321831740e-02, 2.632095227075222e+00, 4.795087162291843e-01, -7.455671263977637e-02, 3.014109000000000e+05, 1.184069106366379e-03, 1.192494842763697e+03, 5.220043594642108e-01, 3.892101749678300e-01
3410, 4.565376817936308e-02, 1.282452111821028e-02, 2.630215267901833e+00, 5.916410101845885e-01, -9.610907686603923e-02, 3.014109000000000e+05, 1.576885151813974e-03, 1.088519356125626e+03, 5.197324377209154e-01, 4.016552735525548e-01
3411, 4.565376817936308e-02, 1.250041877550009e-02, 2.626422363555183e+00, 7.069199705176655e-01, -1.192385340890210e-01, 3.014109000000000e+05, 1.949127547128714e-03, 9.418831060403513e+02, 5.173994732780366e-01, 4.141714993461102e-01
3412, 4.565376817936308e-02, 1.214030506666856e-02, 2.619878675476512e+00, 8.163187620170993e-01, -1.421799300513712e-01, 3.014109000000000e+05, 2.246450843112750e-03, 7.618653976621993e+02, 5.150281939813103e-01, 4.264566600074627e-01
3413, 4.565376817936308e-02, 1.174017873054946e-02, 2.609987403700087e+00, 9.107915963171549e-01, -1.627536263966832e-01, 3.014108999999999e+05, 2.451370383354582e-03, 5.726687252732191e+02, 5.126613806209543e-01, 4.381915726407314e-01
3414, 4.565376817936308e-02, 1.129559391589741e-02, 2.596676140671597e+00, 9.843932204183338e-01, -1.789862170783336e-01, 3.014108999999999e+05, 2.607072867793648e-03, 4.009682766259521e+02, 5.103694646219422e-01, 4.490964280252004e-01
3415, 4.565376817936307e-02, 1.080161078965731e-02, 2.580396290081654e+00, 1.036499164118801e+00, -1.897594026984580e-01, 3.014109000000000e+05, 2.780343004976931e-03, 2.648751677215261e+02, 5.082441166973396e-01, 4.589713649927635e-01
3416, 4.565376817936308e-02, 1.025274064239217e-02, 2.561785822411943e+00, 1.071596340793165e+00, -1.950592391043786e-01, 3.014109000000000e+05, 3.011147624860703e-03, 1.690296989956652e+02, 5.063729589987268e-01, 4.676982834738371e-01
3417, 4.565376817936306e-02, 9.642884911404854e-03, 2.541197752954928e+00, 1.096492665432431e+00, -1.956056745445573e-01, 3.014108999999999e+05, 3.299811043774780e-03, 1.078256247188379e+02, 5.048054395253321e-01, 4.752107994905812e-01
3418, 4.565376817936307e-02, 8.965267442750245e-03, 2.518653720598002e+00, 1.116951294537321e+00, -1.921276159902124e-01, 3.014108999999998e+05, 3.624726918519013e-03, 7.160878681145927e+01, 5.035374930767014e-01, 4.814759932311997e-01
3419, 4.565376817936307e-02, 8.212359142198420e-03, 2.494345257999324e+00, 1.136106983435454e+00, -1.848799285689477e-01, 3.014109000000001e+05, 3.956639190499413e-03, 5.125524144357019e+01, 5.025297091263407e-01, 4.865168130752704e-01
3420, 4.565376817936308e-02, 7.375794365283433e-03, 2.469007410753172e+00, 1.154954497840874e+00, -1.736734158179730e-01, 3.014109000000000e+05, 4.246571483931166e-03, 4.016680575937305e+01, 5.017353056646915e-01, 4.904375463289568e-01
3421, 4.565376817936308e-02, 6.446277951725592e-03, 2.443643008840012e+00, 1.173547575718048e+00, -1.581027222560371e-01, 3.014109000000000e+05, 4.413519338392893e-03, 3.428691339636020e+01, 5.011090269440102e-01, 4.933967439370371e-01
3422, 4.565376817936308e-02, 5.413481934601070e-03, 2.419310823889417e+00, 1.191593512385742e+00, -1.376812291962514e-01, 3.014109000000000e+05, 4.517607965091096e-03, 3.132245741371031e+01, 5.006099935163707e-01, 4.955499324541208e-01
3423, 4.565376817936308e-02, 4.265930804641924e-03, 2.397206481955746e+00, 1.208370314388148e+00, -1.119163821440409e-01, 3.014109000000000e+05, 4.586964206480311e-03, 2.997189945295545e+01, 5.002069522585895e-01, 4.970315999513756e-01
3424, 4.565376817936308e-02, 2.990874000747574e-03, 2.378753416686198e+00, 1.222687430115103e+00, -8.041579495839234e-02, 3.014108999999999e+05, 4.634057319663553e-03, 2.945990454648052e+01, 4.998826587300001e-01, 4.979606628934591e-01
3425, 4.565376817936308e-02, 1.574144215115136e-03, 2.365699551939143e+00, 1.232910277363209e+00, -4.301598004106322e-02, 3.014109000000001e+05, 4.662498298335662e-03, 2.931427229394642e+01, 4.996413753128516e-01, 4.984464426964541e-01
3426, 4.543117918309771e-02, 1.491761752499167e-02, 2.630829326394167e+00, 4.307484272090109e-05, 3.718474678161052e-03, 3.014109000000000e+05, 7.182032029699148e-06, 6.737745829082936e+03, 5.394940733564960e-01, 2.966839191738129e-01
3427, 4.543117918309771e-02, 1.482608144932483e-02, 2.630750193755236e+00, 6.629103252334292e-03, 2.437692808331199e-03, 3.014109000000000e+05, 8.995318828725786e-06, 5.504917631926594e+03, 5.380936983893481e-01, 3.038110138431812e-01
3428, 4.543117918309773e-02, 1.472437470246506e-02, 2.630756496141832e+00, 1.678597003844273e-02, 9.029192734427979e-04, 3.014109000000000e+05, 1.242347613150397e-05, 4.400824068701265e+03, 5.366260892061837e-01, 3.113130798289654e-01
3429, 4.543117918309771e-02, 1.461136720256921e-02, 2.630785044120282e+00, 3.154385568803819e-02, -1.108323952921897e-03, 3.014109000000000e+05, 1.893820867619449e-05, 3.498232809444908e+03, 5.350969831675484e-01, 3.191687309055116e-01
3430, 4.543117918309771e-02, 1.448580330988528e-02, 2.630851666653482e+00, 5.215908631550832e-02, -3.844133208879698e-03, 3.014109000000000e+05, 3.134819991636027e-05, 2.801659798738965e+03, 5.335085011482729e-01, 3.273802242698131e-01
3431, 4.543117918309772e-02, 1.434628787721011e-02, 2.630959163737494e+00, 8.015232597295849e-02, -7.605485431448022e-03, 3.014109000000000e+05, 5.503351482461403e-05, 2.280591101898388e+03, 5.318585927321109e-01, 3.359751291846471e-01
3432, 4.543117918309773e-02, 1.419127073689855e-02, 2.631108524392016e+00, 1.173046937244850e-01, -1.275584650252382e-02, 3.014109000000000e+05, 9.956210224442528e-05, 1.903004984652671e+03, 5.301425703074920e-01, 3.449977919794712e-01
3433, 4.543117918309772e-02, 1.401902946601254e-02, 2.631290313680877e+00, 1.655648313253054e-01, -1.972516457295748e-02, 3.014109000000000e+05, 1.806221121848152e-04, 1.640625288351128e+03, 5.283547478288746e-01, 3.544984375685932e-01
3434, 4.543117918309772e-02, 1.382765027125426e-02, 2.631469898880995e+00, 2.268076429970458e-01, -2.899017767319061e-02, 3.014109000000000e+05, 3.199980459869785e-04, 1.467872559124407e+03, 5.264902531436939e-01, 3.645185317571035e-01
3435, 4.543117918309772e-02, 1.361500672007806e-02, 2.631558355832309e+00, 3.023873487915870e-01, -4.101081162346717e-02, 3.014109000000000e+05, 5.392332430950619e-04, 1.357154306440130e+03, 5.245464662889783e-01, 3.750739529720706e-01
3436, 4.543117918309771e-02, 1.337873611019977e-02, 2.631359853583901e+00, 3.925154528705462e-01, -5.610488533496871e-02, 3.014109000000000e+05, 8.440494040332458e-04, 1.276212826719828e+03, 5.225239250078395e-01, 3.861368821378013e-01
3437, 4.543117918309772e-02, 1.311621321832953e-02, 2.630554223915559e+00, 4.956540526593448e-01, -7.427698670570804e-02, 3.014109000000001e+05, 1.206486489343666e-03, 1.191786231520593e+03, 5.204271361447806e-01, 3.976191358942113e-01
3438, 4.543117918309772e-02, 1.282452111822488e-02, 2.628642544428117e+00, 6.077672239385690e-01, -9.502993979333227e-02, 3.014109000000000e+05, 1.592107816268751e-03, 1.077831390506248e+03, 5.182649576269706e-01, 4.093591477884774e-01
3439, 4.543117918309772e-02, 1.250041877551855e-02, 2.624898298694281e+00, 7.218959702750363e-01, -1.172116536974947e-01, 3.014109000000001e+05, 1.954642502848052e-03, 9.240312230693393e+02, 5.160518348747485e-01, 4.211201980025949e-01
3440, 4.543117918309772e-02, 1.214030506668937e-02, 2.618504820063830e+00, 8.289951624531449e-01, -1.390399074786467e-01, 3.014109000000000e+05, 2.242355844293859e-03, 7.403690511787125e+02, 5.138124930422926e-01, 4.326115052587213e-01
3441, 4.543117918309772e-02, 1.174017873057415e-02, 2.608912582519375e+00, 9.203369635957480e-01, -1.584265614907092e-01, 3.014108999999999e+05, 2.440706586475825e-03, 5.514451079931769e+02, 5.115909990071928e-01, 4.435336111377970e-01
3442, 4.543117918309771e-02, 1.129559391592657e-02, 2.596099301085191e+00, 9.905714354915995e-01, -1.735675566256173e-01, 3.014108999999999e+05, 2.596508339078704e-03, 3.832351661407398e+02, 5.094563647557341e-01, 4.536326862081728e-01
3443, 4.543117918309771e-02, 1.080161078969161e-02, 2.580505065017926e+00, 1.039693700006213e+00, -1.835197893300302e-01, 3.014109000000000e+05, 2.774577076159204e-03, 2.520258301016871e+02, 5.074943010273424e-01, 4.627347844136933e-01
3444, 4.543117918309772e-02, 1.025274064243240e-02, 2.562699087755099e+00, 1.072547391201617e+00, -1.883653673038967e-01, 3.014108999999999e+05, 3.008616402980503e-03, 1.607270459307653e+02, 5.057821674511989e-01, 4.707425183661241e-01
3445, 4.543117918309773e-02, 9.642884911454555e-03, 2.542954714183888e+00, 1.095913648804782e+00, -1.888092275234456e-01, 3.014108999999999e+05, 3.293653778468914e-03, 1.029039179884234e+02, 5.043582251635921e-01, 4.776046985710375e-01
3446, 4.543117918309772e-02, 8.965267442805161e-03, 2.521263666110960e+00, 1.115292006989520e+00, -1.854968893331598e-01, 3.014108999999999e+05, 3.606679312753093e-03, 6.882705344443100e+01, 5.032111894490774e-01, 4.833014854203165e-01
3447, 4.543117918309773e-02, 8.212359142265892e-03, 2.497823224630570e+00, 1.133574581951405e+00, -1.786034298943126e-01, 3.014108999999999e+05, 3.921001606437448e-03, 4.967748795730645e+01, 5.023002613018537e-01, 4.878663344871948e-01
3448, 4.543117918309772e-02, 7.375794365357696e-03, 2.473353789565550e+00, 1.151649557370276e+00, -1.678980980250432e-01, 3.014109000000000e+05, 4.198915786991978e-03, 3.921987430496878e+01, 5.015810348910021e-01, 4.914053501868185e-01
3449, 4.543117918309772e-02, 6.446277951811526e-03, 2.448815438363492e+00, 1.169542917593402e+00, -1.529622489251833e-01, 3.014109000000000e+05, 4.365626104396155e-03, 3.366110262862671e+01, 5.010118711722081e-01, 4.940690382151640e-01
3450, 4.543117918309772e-02, 5.413481934700354e-03, 2.425223356848190e+00, 1.186957422288184e+00, -1.333074290568818e-01, 3.014109000000001e+05, 4.470327552797628e-03, 3.085754597275949e+01, 5.005552182035568e-01, 4.960008781761271e-01
3451, 4.543117918309771e-02, 4.265930804756466e-03, 2.403745415542945e+00, 1.203182759786277e+00, -1.084392002541586e-01, 3.014109000000000e+05, 4.540036956165440e-03, 2.958527635732612e+01, 5.001825830674589e-01, 4.973239316049166e-01
3452, 4.543117918309773e-02, 2.990874000879547e-03, 2.385781100438245e+00, 1.217054078877983e+00, -7.796490129921986e-02, 3.014109000000000e+05, 4.587157581210445e-03, 2.910923948610790e+01, 4.998789381301719e-01, 4.981470644411769e-01
3453, 4.543117918309772e-02, 1.574144215274466e-03, 2.373052643875110e+00, 1.226974360459409e+00, -4.172296668813935e-02, 3.014109000000000e+05, 4.615486489581037e-03, 2.897873280610196e+01, 4.996500733017260e-01, 4.985714243435715e-01
3454, 4.525326631994318e-02, 1.491761752499192e-02, 2.630525472613859e+00, 1.963015062499902e-03, -7.426776706092884e-04, 3.014109000000000e+05, 1.857668628081618e-06, 1.805832439473720e+04, 5.376342610281523e-01, 3.066033329986084e-01
3455, 4.525326631994319e-02, 1.482608144932539e-02, 2.630421744009268e+00, 8.638692745260962e-03, -1.503409355430873e-03, 3.014109000000000e+05, 3.341882006146794e-06, 1.182996673988905e+04, 5.361626499456169e-01, 3.141258754989362e-01
3456, 4.525326631994318e-02, 1.472437470246600e-02, 2.630366653269113e+00, 1.919312846470595e-02, -2.506999134253018e-03, 3.014109000000000e+05, 6.397036791447173e-06, 7.817899477545727e+03, 5.346727298370718e-01, 3.217660772181763e-01
3457, 4.525326631994318e-02, 1.461136720257060e-02, 2.630318342236768e+00, 3.459971234076067e-02, -3.989370219650506e-03, 3.014109000000000e+05, 1.264451419590460e-05, 5.301110917278507e+03, 5.331631633579106e-01, 3.295374147084072e-01
3458, 4.525326631994318e-02, 1.448580330988732e-02, 2.630294907089084e+00, 5.608409250158302e-02, -6.208457672985283e-03, 3.014109000000000e+05, 2.519643126770747e-05, 3.725490738552038e+03, 5.316253215098670e-01, 3.374963832838527e-01
3459, 4.525326631994318e-02, 1.434628787721268e-02, 2.630301877197192e+00, 8.515302005733970e-02, -9.477152902310521e-03, 3.014109000000000e+05, 4.981142981055235e-05, 2.737409976480430e+03, 5.300466018137305e-01, 3.457236764431687e-01
3460, 4.525326631994318e-02, 1.419127073690190e-02, 2.630345128416863e+00, 1.235735166883259e-01, -1.417509258767859e-02, 3.014109000000000e+05, 9.659919307498807e-05, 2.119561697627358e+03, 5.284137149353353e-01, 3.543065646219717e-01
3461, 4.525326631994318e-02, 1.401902946601678e-02, 2.630423684711214e+00, 1.732614843748506e-01, -2.074827692010414e-02, 3.014109000000000e+05, 1.817843693974514e-04, 1.739106304826007e+03, 5.267151097116639e-01, 3.633240977024051e-01
3462, 4.525326631994318e-02, 1.382765027125956e-02, 2.630512924171184e+00, 2.360158743360792e-01, -2.967864552803270e-02, 3.014109000000000e+05, 3.272245836756836e-04, 1.511637912537912e+03, 5.249425572643418e-01, 3.728336576921893e-01
3463, 4.525326631994318e-02, 1.361500672008496e-02, 2.630529659897429e+00, 3.130493775005766e-01, -4.140644252266548e-02, 3.014109000000000e+05, 5.532785139463299e-04, 1.376292141314682e+03, 5.230919874643892e-01, 3.828571588156716e-01
3464, 4.525326631994318e-02, 1.337873611020777e-02, 2.630277964916985e+00, 4.043641275916249e-01, -5.619727346686203e-02, 3.014109000000000e+05, 8.629365280170582e-04, 1.282763879803313e+03, 5.211638176596435e-01, 3.933664198992862e-01
3465, 4.525326631994318e-02, 1.311621321833923e-02, 2.629431382184867e+00, 5.081786734948276e-01, -7.398001892043639e-02, 3.014109000000000e+05, 1.225044035487902e-03, 1.189585009051443e+03, 5.191633072850670e-01, 4.042699730402551e-01
3466, 4.525326631994318e-02, 1.282452111823656e-02, 2.627483442584518e+00, 6.202212081357333e-01, -9.418495142576082e-02, 3.014109000000000e+05, 1.605145104041734e-03, 1.068394949850784e+03, 5.171006850605147e-01, 4.154034403629787e-01
3467, 4.525326631994318e-02, 1.250041877553330e-02, 2.623741060670536e+00, 7.333770368028861e-01, -1.156324431616255e-01, 3.014109000000000e+05, 1.958409493861188e-03, 9.093292217125121e+02, 5.149924438390909e-01, 4.265311587761736e-01
3468, 4.525326631994319e-02, 1.214030506670601e-02, 2.617427590860730e+00, 8.386282987353740e-01, -1.365750185636516e-01, 3.014109000000000e+05, 2.239080324760610e-03, 7.232538976508157e+02, 5.128652874634768e-01, 4.373700724662966e-01
3469, 4.525326631994318e-02, 1.174017873059388e-02, 2.608044842353364e+00, 9.275249790875209e-01, -1.550325408148164e-01, 3.014109000000000e+05, 2.432738743966379e-03, 5.350038871772344e+02, 5.107643641805022e-01, 4.476355004988086e-01
3470, 4.525326631994319e-02, 1.129559391594987e-02, 2.595606651891852e+00, 9.951834564814066e-01, -1.693425480001650e-01, 3.014109000000000e+05, 2.589091637292538e-03, 3.697916669823801e+02, 5.087572807978914e-01, 4.570931630254260e-01
3471, 4.525326631994320e-02, 1.080161078971902e-02, 2.580538244518411e+00, 1.042058951248213e+00, -1.786846423047775e-01, 3.014109000000000e+05, 2.771048842630532e-03, 2.424295799253082e+02, 5.069248175069776e-01, 4.655880105704678e-01
3472, 4.525326631994319e-02, 1.025274064246456e-02, 2.563349798452601e+00, 1.073240457500104e+00, -1.831980967045144e-01, 3.014109000000000e+05, 3.007319528650569e-03, 1.545907912075676e+02, 5.053364573298619e-01, 4.730371475966070e-01
3473, 4.525326631994318e-02, 9.642884911494278e-03, 2.544254250051459e+00, 1.095465604763350e+00, -1.835677282645079e-01, 3.014108999999999e+05, 3.289131318763825e-03, 9.928812288251254e+01, 5.040224692725466e-01, 4.793996013150380e-01
3474, 4.525326631994318e-02, 8.965267442849053e-03, 2.523223982723289e+00, 1.114026384039014e+00, -1.803770765009975e-01, 3.014108999999998e+05, 3.592772401458805e-03, 6.678552363953546e+01, 5.029669899666938e-01, 4.846640659852216e-01
3475, 4.525326631994318e-02, 8.212359142319828e-03, 2.500460201932327e+00, 1.131636212033168e+00, -1.737468604247995e-01, 3.014109000000001e+05, 3.893579320413188e-03, 4.851581771974374e+01, 5.021289425485922e-01, 4.888701551473388e-01
3476, 4.525326631994318e-02, 7.375794365417052e-03, 2.476668739200919e+00, 1.149109529521062e+00, -1.634194829118285e-01, 3.014108999999998e+05, 4.161390935088898e-03, 3.851869813470007e+01, 5.014660827994601e-01, 4.921234268933788e-01
3477, 4.525326631994318e-02, 6.446277951880213e-03, 2.452777678467337e+00, 1.166454896458317e+00, -1.489679226367712e-01, 3.014109000000000e+05, 4.328186974816540e-03, 3.319490821694689e+01, 5.009396594905017e-01, 4.945669791982040e-01
3478, 4.525326631994318e-02, 5.413481934779711e-03, 2.429768006062097e+00, 1.183372575785616e+00, -1.299028166596881e-01, 3.014109000000000e+05, 4.433233100006932e-03, 3.050938283153046e+01, 5.005146925552195e-01, 4.963345525761998e-01
3479, 4.525326631994318e-02, 4.265930804848020e-03, 2.408785323781891e+00, 1.199162146348103e+00, -1.057283068645611e-01, 3.014109000000000e+05, 4.503108723863865e-03, 2.929447201431821e+01, 5.001648131765635e-01, 4.975402832790169e-01
3480, 4.525326631994318e-02, 2.990874000985031e-03, 2.391209190289479e+00, 1.212680034386263e+00, -7.605168828036928e-02, 3.014109000000000e+05, 4.550187751335923e-03, 2.884454780922779e+01, 4.998766804087590e-01, 4.982853189357300e-01
3481, 4.525326631994318e-02, 1.574144215401817e-03, 2.378740189273027e+00, 1.222359811343356e+00, -4.071273870831842e-02, 3.014108999999999e+05, 4.578400128295928e-03, 2.872484629072568e+01, 4.996572094942174e-01, 4.986645565152675e-01
3482, 4.511186909569986e-02, 1.491761752499212e-02, 2.630192768914113e+00, 2.741173833882881e-03, -2.029040862298801e-03, 3.014109000000000e+05, 3.908486702360981e-07, 5.525010578364573e+04, 5.357806386278656e-01, 3.163435665391417e-01
3483, 4.511186909569987e-02, 1.482608144932584e-02, 2.630035775677049e+00, 9.609633369435279e-03, -2.477502940397133e-03, 3.014109000000000e+05, 1.327231946788981e-06, 2.512570473027134e+04, 5.342939295729242e-01, 3.239613111854205e-01
3484, 4.511186909569988e-02, 1.472437470246675e-02, 2.629893379807100e+00, 2.059405122502160e-02, -3.244108661709901e-03, 3.014109000000000e+05, 3.829443198322683e-06, 1.290551538479809e+04, 5.328491071501633e-01, 3.313828835325516e-01
3485, 4.511186909569986e-02, 1.461136720257171e-02, 2.629761827924896e+00, 3.661230406464512e-02, -4.546273686066075e-03, 3.014109000000000e+05, 9.709472369812299e-06, 7.328965010783650e+03, 5.314196105166661e-01, 3.387523180601142e-01
3486, 4.511186909569987e-02, 1.448580330988894e-02, 2.629667866317243e+00, 5.887149568394542e-02, -6.632539718845975e-03, 3.014109000000000e+05, 2.231713065188641e-05, 4.553441065245443e+03, 5.299781898282211e-01, 3.462217830728228e-01
3487, 4.511186909569986e-02, 1.434628787721473e-02, 2.629620650019922e+00, 8.887128932258515e-02, -9.811338227263830e-03, 3.014109000000000e+05, 4.769449780411199e-05, 3.079920994359809e+03, 5.285006952245919e-01, 3.539304458833963e-01
3488, 4.511186909569988e-02, 1.419127073690455e-02, 2.629628780323167e+00, 1.283669319985808e-01, -1.445787623061852e-02, 3.014109000000000e+05, 9.629911864894952e-05, 2.261654285458452e+03, 5.269677551049772e-01, 3.619955138543133e-01
3489, 4.511186909569985e-02, 1.401902946602016e-02, 2.629690310753830e+00, 1.792420683746249e-01, -2.100734922236547e-02, 3.014109000000000e+05, 1.846745956468529e-04, 1.798261952304903e+03, 5.253652709780440e-01, 3.705073872511012e-01
3490, 4.511186909569986e-02, 1.382765027126377e-02, 2.629774064850990e+00, 2.432250489317860e-01, -2.991769284984691e-02, 3.014109000000000e+05, 3.346271258019325e-04, 1.537083109737475e+03, 5.236844809446637e-01, 3.795239872717610e-01
3491, 4.511186909569987e-02, 1.361500672009045e-02, 2.629784507494080e+00, 3.214071968180175e-01, -4.158875429611773e-02, 3.014109000000000e+05, 5.655420108557281e-04, 1.387554881230179e+03, 5.219218520276465e-01, 3.890620682755651e-01
3492, 4.511186909569986e-02, 1.337873611021413e-02, 2.629515337680732e+00, 4.136244196558239e-01, -5.623510641249098e-02, 3.014109000000000e+05, 8.783638614055560e-04, 1.286295514079291e+03, 5.200789761218835e-01, 3.990859086569207e-01
3493, 4.511186909569987e-02, 1.311621321834693e-02, 2.628636289432761e+00, 5.179136525060930e-01, -7.373859147802189e-02, 3.014109000000000e+05, 1.239891885032659e-03, 1.186988361504858e+03, 5.181626916590564e-01, 4.094965744428423e-01
3494, 4.511186909569987e-02, 1.282452111824584e-02, 2.626647192345171e+00, 6.298373602396728e-01, -9.350308277107724e-02, 3.014109000000000e+05, 1.615778918386240e-03, 1.060423529616103e+03, 5.161850943580960e-01, 4.201244609759475e-01
3495, 4.511186909569986e-02, 1.250041877554503e-02, 2.622887893979428e+00, 7.421814036399571e-01, -1.143597601133627e-01, 3.014109000000000e+05, 1.961843823962245e-03, 8.974596461814987e+02, 5.141647894043564e-01, 4.307331824514009e-01
3496, 4.511186909569985e-02, 1.214030506671924e-02, 2.616623472290971e+00, 8.459643207967177e-01, -1.346137092603144e-01, 3.014109000000001e+05, 2.236418487569345e-03, 7.097669937046609e+02, 5.121302598444605e-01, 4.410448247737623e-01
3497, 4.511186909569988e-02, 1.174017873060956e-02, 2.607394888459055e+00, 9.329616843791515e-01, -1.523654922118774e-01, 3.014109000000000e+05, 2.426705615077501e-03, 5.222991291835380e+02, 5.101272965755222e-01, 4.507861023966583e-01
3498, 4.511186909569988e-02, 1.129559391596839e-02, 2.595234081835473e+00, 9.986488554184217e-01, -1.660537526631448e-01, 3.014109000000000e+05, 2.583811374603108e-03, 3.595619674308706e+02, 5.082221409017420e-01, 4.597373717593640e-01
3499, 4.511186909569986e-02, 1.080161078974080e-02, 2.580556354335831e+00, 1.043824635722821e+00, -1.749421661724783e-01, 3.014108999999999e+05, 2.768896756207155e-03, 2.352078254405031e+02, 5.064915599787150e-01, 4.677575253583620e-01
3500, 4.511186909569988e-02, 1.025274064249012e-02, 2.563829522653600e+00, 1.073750592316023e+00, -1.792083540410585e-01, 3.014108999999999e+05, 3.006729899566699e-03, 1.500085246843163e+02, 5.049990515415742e-01, 4.747739132005357e-01
3501, 4.511186909569986e-02, 9.642884911525847e-03, 2.545224815531434e+00, 1.095118159037366e+00, -1.795212182909632e-01, 3.014108999999999e+05, 3.285801085425927e-03, 9.659942973660031e+01, 5.037691714132951e-01, 4.807524741272527e-01
3502, 4.511186909569986e-02, 8.965267442883935e-03, 2.524701937472230e+00, 1.113057253779523e+00, -1.764196915818945e-01, 3.014108999999998e+05, 3.582085076732930e-03, 6.526815668998502e+01, 5.027831421578113e-01, 4.856874729068247e-01
3503, 4.511186909569986e-02, 8.212359142362697e-03, 2.502462955615715e+00, 1.130148446221319e+00, -1.699864956909515e-01, 3.014109000000001e+05, 3.872504604751676e-03, 4.765014771134435e+01, 5.020001311355720e-01, 4.896220615986877e-01
3504, 4.511186909569986e-02, 7.375794365464226e-03, 2.479198819111150e+00, 1.147154031937343e+00, -1.599458073097381e-01, 3.014109000000000e+05, 4.131852375078117e-03, 3.799396898643054e+01, 5.013797317053389e-01, 4.926602314382387e-01
3505, 4.511186909569986e-02, 6.446277951934799e-03, 2.455813195248687e+00, 1.164071441919640e+00, -1.458651700019795e-01, 3.014109000000001e+05, 4.298936539850418e-03, 3.284451770476917e+01, 5.008854643107074e-01, 4.949386780515451e-01
3506, 4.511186909569987e-02, 5.413481934842782e-03, 2.433260013089257e+00, 1.180599605024584e+00, -1.272545262207061e-01, 3.014109000000000e+05, 4.404162402025697e-03, 3.024671597091197e+01, 5.004843287535259e-01, 4.965834130033415e-01
3507, 4.511186909569987e-02, 4.265930804920780e-03, 2.412666900371292e+00, 1.196046350766175e+00, -1.036170451491618e-01, 3.014109000000000e+05, 4.474103828924425e-03, 2.907437351704206e+01, 5.001515868212223e-01, 4.977016378824499e-01
3508, 4.511186909569986e-02, 2.990874001068865e-03, 2.395397157860494e+00, 1.209285470443499e+00, -7.456016815185527e-02, 3.014109000000000e+05, 4.521114206993604e-03, 2.864367483626320e+01, 4.998751783863984e-01, 4.983885785772018e-01
3509, 4.511186909569988e-02, 1.574144215503030e-03, 2.383133563154653e+00, 1.218775157203259e+00, -3.992463623748885e-02, 3.014108999999999e+05, 4.549219139677698e-03, 2.853181252664872e+01, 4.996628507392261e-01, 4.987343490526263e-01
